company CIK,ticker,10k filename
0001090872,A,0001193125-04-216917.txt
0001675149,AA,0001564590-23-002319.txt
0000006201,AAL,0001193125-17-051216.txt
0000824142,AAON,0001026608-13-000024.txt
0001158449,AAP,0001158449-25-000064.txt
0000320193,AAPL,0001628280-16-020309.txt
0001500217,AAT,0001500217-25-000007.txt
0001551152,ABBV,0001551152-25-000020.txt
0001140859,ABC,0001193125-08-243469.txt
0000351569,ABCB,0001193125-15-092877.txt
0001144980,ABG,0001193125-10-044910.txt
0000771497,ABM,0001628280-19-015259.txt
0000815094,ABMD,0001564590-21-029314.txt
0001253986,ABR,0001628280-25-007183.txt
0000001800,ABT,0001628280-25-007110.txt
0001739445,ACA,0001739445-25-000026.txt
0001070494,ACAD,0001564590-21-008372.txt
0000947484,ACGL,0001104659-07-015520.txt
0001520697,ACHC,0001564590-23-002737.txt
0001646972,ACI,0001646972-25-000052.txt
0000935036,ACIW,0001193125-19-058622.txt
0001113232,ACLS,0001558370-25-001855.txt
0000868857,ACM,0001410578-24-002030.txt
0001467373,ACN,0001467373-24-000278.txt
0001823529,ACT,0001823529-25-000070.txt
0000796343,ADBE,0001174947-03-000004.txt
0000917251,ADC,0001558370-25-000803.txt
0001803696,ADEA,0001564590-22-006778.txt
0000006281,ADI,0000950135-08-007596.txt
0000007084,ADM,0000007084-25-000011.txt
0001368514,ADMA,0001193805-21-000411.txt
0001670541,ADNT,0001670541-24-000109.txt
0000008670,ADP,0001206774-12-003634.txt
0000769397,ADSK,0001193125-11-071209.txt
0001468328,ADUS,0001564590-22-007171.txt
0001002910,AEE,0001445305-13-000414.txt
0000927003,AEIS,0001558370-25-001038.txt
0000919012,AEO,0001564590-21-012543.txt
0000004904,AEP,0001015402-05-001007.txt
0000874761,AES,0001193125-13-077580.txt
0001984060,AESI,0000950170-25-026740.txt
0001042046,AFG,0001042046-25-000011.txt
0000004977,AFL,0001193125-12-081967.txt
0000880266,AGCO,0000950144-09-001706.txt
0001273813,AGO,0001273813-25-000011.txt
0000078749,AGYS,0001564590-21-029319.txt
0001725255,AHCO,0001628280-25-007740.txt
0001569187,AHH,0001569187-25-000016.txt
0000005272,AIG,0001104659-22-024701.txt
0000819793,AIN,0001145443-09-000304.txt
0000001750,AIR,0001410578-25-001475.txt
0000109563,AIT,0001362310-08-004784.txt
0001267238,AIZ,0001628280-19-001767.txt
0000354190,AJG,0001564590-22-005714.txt
0001086222,AKAM,0001542567-14-000009.txt
0000899629,AKR,0001564590-21-007196.txt
0001487712,AL,0001628280-25-005392.txt
0000915913,ALB,0001206774-06-000435.txt
0000066756,ALE,0000066756-25-000013.txt
0001545654,ALEX,0001545654-25-000005.txt
0000897077,ALG,0001003297-11-000103.txt
0000866291,ALGM,0000950170-25-076059.txt
0001097149,ALGN,0001445305-14-000789.txt
0001362468,ALGT,0001437749-13-001984.txt
0000766421,ALK,0001193125-09-033073.txt
0001520262,ALKS,0001564590-23-002020.txt
0000899051,ALL,0001047469-15-000935.txt
0001579241,ALLE,0001579241-25-000008.txt
0000040729,ALLY,0001193125-11-047688.txt
0001459200,ALRM,0001459200-25-000004.txt
0001034670,ALV,0001564590-21-006803.txt
0001623925,AM,0001558370-25-000862.txt
0000006951,AMAT,0001193125-11-332050.txt
0001748790,AMCR,0001748790-24-000022.txt
0000002488,AMD,0001628280-21-001185.txt
0001037868,AME,0001193125-20-043133.txt
0000896262,AMED,0001628280-18-002423.txt
0001004434,AMG,0001104659-07-015471.txt
0000318154,AMGN,0001445305-13-000364.txt
0001562401,AMH,0001562401-25-000013.txt
0001047127,AMKR,0001445305-12-000428.txt
0001142750,AMN,0001445305-13-000293.txt
0000820027,AMP,0001104659-07-014265.txt
0001297184,AMPH,0001558370-16-004146.txt
0001704715,AMR,0001704715-25-000010.txt
0001018979,AMSF,0001564590-22-007154.txt
0001053507,AMT,0001193125-15-059026.txt
0002011286,AMTM,0002011286-24-000072.txt
0000794619,AMWD,0001193125-10-151335.txt
0001018724,AMZN,0001193125-13-028520.txt
0000350698,AN,0001193125-11-035910.txt
0000821026,ANDE,0001193125-12-082031.txt
0001596532,ANET,0001596532-25-000028.txt
0001018840,ANF,0001193125-12-134456.txt
0001705110,ANGI,0001705110-25-000018.txt
0001023024,ANIP,0001362310-08-001488.txt
0001013462,ANSS,0001193125-12-074501.txt
0000315293,AON,0001628280-25-006093.txt
0000784199,AORT,0001193125-19-051962.txt
0000091142,AOS,0001193125-20-046736.txt
0001387467,AOSL,0001445305-11-002723.txt
0001841666,APA,0002040266-25-000007.txt
0001517302,APAM,0001517302-25-000015.txt
0000002969,APD,0001193125-16-773346.txt
0001796209,APG,0001628280-25-008189.txt
0000820313,APH,0001558370-25-000714.txt
0001418121,APLE,0001564590-22-005942.txt
0000006845,APOG,0001193125-12-196043.txt
0001433195,APPF,0001433195-25-000013.txt
0001521332,APTV,0001521332-25-000010.txt
0001433270,AR,0001558370-25-000864.txt
0000894405,ARCB,0001558370-25-002037.txt
0001035443,ARE,0001104659-13-014040.txt
0001467760,ARI,0001628280-17-001915.txt
0001736946,ARLO,0001736946-25-000014.txt
0001584509,ARMK,0001584509-24-000212.txt
0001389050,AROC,0001389050-25-000009.txt
0001428205,ARR,0001445305-14-000633.txt
0000007536,ARW,0001859644-23-000005.txt
0000879407,ARWR,0001628280-24-049277.txt
0000007789,ASB,0001193125-15-035516.txt
0000890564,ASGN,0001104659-07-019957.txt
0001674862,ASH,0001674862-17-000090.txt
0001673985,ASIX,0001673985-25-000011.txt
0001817358,ASO,0001817358-25-000027.txt
0000792987,ASTE,0001140361-20-006100.txt
0001083446,ASTH,0001628280-24-008024.txt
0001580808,ATEN,0001628280-19-003017.txt
0000730464,ATGE,0001558370-24-011099.txt
0001018963,ATI,0001628280-25-007092.txt
0000731802,ATO,0001193125-12-466518.txt
0000896622,ATR,0001558370-20-001217.txt
0000718877,ATVI,0001628280-23-004842.txt
0000883948,AUB,0001558370-22-002183.txt
0000104918,AVA,0001564590-21-007774.txt
0001368622,AVAV,0001558370-25-008838.txt
0000915912,AVB,0001193125-12-080629.txt
0001730168,AVGO,0001730168-24-000139.txt
0001606498,AVNS,0001606498-25-000024.txt
0001122976,AVNT,0001628280-15-000652.txt
0000008858,AVT,0001558370-15-001540.txt
0001722482,AVTR,0001722482-25-000015.txt
0000008818,AVY,0001193125-22-049910.txt
0000007431,AWI,0001564590-21-007297.txt
0001410636,AWK,0001564590-17-001899.txt
0001056903,AWR,0001628280-25-006389.txt
0001299709,AX,0001299709-24-000113.txt
0001062231,AXL,0001062231-25-000008.txt
0000004962,AXP,0001193125-17-047588.txt
0001616862,AXTA,0001616862-25-000013.txt
0001144215,AYI,0001193125-09-217720.txt
0000866787,AZO,0001558370-24-013758.txt
0000933974,AZTA,0001558370-23-019262.txt
0000008947,AZZ,0001193125-12-225281.txt
0000012927,BA,0001193125-12-048565.txt
0000070858,BAC,0001193125-10-041666.txt
0001169770,BANC,0001628280-25-009438.txt
0000760498,BANF,0001564590-21-009287.txt
0000946673,BANR,0001445305-14-000845.txt
0000010456,BAX,0001628280-25-007201.txt
0000701985,BBWI,0001193125-11-071220.txt
0000764478,BBY,0001104659-07-034935.txt
0000014930,BC,0001628280-16-011325.txt
0001328581,BCC,0001328581-25-000010.txt
0000078890,BCO,0001193125-07-041211.txt
0000009326,BCPC,0001628280-25-007202.txt
0000913142,BDC,0001193125-16-477756.txt
0000790816,BDN,0001564590-19-003921.txt
0000010795,BDX,0001628280-22-030686.txt
0000038777,BEN,0001193125-10-261858.txt
0000014693,BF-B,0001193125-12-285018.txt
0001101215,BFH,0001193125-10-043956.txt
0000907254,BFS,0001193125-13-105306.txt
0001094831,BGC,0001628280-25-009421.txt
0001278027,BGS,0001558370-25-001513.txt
0000863436,BHE,0001564590-21-009779.txt
0001685040,BHF,0001685040-25-000010.txt
0001108134,BHLB,0001362310-09-003874.txt
0000875045,BIIB,0001193125-12-039072.txt
0001786352,BILL,0001786352-24-000035.txt
0000012208,BIO,0000012208-25-000007.txt
0001531152,BJ,0001531152-25-000013.txt
0001013488,BJRI,0001564590-22-006872.txt
0001390777,BK,0001628280-15-001194.txt
0000885245,BKE,0001157523-13-001668.txt
0001130464,BKH,0001130464-22-000004.txt
0001075531,BKNG,0001104659-11-010302.txt
0001701605,BKR,0001701605-25-000035.txt
0001504008,BKU,0001504008-25-000005.txt
0001666134,BL,0001666134-25-000003.txt
0001633931,BLD,0001558370-25-001495.txt
0000834365,BLFS,0001628280-25-009511.txt
0002012383,BLK,0000950170-25-026584.txt
0001280058,BLKB,0001280058-25-000010.txt
0001546417,BLMN,0001546417-25-000034.txt
0000009092,BMI,0001564590-22-006284.txt
0001048477,BMRN,0001564590-19-005033.txt
0000014272,BMY,0001193125-13-061678.txt
0000046195,BOH,0001564590-23-002876.txt
0001610250,BOOT,0001558370-25-007889.txt
0001372612,BOX,0001564590-21-014377.txt
0001383312,BR,0001383312-24-000039.txt
0001772016,BRBR,0001772016-24-000108.txt
0000746598,BRC,0001193125-12-406801.txt
0001067983,BRK-B,0001564590-22-007322.txt
0001049782,BRKL,0001445305-14-000816.txt
0001109354,BRKR,0001193125-22-056531.txt
0000079282,BRO,0001564590-21-007624.txt
0001581068,BRX,0001581068-25-000009.txt
0001748824,BSIG,0001748824-25-000016.txt
0000885725,BSX,0001072613-09-000419.txt
0001064728,BTU,0001064728-25-000018.txt
0001579298,BURL,0001564590-21-013162.txt
0000908255,BWA,0000950137-09-001021.txt
0001486957,BWXT,0001486957-25-000008.txt
0001061630,BXMT,0001193805-13-000696.txt
0001037540,BXP,0001656423-25-000009.txt
0000906553,BYD,0001445305-11-000424.txt
0000831001,C,0001206774-13-000852.txt
0001632127,CABO,0001632127-25-000033.txt
0000016058,CACI,0001564590-22-029077.txt
0000023217,CAG,0001628280-17-007184.txt
0000721371,CAH,0001193125-11-233322.txt
0000887596,CAKE,0001410578-25-000195.txt
0000014707,CAL,0001437749-20-006641.txt
0000016160,CALM,0001562762-25-000170.txt
0001406666,CALX,0001628280-22-003338.txt
0000723612,CAR,0001193125-13-068169.txt
0001494259,CARG,0001564590-21-005612.txt
0001783180,CARR,0001783180-25-000008.txt
0001683606,CARS,0001564590-21-008812.txt
0001579091,CART,0001579091-25-000015.txt
0000907471,CASH,0001140361-15-044316.txt
0000726958,CASY,0001193125-14-253245.txt
0000018230,CAT,0001104659-12-011331.txt
0000861842,CATY,0001437749-25-005749.txt
0001639438,CAVA,0001628280-25-007882.txt
0000896159,CB,0001193125-12-078111.txt
0001374310,CBOE,0001628280-25-006984.txt
0001138118,CBRE,0001564590-20-008056.txt
0001067294,CBRL,0001558370-24-013061.txt
0000022356,CBSH,0000950137-09-001320.txt
0000016040,CBT,0001564590-22-038228.txt
0000723188,CBU,0001410578-25-000247.txt
0001627223,CC,0001627223-16-000066.txt
0001051470,CCI,0001445305-11-000263.txt
0001219601,CCK,0001219601-25-000009.txt
0000815097,CCL,0001193125-14-025514.txt
0001158324,CCOI,0001410578-25-000226.txt
0001576940,CCS,0001576940-25-000006.txt
0001725057,CDAY,0001564590-21-009508.txt
0000813672,CDNS,0001193125-12-076117.txt
0000860546,CDP,0001104659-09-013162.txt
0001402057,CDW,0001402057-25-000018.txt
0001306830,CE,0001306830-25-000027.txt
0001341766,CELH,0001829126-21-001412.txt
0000887733,CENTA,0001628280-16-021764.txt
0000949157,CENX,0000950123-06-003288.txt
0001827090,CERT,0001827090-25-000014.txt
0001173489,CEVA,0001437749-25-005523.txt
0001324404,CF,0001628280-15-001077.txt
0001490906,CFFN,0001490906-24-000035.txt
0000759944,CFG,0000759944-25-000013.txt
0000039263,CFR,0001193125-13-045916.txt
0001527166,CG,0001628280-15-001092.txt
0000851205,CGNX,0001193125-14-051054.txt
0000726854,CHCO,0001193125-06-047029.txt
0000313927,CHD,0001564590-22-005528.txt
0000020212,CHDN,0001193125-12-109920.txt
0000019584,CHE,0001562762-25-000038.txt
0001517175,CHEF,0001628280-18-003044.txt
0001046311,CHH,0001193125-11-051437.txt
0001486159,CHRD,0001486159-25-000005.txt
0001043277,CHRW,0001628280-15-001350.txt
0001091667,CHTR,0001091667-25-000034.txt
0001766502,CHWY,0001766502-25-000014.txt
0001739940,CI,0001739940-25-000009.txt
0000936395,CIEN,0000950133-08-004117.txt
0000020286,CINF,0001144204-13-011557.txt
0001509589,CIVI,0001558370-15-000218.txt
0000021665,CL,0001628280-16-011343.txt
0001958086,CLB,0000950170-25-019072.txt
0000764065,CLF,0001193125-12-065138.txt
0000822818,CLH,0001445305-13-000500.txt
0000827876,CLSK,0001663577-21-000668.txt
0000021076,CLX,0001628280-17-008700.txt
0000028412,CMA,0001193125-11-049884.txt
0000022444,CMC,0000950134-08-018786.txt
0001166691,CMCSA,0001193125-17-030512.txt
0001156375,CME,0001193125-11-050252.txt
0001058090,CMG,0001562762-24-000023.txt
0000026172,CMI,0001104659-07-014278.txt
0000811156,CMS,0001193125-12-074276.txt
0001071739,CNC,0001193125-06-038095.txt
0001567094,CNH,0001628280-25-009007.txt
0001385280,CNK,0001564590-21-009190.txt
0001856525,CNM,0001856525-25-000081.txt
0000816956,CNMD,0000914317-11-000319.txt
0001224608,CNO,0001224608-25-000006.txt
0001130310,CNP,0001130310-25-000040.txt
0001710366,CNR,0001710366-25-000010.txt
0001284812,CNS,0001284812-25-000087.txt
0001070412,CNX,0001193125-11-030435.txt
0001803599,CNXC,0001803599-25-000022.txt
0001050377,CNXN,0001558370-25-001382.txt
0000927628,COF,0001193125-14-073467.txt
0000820318,COHR,0001564590-19-032471.txt
0000021535,COHU,0001437749-25-004612.txt
0000317540,COKE,0001564590-20-006432.txt
0000887343,COLB,0001193125-11-051645.txt
0001267565,COLL,0001558370-25-001801.txt
0001050797,COLM,0001193125-12-085007.txt
0002014596,CON,0002014596-25-000011.txt
0000711404,COO,0001193125-11-343993.txt
0000933136,COOP,0001564590-18-004269.txt
0001163165,COP,0001562762-22-000031.txt
0001088856,CORT,0001628280-25-008167.txt
0000909832,COST,0001445305-13-002422.txt
0001024305,COTY,0001024305-24-000035.txt
0000016732,CPB,0000950123-11-087197.txt
0000701347,CPF,0001140361-13-009841.txt
0000019745,CPK,0001628280-25-008213.txt
0001530721,CPRI,0001530721-25-000052.txt
0000900075,CPRT,0001628280-15-007286.txt
0001369568,CPRX,0001193125-24-050908.txt
0000906345,CPT,0001362310-09-002467.txt
0001944013,CR,0001628280-25-008728.txt
0001609253,CRC,0001628280-15-001108.txt
0001866175,CRGY,0001866175-25-000024.txt
0001060822,CRI,0001104659-07-014975.txt
0000023194,CRK,0001564590-20-008081.txt
0001100682,CRL,0001628280-15-000785.txt
0001108524,CRM,0001193125-14-084762.txt
0001334036,CROX,0001628280-18-002437.txt
0000017843,CRS,0001193125-11-231043.txt
0001743759,CRSR,0001564590-23-002592.txt
0000772406,CRUS,0001206774-12-002462.txt
0000874866,CRVL,0001564590-21-030813.txt
0000858877,CSCO,0001193125-12-388590.txt
0001057352,CSGP,0001057352-25-000016.txt
0001005757,CSGS,0001564590-21-006874.txt
0000790051,CSL,0001558370-17-000547.txt
0000798359,CSR,0001628280-21-002665.txt
0001624794,CSWI,0001624794-25-000056.txt
0000277948,CSX,0001193125-07-032135.txt
0000723254,CTAS,0001104659-06-053974.txt
0001831915,CTKB,0001628280-25-008780.txt
0001596783,CTLT,0001596783-24-000087.txt
0000858470,CTRA,0001628280-15-001120.txt
0001590717,CTRE,0001628280-25-005118.txt
0000026058,CTS,0001564590-22-007183.txt
0001058290,CTSH,0001193125-14-067531.txt
0001755672,CTVA,0001755672-25-000005.txt
0001298675,CUBE,0001558370-16-003304.txt
0001488813,CUBI,0001628280-16-011747.txt
0002027317,CURB,0000950170-25-024834.txt
0000025232,CUZ,0001193125-12-070500.txt
0000354647,CVBF,0001193125-21-063327.txt
0000278166,CVCO,0001445305-13-001462.txt
0001376139,CVI,0001376139-25-000008.txt
0001169561,CVLT,0001628280-15-003946.txt
0000064803,CVS,0001558370-18-000707.txt
0000093410,CVX,0000950149-07-000074.txt
0000026324,CW,0000950117-06-001076.txt
0001567683,CWEN,0001567683-25-000007.txt
0001628369,CWK,0001628369-25-000005.txt
0001035201,CWT,0001047469-15-001307.txt
0001569345,CXM,0001569345-25-000019.txt
0000025445,CXT,0001628280-25-006754.txt
0001070985,CXW,0001564590-22-005663.txt
0001061983,CYTK,0001564590-22-007218.txt
0001590895,CZR,0001590895-25-000068.txt
0000715957,D,0001564590-22-006589.txt
0000027904,DAL,0001445305-13-000209.txt
0000026780,DAN,0001437749-25-004554.txt
0000916540,DAR,0000916540-25-000008.txt
0001467623,DBX,0001467623-25-000011.txt
0000029644,DCI,0001628280-16-019746.txt
0000846617,DCOM,0001571049-17-002297.txt
0000315189,DE,0001558370-24-016169.txt
0001622194,DEA,0001564590-22-007604.txt
0001364250,DEI,0001364250-25-000014.txt
0001825088,DFH,0001825088-25-000014.txt
0001669811,DFIN,0001564590-21-008822.txt
0001393612,DFS,0001393612-25-000009.txt
0000029534,DG,0001558370-25-003413.txt
0000854775,DGII,0000950137-08-014268.txt
0001022079,DGX,0001022079-25-000044.txt
0000882184,DHI,0000950134-08-021337.txt
0000313616,DHR,0001193125-12-076756.txt
0001915657,DINO,0001915657-25-000019.txt
0000029002,DIOD,0001564590-21-007008.txt
0001744489,DIS,0001744489-24-000276.txt
0001001082,DISH,0001558370-25-002818.txt
0001089063,DKS,0001193125-04-059174.txt
0001308547,DLB,0001628280-24-048519.txt
0001297996,DLR,0001558370-25-001424.txt
0000935703,DLTR,0001193125-05-076605.txt
0000027996,DLX,0001140361-12-010738.txt
0001599617,DNOW,0001564590-21-006229.txt
0001582961,DOCN,0001582961-25-000035.txt
0001516513,DOCS,0001516513-25-000056.txt
0001261333,DOCU,0001261333-25-000024.txt
0000868780,DORM,0001628280-23-005712.txt
0000029905,DOV,0000950123-11-012422.txt
0001751788,DOW,0001751788-25-000012.txt
0001286681,DPZ,0001193125-21-055734.txt
0001298946,DRH,0001445305-13-000424.txt
0000940944,DRI,0001193125-11-194810.txt
0001042893,DRQ,0001564590-21-008917.txt
0001773383,DT,0001773383-25-000065.txt
0000936340,DTE,0000950152-09-001957.txt
0001842022,DTM,0001842022-25-000003.txt
0001326160,DUK,0001326160-25-000072.txt
0001562088,DUOL,0001562088-25-000042.txt
0001819928,DV,0001558370-25-001814.txt
0000927066,DVA,0001564590-17-002409.txt
0001029142,DVAX,0001564590-21-008833.txt
0001090012,DVN,0001564590-22-005321.txt
0001688568,DXC,0001688568-25-000029.txt
0001093557,DXCM,0001193125-13-069590.txt
0001020710,DXPE,0001140361-18-015469.txt
0000067215,DY,0000950144-08-006879.txt
0000712515,EA,0001193125-12-249324.txt
0000703351,EAT,0001193125-12-369923.txt
0001065088,EBAY,0001193125-10-033324.txt
0002015845,ECG,0002015845-25-000012.txt
0000031462,ECL,0001558370-25-001263.txt
0001084961,ECPG,0001193125-14-067404.txt
0001047862,ED,0001193125-15-054350.txt
0001029199,EEFT,0001213900-25-017068.txt
0001411342,EFC,0001411342-25-000015.txt
0000033185,EFX,0001628280-15-001024.txt
0001050441,EGBN,0001387131-19-001635.txt
0000049600,EGP,0000049600-25-000019.txt
0000785161,EHC,0001442643-09-000012.txt
0001379041,EIG,0001379041-25-000049.txt
0000827052,EIX,0001193125-07-042000.txt
0001001250,EL,0001104659-19-047085.txt
0001600033,ELF,0001600033-25-000016.txt
0000104894,ELME,0001193125-11-047462.txt
0000895417,ELS,0001193125-12-086486.txt
0001156039,ELV,0001193125-13-071165.txt
0001872789,EMBC,0001872789-24-000037.txt
0000105634,EME,0001193125-12-079814.txt
0000915389,EMN,0000950144-03-002908.txt
0000032604,EMR,0001193125-06-239412.txt
0001420800,ENOV,0001420800-25-000009.txt
0001463101,ENPH,0001463101-25-000024.txt
0001632790,ENR,0001632790-24-000102.txt
0001289308,ENS,0001289308-25-000017.txt
0001125376,ENSG,0001445305-11-000273.txt
0001101302,ENTG,0001193125-13-071771.txt
0001529864,ENVA,0001564590-21-009434.txt
0000821189,EOG,0000821189-25-000011.txt
0000006955,EPAC,0001193125-12-437816.txt
0001352010,EPAM,0001352010-25-000007.txt
0001096752,EPC,0001628280-24-047916.txt
0001045450,EPR,0001193125-11-051389.txt
0001728951,EPRT,0001728951-25-000031.txt
0001333986,EQH,0001333986-25-000011.txt
0001101239,EQIX,0001628280-25-005126.txt
0000906107,EQR,0001564590-22-005566.txt
0000033213,EQT,0001104659-14-011816.txt
0000072741,ES,0000072741-25-000007.txt
0001877322,ESAB,0001877322-25-000021.txt
0000866706,ESE,0001410578-24-002064.txt
0001590714,ESI,0001590714-25-000022.txt
0001448893,ESNT,0001628280-17-001400.txt
0000920522,ESS,0001140361-14-009793.txt
0000896156,ETD,0001437749-24-027664.txt
0001551182,ETN,0001551182-25-000006.txt
0000065984,ETR,0000065984-25-000012.txt
0001370637,ETSY,0001370637-25-000017.txt
0001360901,EVR,0001360901-25-000005.txt
0001711269,EVRG,0001711269-25-000004.txt
0001559865,EVTC,0001559865-25-000007.txt
0001099800,EW,0001099800-25-000005.txt
0001069157,EWBC,0001628280-18-002352.txt
0001109357,EXC,0001628280-19-001107.txt
0000939767,EXEL,0001628280-21-001852.txt
0001297989,EXLS,0001628280-16-011841.txt
0000918646,EXP,0001564590-21-029341.txt
0000746515,EXPD,0001564590-22-010381.txt
0001324424,EXPE,0001324424-25-000008.txt
0001495932,EXPI,0001683168-18-001030.txt
0000851520,EXPO,0001564590-22-007169.txt
0001289490,EXR,0001628280-25-009060.txt
0001078271,EXTR,0001564590-22-030248.txt
0001710155,EYE,0001710155-25-000011.txt
0000876523,EZPW,0001035704-02-000641.txt
0000037996,F,0001157523-11-001210.txt
0001472787,FAF,0001564590-22-005550.txt
0001539838,FANG,0001539838-25-000021.txt
0000815556,FAST,0001193125-12-048575.txt
0001519751,FBIN,0001564590-21-008129.txt
0001649749,FBK,0001649749-25-000035.txt
0000811589,FBNC,0001628280-20-002559.txt
0001057706,FBP,0001193125-13-136825.txt
0001562528,FBRT,0001628280-15-002936.txt
0000712537,FCF,0001193125-13-105350.txt
0000840489,FCFS,0000926236-12-000020.txt
0000887936,FCN,0001564590-17-002713.txt
0001650132,FCPT,0001650132-24-000045.txt
0000831259,FCX,0000831259-25-000006.txt
0001047340,FDP,0001445305-13-000252.txt
0001013237,FDS,0001437749-19-020894.txt
0001048911,FDX,0001564590-21-037031.txt
0001031296,FE,0001031296-25-000006.txt
0000038725,FELE,0000038725-25-000026.txt
0000708955,FFBC,0001144204-11-011533.txt
0000036029,FFIN,0001193125-21-050937.txt
0001048695,FFIV,0001445305-14-005262.txt
0000036377,FHB,0001558370-25-001943.txt
0001056288,FHI,0001193125-11-042224.txt
0000036966,FHN,0000950144-03-003353.txt
0001136893,FIS,0001193125-05-048033.txt
0000798354,FISV,0001628280-16-011435.txt
0000035527,FITB,0001193125-20-057751.txt
0001177609,FIVE,0001628280-17-002866.txt
0001035983,FIX,0001558370-25-001222.txt
0000069891,FIZZ,0001437749-25-022007.txt
0000850209,FL,0001558370-19-002753.txt
0000866374,FLEX,0001628280-16-016576.txt
0000910073,FLG,0001564590-21-009479.txt
0001128928,FLO,0001564590-22-006065.txt
0001124198,FLR,0001628280-25-005924.txt
0000030625,FLS,0001628280-18-002486.txt
0001175454,FLT,0001628280-25-008746.txt
0000037785,FMC,0001193125-11-041464.txt
0001408710,FN,0001408710-24-000032.txt
0000037808,FNB,0001193125-17-053369.txt
0001507079,FND,0001558370-20-001086.txt
0001331875,FNF,0001331875-25-000013.txt
0001039399,FORM,0001445305-13-000585.txt
0001794669,FOUR,0001794669-25-000011.txt
0001754301,FOXA,0001628280-24-036123.txt
0001424929,FOXF,0001424929-25-000007.txt
0000921825,FR,0001193125-13-086804.txt
0001611647,FRPT,0001611647-25-000007.txt
0000034903,FRT,0001193125-11-036800.txt
0000277509,FSS,0001193125-13-109337.txt
0001727263,FTDR,0001727263-19-000003.txt
0001262039,FTNT,0001262039-25-000011.txt
0001965040,FTRE,0001965040-25-000015.txt
0001659166,FTV,0001659166-25-000024.txt
0000039368,FUL,0001437749-25-001699.txt
0000700564,FULT,0001193125-11-051784.txt
0001999001,FUN,0001999001-25-000052.txt
0000912728,FWRD,0001628280-25-014482.txt
0000020520,FYBR,0001562762-25-000028.txt
0001398659,G,0001564590-21-009746.txt
0000039911,GAP,0001193125-12-132098.txt
0000040211,GATX,0001445305-13-000340.txt
0000868671,GBCI,0001193125-12-084958.txt
0000923120,GBX,0001564590-21-052050.txt
0000040533,GD,0001193125-12-066385.txt
0001071255,GDEN,0001564590-20-010818.txt
0001743725,GDYN,0001628280-25-008723.txt
0000040545,GE,0001193125-11-047479.txt
0000043920,GEF,0001193125-15-408980.txt
0000849399,GEN,0001193125-18-309091.txt
0000923796,GEO,0001564590-22-007652.txt
0000912463,GES,0001104659-07-015064.txt
0000050725,GFF,0001104659-06-081561.txt
0000042888,GGG,0001193125-14-056452.txt
0000104889,GHC,0001193125-11-053497.txt
0000821002,GIII,0001571049-17-003132.txt
0000882095,GILD,0001193125-12-075335.txt
0000040704,GIS,0001193125-25-147079.txt
0001192448,GKOS,0001558370-25-001402.txt
0000320335,GL,0001193125-15-069449.txt
0001575965,GLPI,0001575965-25-000008.txt
0000024741,GLW,0001628280-25-005347.txt
0001467858,GM,0001467858-25-000032.txt
0001326380,GME,0001628280-25-014731.txt
0001237831,GMED,0001562762-25-000026.txt
0001600438,GMS,0001628280-25-032103.txt
0001526113,GNL,0001526113-25-000007.txt
0001474735,GNRC,0001474735-14-000005.txt
0000355811,GNTX,0001362310-09-002680.txt
0001276520,GNW,0001193125-25-041860.txt
0001771515,GO,0001771515-25-000017.txt
0001537054,GOGO,0001564590-21-012575.txt
0001672013,GOLF,0001672013-25-000009.txt
0001652044,GOOGL,0001652044-25-000014.txt
0000040987,GPC,0001193125-16-479829.txt
0001031203,GPI,0001193125-12-052522.txt
0001408075,GPK,0001408075-25-000007.txt
0001123360,GPN,0001193125-11-196004.txt
0001373670,GRBK,0001373670-25-000007.txt
0001121788,GRMN,0001615774-19-002739.txt
0000886982,GS,0001193125-22-052682.txt
0001726978,GSHD,0001726978-25-000016.txt
0000042582,GT,0001564590-21-004857.txt
0001718512,GTES,0001718512-25-000013.txt
0000892553,GTLS,0001445305-12-000510.txt
0001794515,GTM,0001794515-25-000045.txt
0001052752,GTY,0001564590-22-006773.txt
0000861459,GVA,0001564590-19-003791.txt
0001528396,GWRE,0001528396-24-000105.txt
0000277135,GWW,0000277135-25-000010.txt
0001852244,GXO,0001852244-25-000007.txt
0001468174,H,0001468174-25-000009.txt
0000313143,HAE,0001169232-05-003081.txt
0001109242,HAFC,0001628280-19-002348.txt
0000045012,HAL,0000045012-25-000010.txt
0001159036,HALO,0001483813-13-000033.txt
0000046080,HAS,0001193125-19-052025.txt
0001561894,HASI,0001561894-25-000007.txt
0001834622,HAYW,0001834622-25-000009.txt
0000049196,HBAN,0001193125-15-049355.txt
0001359841,HBI,0001359841-25-000008.txt
0000860730,HCA,0001193125-22-046707.txt
0001691303,HCC,0001691303-25-000010.txt
0001400810,HCI,0001564590-21-012867.txt
0000731012,HCSG,0001193125-12-075632.txt
0000354950,HD,0001193125-11-076501.txt
0000916789,HELE,0001558370-18-003549.txt
0000004447,HES,0001628280-25-008716.txt
0001046025,HFWA,0001193125-13-093956.txt
0001674168,HGV,0001628280-25-009254.txt
0001417398,HI,0001417398-24-000256.txt
0000874766,HIG,0001362310-09-001777.txt
0001501585,HII,0001501585-25-000006.txt
0001773751,HIMS,0001773751-25-000062.txt
0000921082,HIW,0001193125-07-044498.txt
0001302215,HLI,0001302215-25-000024.txt
0000851310,HLIT,0001193125-13-087640.txt
0001433642,HLNE,0001433642-25-000052.txt
0001585689,HLT,0001585689-25-000008.txt
0000866829,HLX,0001558370-25-001617.txt
0000850141,HMN,0001628280-25-008838.txt
0000048287,HNI,0001140361-10-008626.txt
0000793952,HOG,0001445305-13-000288.txt
0000859737,HOLX,0001193125-13-453681.txt
0001331520,HOMB,0001564590-21-009329.txt
0000773840,HON,0000950117-06-000980.txt
0001128361,HOPE,0001628280-15-001373.txt
0000046765,HP,0001558370-18-009412.txt
0001645590,HPE,0001645590-24-000139.txt
0000047217,HPQ,0001047469-15-009251.txt
0001428336,HQY,0001428336-25-000009.txt
0001360604,HR,0001445305-13-000428.txt
0000012659,HRB,0001838862-24-000030.txt
0000048465,HRL,0001104659-17-074227.txt
0001802665,HRMY,0001564590-21-015274.txt
0001000228,HSIC,0001125282-01-001159.txt
0001066605,HSII,0001628280-16-012581.txt
0001070750,HST,0001564590-21-008676.txt
0001095565,HSTM,0001564590-21-008985.txt
0000047111,HSY,0001193125-12-067143.txt
0001265131,HTH,0001558370-25-001023.txt
0000799233,HTLD,0000799233-25-000008.txt
0001657853,HTZ,0001657853-25-000015.txt
0000940942,HUBG,0001564590-21-009409.txt
0000049071,HUM,0001193125-14-058508.txt
0000750577,HWC,0001564590-22-007023.txt
0000046250,HWKN,0001193125-12-256380.txt
0000004281,HWM,0001193125-17-062657.txt
0000717605,HXL,0001564590-21-004881.txt
0001057060,HZO,0001564590-21-057762.txt
0001800227,IAC,0001800227-25-000013.txt
0000917520,IART,0001362310-09-003062.txt
0001381197,IBKR,0001381197-25-000036.txt
0000051143,IBM,0001558370-23-002376.txt
0000315709,IBOC,0001558370-25-001782.txt
0001580905,IBP,0001628280-21-003085.txt
0001571949,ICE,0001571949-25-000003.txt
0001652535,ICHR,0001628280-25-006992.txt
0000883984,ICUI,0001145443-05-000518.txt
0001057877,IDA,0001057877-25-000014.txt
0001405495,IDCC,0001405495-25-000011.txt
0000874716,IDXX,0001362310-09-002521.txt
0000832101,IEX,0001445305-14-000435.txt
0000051253,IFF,0001193125-13-077028.txt
0000764401,IIIN,0001437749-24-031988.txt
0001677576,IIPR,0001558370-25-001322.txt
0001110803,ILMN,0001110803-25-000019.txt
0000879169,INCY,0001628280-25-004633.txt
0000776901,INDB,0001193125-12-106946.txt
0001046257,INGR,0001558370-22-001549.txt
0001497645,INN,0001497645-25-000013.txt
0001609550,INSP,0001609550-25-000011.txt
0001679049,INSW,0001558370-25-001691.txt
0000050863,INTC,0001193125-13-065416.txt
0000896878,INTU,0000950134-08-016540.txt
0001080014,INVA,0001104659-21-028328.txt
0001687229,INVH,0001687229-25-000008.txt
0001054905,IOSP,0001564590-15-000732.txt
0000051434,IP,0001193125-12-081097.txt
0000822663,IPAR,0001753926-25-000424.txt
0000051644,IPG,0001193125-11-046438.txt
0001111928,IPGP,0001193125-13-084799.txt
0001478242,IQV,0001564590-20-004901.txt
0001699150,IR,0001628280-25-006391.txt
0001418819,IRDM,0001628280-25-005302.txt
0001020569,IRM,0001104659-07-015493.txt
0001466085,IRT,0001564590-22-006764.txt
0001035267,ISRG,0001193125-13-036675.txt
0000749251,IT,0001145443-04-000310.txt
0001114483,ITGR,0001193125-13-080167.txt
0000780571,ITRI,0001193125-11-045950.txt
0000216228,ITT,0001193125-13-080241.txt
0000049826,ITW,0001193125-12-067004.txt
0000914208,IVZ,0000950144-08-001518.txt
0000807882,JACK,0001193125-11-320975.txt
0001232524,JAZZ,0001232524-25-000011.txt
0001689796,JBGS,0001689796-20-000003.txt
0000728535,JBHT,0001437749-25-004736.txt
0001158463,JBLU,0001628280-21-003705.txt
0000880117,JBSS,0001193125-22-228530.txt
0001433660,JBT,0001628280-16-012004.txt
0000833444,JCI,0001047469-12-010665.txt
0000096223,JEF,0001628280-25-002833.txt
0001274173,JHG,0001558370-23-002417.txt
0000785956,JJSF,0001437749-24-036279.txt
0000779152,JKHY,0000926236-11-000072.txt
0001037976,JLL,0001193125-11-047001.txt
0000200406,JNJ,0001193125-12-075565.txt
0001043604,JNPR,0001445305-11-000332.txt
0000745308,JOE,0001558370-25-001603.txt
0000019617,JPM,0001193125-08-043536.txt
0001822993,JXN,0001822993-25-000011.txt
0000055067,K,0001628280-25-007118.txt
0000886346,KAI,0001193125-12-114609.txt
0000811596,KALU,0001564590-22-008034.txt
0001395942,KAR,0001395942-25-000007.txt
0000795266,KBH,0001193125-12-028044.txt
0001357615,KBR,0001357615-25-000018.txt
0001867072,KD,0001558370-25-008282.txt
0001418135,KDP,0001445305-11-000302.txt
0000056047,KEX,0001193125-12-083165.txt
0000091576,KEY,0001193125-16-475914.txt
0001601046,KEYS,0001601046-24-000159.txt
0000056679,KFY,0001628280-25-033260.txt
0001637459,KHC,0001637459-25-000011.txt
0000879101,KIM,0001437749-24-005407.txt
0000319201,KLAC,0001445305-11-002394.txt
0001959348,KLG,0001628280-25-007817.txt
0000056978,KLIC,0001193125-08-251411.txt
0000055785,KMB,0001193125-11-043300.txt
0001506307,KMI,0001506307-25-000008.txt
0000860748,KMPR,0001193125-11-023337.txt
0000055242,KMT,0001193125-12-351892.txt
0001170010,KMX,0001193125-12-182512.txt
0001587523,KN,0001587523-25-000010.txt
0001955520,KNF,0001955520-25-000010.txt
0001669162,KNSL,0001669162-25-000010.txt
0001492691,KNX,0001492691-25-000013.txt
0000021344,KO,0001193125-08-041768.txt
0001315257,KOP,0001564590-22-006039.txt
0000056873,KR,0001558370-25-004267.txt
0001025996,KRC,0001193125-10-028880.txt
0001631596,KREF,0001631596-25-000012.txt
0001286043,KRG,0001286043-25-000014.txt
0001711279,KRYS,0001711279-25-000008.txt
0000885639,KSS,0001564590-21-014145.txt
0001760965,KTB,0001760965-25-000011.txt
0001069258,KTOS,0001628280-19-002271.txt
0001408100,KW,0001445305-11-000412.txt
0000081362,KWR,0001193125-11-053672.txt
0000060086,L,0001193125-20-031657.txt
0001023128,LAD,0001437749-17-003434.txt
0001090425,LAMR,0001628280-25-006706.txt
0000057515,LANC,0001193125-13-352262.txt
0001694028,LBRT,0001694028-25-000056.txt
0000763744,LCII,0001437749-14-003110.txt
0001336920,LDOS,0001336920-25-000006.txt
0000842162,LEA,0001193125-14-043696.txt
0000059527,LECO,0001445305-13-000291.txt
0000058492,LEG,0001193125-12-078429.txt
0000920760,LEN,0001628280-25-002404.txt
0000889331,LFUS,0001437749-18-003245.txt
0001580670,LGIH,0001580670-25-000016.txt
0000886163,LGND,0001193125-12-075655.txt
0000920148,LH,0001169232-07-001103.txt
0000202058,LHX,0001193125-15-308363.txt
0001707925,LIN,0001707925-20-000015.txt
0001633978,LITE,0001633978-20-000011.txt
0001639691,LIVN,0001639691-25-000010.txt
0000721994,LKFN,0001104659-21-026486.txt
0001065696,LKQ,0001193125-12-081978.txt
0000059478,LLY,0001193125-12-078393.txt
0001158895,LMAT,0001437749-25-005637.txt
0000936468,LMT,0001193125-17-036192.txt
0000059558,LNC,0001362310-09-002975.txt
0000836157,LNN,0001564590-21-051450.txt
0000352541,LNT,0001193125-12-081622.txt
0001521036,LNTH,0001628280-25-007970.txt
0000750004,LNW,0001445305-14-001061.txt
0001434588,LOPE,0001558370-25-001150.txt
0000060667,LOW,0000060667-25-000049.txt
0001596993,LPG,0001596993-25-000034.txt
0000060519,LPX,0001793498-20-000014.txt
0001235468,LQDT,0001628280-17-012164.txt
0000707549,LRCX,0001193125-15-290023.txt
0001157408,LRN,0001558370-24-011134.txt
0000855658,LSCC,0001437749-25-003987.txt
0000853816,LSTR,0001193125-25-033543.txt
0000887905,LTC,0001558370-25-001395.txt
0000018926,LUMN,0001445305-14-000656.txt
0000092380,LUV,0001193125-13-041608.txt
0001300514,LVS,0001445305-14-000758.txt
0001679273,LW,0001679273-25-000049.txt
0000910108,LXP,0001444838-25-000023.txt
0001489393,LYB,0001489393-25-000008.txt
0001335258,LYV,0001335258-25-000028.txt
0000057131,LZB,0001144204-12-035439.txt
0000794367,M,0001628280-25-014315.txt
0001141391,MA,0001193125-11-044721.txt
0000912595,MAA,0001564590-21-006666.txt
0000912242,MAC,0001047469-13-001491.txt
0000871763,MAN,0001564590-21-006974.txt
0001056696,MANH,0001564590-22-004100.txt
0001048286,MAR,0001628280-25-004818.txt
0001507605,MARA,0001628280-24-007680.txt
0000062996,MAS,0001193125-13-062852.txt
0000937556,MASI,0001193125-13-061008.txt
0000063276,MAT,0001628280-25-007887.txt
0000063296,MATW,0000063296-24-000094.txt
0000003453,MATX,0001558370-25-001875.txt
0001941365,MBC,0001941365-25-000016.txt
0001596967,MC,0001564590-21-008170.txt
0000063908,MCD,0001193125-12-077317.txt
0000827054,MCHP,0001628280-18-006982.txt
0000927653,MCK,0001628280-15-004098.txt
0001059556,MCO,0001193125-19-048576.txt
0000907242,MCRI,0001558370-25-002045.txt
0001853513,MCW,0000950170-25-024533.txt
0000064996,MCY,0001193125-12-057301.txt
0000893949,MD,0001193125-21-047064.txt
0001103982,MDLZ,0001193125-18-037332.txt
0001613103,MDT,0001613103-25-000091.txt
0000067716,MDU,0000067716-25-000016.txt
0001668397,MEDP,0001668397-25-000017.txt
0001099219,MET,0001193125-13-077792.txt
0001326801,META,0001326801-25-000017.txt
0001161728,MGEE,0001161728-21-000013.txt
0000789570,MGM,0001564590-21-009205.txt
0000835011,MGPI,0001628280-25-007962.txt
0001698990,MGY,0001698990-25-000006.txt
0000851968,MHK,0001193125-12-087058.txt
0000799292,MHO,0000950152-03-003721.txt
0000769520,MIDD,0001445305-14-000623.txt
0000063754,MKC,0001193125-12-026335.txt
0001049502,MKSI,0001564590-22-007637.txt
0001278021,MKTX,0001564590-21-006981.txt
0000724004,MLAB,0001437749-25-018586.txt
0000089439,MLI,0000089439-25-000010.txt
0000066382,MLKN,0001445305-10-000796.txt
0000916076,MLM,0001564590-22-005965.txt
0000062709,MMC,0001206774-07-000563.txt
0001578732,MMI,0001578732-25-000015.txt
0000066740,MMM,0001558370-21-000737.txt
0001032220,MMS,0001628280-21-023790.txt
0000856982,MMSI,0001104659-11-014389.txt
0000876427,MNRO,0001562762-25-000146.txt
0000865752,MNST,0001410578-25-000248.txt
0000764180,MO,0001193125-12-064660.txt
0000837465,MODG,0001193125-13-098448.txt
0001179929,MOH,0001445305-13-000387.txt
0001289419,MORN,0001289419-25-000041.txt
0001285785,MOS,0001618034-25-000003.txt
0001801368,MP,0001801368-25-000009.txt
0001510295,MPC,0001510295-25-000012.txt
0001287865,MPW,0001564590-22-008100.txt
0001280452,MPWR,0001437749-25-005903.txt
0001049521,MRCY,0001193125-12-365283.txt
0000310158,MRK,0001628280-25-007732.txt
0001682852,MRNA,0001682852-25-000022.txt
0000101778,MRO,0001193125-12-088742.txt
0002017206,MRP,0001193125-25-068773.txt
0000799167,MRTN,0001437749-25-005570.txt
0000895421,MS,0001193125-19-051943.txt
0000066570,MSA,0001193125-13-067419.txt
0001408198,MSCI,0001564590-22-004803.txt
0000066004,MSEX,0001174947-25-000251.txt
0000789019,MSFT,0001564590-22-026876.txt
0001636519,MSGS,0001636519-24-000015.txt
0000068505,MSI,0001445305-13-000205.txt
0001003078,MSM,0001144204-13-057653.txt
0000036270,MTB,0001628280-25-006267.txt
0000891103,MTCH,0001445305-13-000404.txt
0001037646,MTD,0001037646-25-000012.txt
0001520006,MTDR,0001520006-25-000066.txt
0000876437,MTG,0001140361-15-009430.txt
0000833079,MTH,0001193125-12-077617.txt
0000812011,MTN,0001193125-11-253811.txt
0001104657,MTRN,0001193125-12-088881.txt
0001493594,MTSI,0001493594-24-000060.txt
0001598428,MTUS,0001598428-20-000017.txt
0000891014,MTX,0001140361-18-008762.txt
0000015615,MTZ,0001193125-12-089522.txt
0000723125,MU,0001104659-06-072331.txt
0000717423,MUR,0001193125-14-077534.txt
0001573516,MUSA,0001573516-25-000010.txt
0001350593,MWA,0001350593-24-000079.txt
0001288469,MXL,0001288469-25-000008.txt
0000899923,MYGN,0001564590-20-040011.txt
0000700923,MYRG,0001144204-19-012547.txt
0001834488,NABL,0001834488-25-000053.txt
0001974138,NATL,0001974138-25-000016.txt
0001593538,NAVI,0001564590-22-007182.txt
0001475841,NBHC,0001558370-25-001502.txt
0000914475,NBIX,0001564590-20-003773.txt
0000790359,NBTB,0001140361-25-006528.txt
0001513761,NCLH,0001571049-17-001650.txt
0001120193,NDAQ,0001193125-13-069357.txt
0000072331,NDSN,0001564590-19-045927.txt
0000753308,NEE,0000753308-25-000011.txt
0001164727,NEM,0001564590-15-000777.txt
0001077183,NEO,0001564590-18-005479.txt
0000711377,NEOG,0001193125-22-202902.txt
0001282637,NEU,0001282637-25-000004.txt
0000070145,NFG,0001193125-13-451068.txt
0001065280,NFLX,0001628280-17-000496.txt
0001653477,NGVT,0001653477-25-000015.txt
0001047335,NHC,0001437749-25-005690.txt
0001111711,NI,0001193125-12-077712.txt
0000356309,NJR,0001140361-09-027697.txt
0000320187,NKE,0001193125-12-312306.txt
0001043219,NLY,0001628280-25-005451.txt
0001547903,NMIH,0001547903-25-000026.txt
0000751364,NNN,0001445305-12-000439.txt
0001133421,NOC,0001193125-12-045323.txt
0001104485,NOG,0001104485-25-000039.txt
0001021860,NOV,0001564590-22-004755.txt
0001076930,NOVT,0001564590-22-007880.txt
0001373715,NOW,0001373715-25-000010.txt
0000080172,NPK,0001562762-20-000111.txt
0001164863,NPO,0001193125-13-080164.txt
0001013871,NRG,0001445305-12-000493.txt
0001618563,NSA,0001628280-25-008656.txt
0000702165,NSC,0000702165-25-000008.txt
0000932696,NSIT,0001628280-25-005817.txt
0001000753,NSP,0001140361-13-005779.txt
0001002047,NTAP,0001564590-21-033645.txt
0001078075,NTCT,0001628280-25-025982.txt
0000073124,NTRS,0001193125-15-065963.txt
0000073309,NUE,0001564590-23-002793.txt
0001045810,NVDA,0001045969-03-001196.txt
0001532961,NVEE,0001628280-25-007077.txt
0000906163,NVR,0001564590-17-001623.txt
0000045876,NVRI,0001072613-10-000302.txt
0001757073,NVST,0001757073-25-000007.txt
0001720635,NVT,0001720635-25-000018.txt
0001471265,NWBI,0001471265-25-000016.txt
0001993004,NWE,0001993004-25-000021.txt
0000814453,NWL,0001193125-19-061714.txt
0001733998,NWN,0001733998-25-000020.txt
0001564708,NWSA,0001564708-24-000408.txt
0001423221,NX,0001445305-12-003890.txt
0001413447,NXPI,0001413447-25-000019.txt
0001620393,NXRT,0001564590-23-002337.txt
0001142417,NXST,0001564590-21-009747.txt
0001852131,NXT,0001852131-25-000021.txt
0001273685,NYMT,0001437749-15-003681.txt
0000071691,NYT,0001193125-11-042247.txt
0000726728,O,0001140361-12-007480.txt
0001370946,OC,0001370946-25-000077.txt
0000878927,ODFL,0001564590-22-006303.txt
0001030469,OFG,0001562762-19-000078.txt
0001021635,OGE,0001021635-22-000037.txt
0001821825,OGN,0001821825-25-000006.txt
0001587732,OGS,0001587732-25-000013.txt
0000888491,OHI,0001571049-17-001590.txt
0000812074,OI,0001558370-25-000868.txt
0000073756,OII,0001193125-11-046600.txt
0001039684,OKE,0001193125-08-040037.txt
0001660134,OKTA,0001660134-25-000049.txt
0001005284,OLED,0001564590-21-006654.txt
0001639300,OLLI,0001567619-17-000543.txt
0000074303,OLN,0001193125-07-041049.txt
0000029989,OMC,0000891092-11-001226.txt
0000926326,OMCL,0001104659-07-021788.txt
0000075252,OMI,0001628280-15-000917.txt
0001097864,ON,0001628280-25-004557.txt
0000707179,ONB,0001564590-20-004289.txt
0000704532,ONTO,0001564590-22-006948.txt
0001014739,OPCH,0001628280-18-003541.txt
0001296445,ORA,0001628280-25-008531.txt
0001341439,ORCL,0001564590-22-023675.txt
0000074260,ORI,0000074260-25-000042.txt
0000898173,ORLY,0001193125-12-085384.txt
0001039065,OSIS,0001558370-15-001687.txt
0000775158,OSK,0001564590-21-057221.txt
0001781335,OTIS,0001781335-25-000010.txt
0001466593,OTTR,0001571049-17-001533.txt
0001579877,OUT,0001579877-25-000034.txt
0001792580,OVV,0001564590-23-002595.txt
0000075288,OXM,0001558370-20-003379.txt
0000797468,OXY,0000797468-25-000029.txt
0001019849,PAG,0001558370-21-001299.txt
0001069899,PAHC,0001571049-17-007711.txt
0000813828,PARA,0001047469-14-000934.txt
0000821483,PARR,0001628280-15-001714.txt
0000076605,PATK,0001437749-16-027616.txt
0001590955,PAYC,0001564590-22-005562.txt
0001845815,PAYO,0001558370-25-001804.txt
0000723531,PAYX,0001193125-12-309041.txt
0001068851,PB,0001564590-22-007263.txt
0001534504,PBF,0001534504-25-000011.txt
0001295947,PBH,0001295947-25-000017.txt
0000078814,PBI,0001206774-07-000561.txt
0000075362,PCAR,0001564590-23-002203.txt
0001004980,PCG,0001193125-12-065537.txt
0001338749,PCH,0001564590-21-006637.txt
0001396814,PCRX,0001628280-16-011728.txt
0001591698,PCTY,0001591698-24-000151.txt
0001120914,PDFS,0001558370-25-001813.txt
0000765880,PEAK,0001628280-25-003748.txt
0001474098,PEB,0001474098-25-000039.txt
0001476204,PECO,0001476204-25-000030.txt
0000788784,PEG,0001628280-24-006885.txt
0001013857,PEGA,0001193125-18-058491.txt
0001321732,PEN,0001628280-21-002867.txt
0000921738,PENN,0001558370-18-001376.txt
0000077476,PEP,0001445305-13-000278.txt
0000078003,PFE,0001193125-12-085703.txt
0001126328,PFG,0001410578-25-000160.txt
0001618673,PFGC,0001564590-21-045434.txt
0001178970,PFS,0001628280-25-008991.txt
0000080424,PG,0001193125-10-188769.txt
0001551306,PGNY,0001558370-22-002466.txt
0000080661,PGR,0001193125-13-075784.txt
0000076334,PH,0001193125-11-233381.txt
0001968915,PHIN,0001968915-25-000006.txt
0000822416,PHM,0001193125-11-029989.txt
0001114995,PI,0001564590-22-004981.txt
0000931015,PII,0001628280-25-006009.txt
0001577916,PINC,0001577916-24-000009.txt
0001230245,PIPR,0001230245-25-000038.txt
0001626115,PJT,0001564590-23-002439.txt
0001617406,PK,0001617406-25-000006.txt
0000075677,PKG,0001564590-21-008051.txt
0000031791,PKI,0001445305-14-000585.txt
0000810136,PLAB,0001206774-11-000053.txt
0001525769,PLAY,0001628280-25-016941.txt
0001045609,PLD,0001564590-23-001902.txt
0001761312,PLMR,0001558370-23-002465.txt
0001637207,PLNT,0001637207-25-000016.txt
0001022408,PLUS,0001140361-25-020204.txt
0000785786,PLXS,0001193125-11-315563.txt
0001413329,PM,0001413329-25-000013.txt
0001464423,PMT,0001564590-23-002430.txt
0000713676,PNC,0001193125-17-062524.txt
0001115055,PNFP,0001140361-13-008936.txt
0000077360,PNR,0001193125-13-077034.txt
0000764622,PNW,0001104659-14-012068.txt
0000945841,POOL,0001193125-06-047003.txt
0000784977,POR,0001193125-10-039630.txt
0001530950,POST,0001530950-24-000365.txt
0000833640,POWI,0001193125-11-045774.txt
0000080420,POWL,0001564590-16-029924.txt
0001028918,PPBI,0001104659-07-024877.txt
0000802481,PPC,0001628280-16-011068.txt
0000079879,PPG,0001193125-12-064763.txt
0000922224,PPL,0000922224-25-000009.txt
0001658566,PR,0001658566-25-000014.txt
0001127703,PRA,0001875246-25-000003.txt
0001185348,PRAA,0001193125-12-085257.txt
0001046568,PRDO,0001564590-22-006719.txt
0001808834,PRG,0001808834-25-000009.txt
0001585364,PRGO,0001585364-25-000014.txt
0000876167,PRGS,0001193125-12-029136.txt
0001475922,PRI,0001564590-22-007995.txt
0000805676,PRK,0001362310-09-002764.txt
0001443669,PRLB,0001628280-25-007052.txt
0000884219,PRSU,0001564590-21-010008.txt
0001137774,PRU,0001193125-15-056366.txt
0001759655,PRVA,0001759655-25-000018.txt
0001393311,PSA,0001562762-21-000058.txt
0001041803,PSMT,0001562762-21-000364.txt
0000275880,PSN,0001564590-23-002040.txt
0001474432,PSTG,0001628280-25-015044.txt
0001534701,PSX,0001534701-25-000074.txt
0000857005,PTC,0001564590-21-057806.txt
0000889900,PTEN,0001564590-21-005045.txt
0001377121,PTGX,0001558370-25-001317.txt
0001680247,PUMP,0001680247-25-000030.txt
0000078239,PVH,0001047469-06-005175.txt
0001050915,PWR,0001193125-17-064821.txt
0001038357,PXD,0001193125-12-088998.txt
0001633917,PYPL,0001633917-25-000019.txt
0000901491,PZZA,0001628280-25-008427.txt
0000804328,QCOM,0001728949-21-000076.txt
0001906324,QDEL,0001906324-25-000035.txt
0001107843,QLYS,0001628280-20-001963.txt
0001117297,QNST,0001564590-22-029880.txt
0001604778,QRVO,0001604778-25-000041.txt
0000085961,R,0001193125-12-065540.txt
0000733269,RAMP,0001169232-08-002230.txt
0001046102,RBA,0001628280-25-008201.txt
0001324948,RBC,0001615774-19-008334.txt
0001527590,RC,0001628280-25-009464.txt
0000884887,RCL,0001193125-12-087322.txt
0001724521,RCUS,0001724521-25-000040.txt
0000890926,RDN,0001193125-11-052373.txt
0000790526,RDNT,0001683168-18-000705.txt
0001095073,RE,0001095073-25-000015.txt
0000910606,REG,0001564590-21-006390.txt
0000872589,REGN,0001804220-25-000011.txt
0000742278,RES,0001571049-17-001715.txt
0000744187,REX,0000950117-06-001735.txt
0001571283,REXR,0001571283-25-000006.txt
0001740332,REZI,0001740332-25-000010.txt
0001281761,RF,0001281761-25-000010.txt
0000898174,RGA,0001193125-13-085281.txt
0000730272,RGEN,0001193125-21-054675.txt
0000085535,RGLD,0001558370-24-001192.txt
0000095029,RGR,0001193805-10-000561.txt
0001528849,RH,0001564590-19-010132.txt
0000315213,RHI,0001628280-19-001488.txt
0001040829,RHP,0001558370-25-001286.txt
0000720005,RJF,0000720005-24-000069.txt
0001037038,RL,0001193125-12-247066.txt
0000084246,RLI,0001564590-22-005648.txt
0000917273,RMBS,0001193125-07-201474.txt
0000943819,RMD,0001193125-17-248016.txt
0000913144,RNR,0001628280-18-001312.txt
0000715072,RNST,0001193125-13-098848.txt
0000912562,ROCK,0001219870-05-000024.txt
0000084748,ROG,0001157523-12-000876.txt
0001635088,ROIV,0001193125-22-183362.txt
0001024478,ROK,0001193125-08-241034.txt
0000084839,ROL,0001552781-16-001318.txt
0000882835,ROP,0001169232-03-000270.txt
0000745732,ROST,0001206774-12-001210.txt
0000110621,RPM,0001564590-21-037949.txt
0000315852,RRC,0001564590-21-007606.txt
0000082811,RRX,0001206774-05-000363.txt
0000861884,RS,0001558370-25-001806.txt
0001060391,RSG,0001193125-12-067094.txt
0001469367,RUN,0001564590-17-003704.txt
0001012019,RUSHA,0001437749-25-004794.txt
0000930236,RWT,0001628280-22-004027.txt
0001929561,RXO,0001929561-25-000044.txt
0001849253,RYAN,0001628280-25-006973.txt
0000052827,RYN,0001193125-11-043344.txt
0001597033,SABR,0001597033-25-000027.txt
0001095651,SAFE,0001558370-23-001675.txt
0001172052,SAFT,0001558370-17-001024.txt
0001043509,SAH,0001628280-19-001674.txt
0001177702,SAIA,0001564590-22-006259.txt
0001571123,SAIC,0001571123-25-000022.txt
0000949870,SAM,0001564590-21-006397.txt
0000897723,SANM,0001104659-07-000416.txt
0001415404,SATS,0001558370-25-001663.txt
0001034054,SBAC,0001193125-13-080059.txt
0000730708,SBCF,0001628280-19-001975.txt
0001368458,SBH,0001564590-22-037949.txt
0001492298,SBRA,0001492298-25-000008.txt
0000705432,SBSI,0001140361-12-017443.txt
0000829224,SBUX,0001193125-11-317175.txt
0000866729,SCHL,0000930413-13-003986.txt
0000316709,SCHW,0001193125-13-071646.txt
0000089089,SCI,0000950134-09-004094.txt
0000094049,SCL,0001564590-22-006982.txt
0000918965,SCSC,0001193125-11-235318.txt
0000895447,SCVL,0001564590-21-015810.txt
0001490978,SDGR,0001564590-22-006713.txt
0001419612,SEDG,0001178913-25-000605.txt
0001012100,SEE,0001628280-25-008091.txt
0000350894,SEIC,0001193125-12-081132.txt
0001320414,SEM,0001628280-25-006833.txt
0000720672,SF,0001564590-21-006800.txt
0001430723,SFBS,0001171843-25-001208.txt
0001575515,SFM,0001575515-25-000011.txt
0000090498,SFNC,0001628280-25-008639.txt
0001616533,SGH,0001628280-24-043646.txt
0001206264,SGI,0001206264-25-000058.txt
0001620533,SHAK,0001620533-25-000016.txt
0001822479,SHC,0001822479-25-000015.txt
0000354963,SHEN,0001628280-25-006567.txt
0001295810,SHO,0001558370-25-001297.txt
0000913241,SHOO,0001628280-25-009503.txt
0000089800,SHW,0001193125-12-075061.txt
0000832988,SIG,0001628280-18-003906.txt
0000230557,SIGI,0001362310-09-002965.txt
0000894315,SITC,0001564590-22-006507.txt
0001451809,SITM,0001564590-21-005867.txt
0000719739,SIVB,0001193125-12-085818.txt
0000091419,SJM,0001193125-15-235197.txt
0000766829,SJW,0001206774-05-000274.txt
0000899715,SKT,0001145443-10-000501.txt
0001065837,SKX,0001564590-23-002740.txt
0000090896,SKY,0001564590-21-030013.txt
0000793733,SKYW,0001558370-25-000943.txt
0001038074,SLAB,0001104659-24-025535.txt
0000087347,SLB,0001564590-23-000762.txt
0001040971,SLG,0001104659-08-013434.txt
0000849869,SLGN,0001193125-13-083508.txt
0001032033,SLM,0001628280-25-006776.txt
0001023459,SLP,0001683168-21-005076.txt
0001856485,SLVM,0001856485-25-000008.txt
0000893538,SM,0001144204-06-007665.txt
0000825542,SMG,0001546380-24-000043.txt
0000093389,SMP,0001144204-11-013662.txt
0001702744,SMPL,0001702744-24-000089.txt
0000088941,SMTC,0001628280-19-003241.txt
0000091440,SNA,0001193125-18-047130.txt
0001743907,SNCY,0001743907-25-000005.txt
0001692063,SNDR,0001692063-25-000023.txt
0000913760,SNEX,0001193125-10-281256.txt
0000883241,SNPS,0001193125-13-479653.txt
0000018349,SNV,0001628280-16-011916.txt
0001177394,SNX,0001564590-22-003003.txt
0000092122,SO,0000950144-05-001905.txt
0000091767,SON,0001193125-18-063468.txt
0001314727,SONO,0001314727-24-000026.txt
0001063761,SPG,0001558370-25-001271.txt
0000064040,SPGI,0001193125-12-043165.txt
0001576018,SPNT,0001576018-25-000010.txt
0001092699,SPSC,0001564590-22-005952.txt
0000877422,SPTN,0001564590-22-008291.txt
0000088205,SPXC,0001193125-04-030268.txt
0001126956,SR,0001564590-21-057844.txt
0001032208,SRE,0001032208-25-000012.txt
0000873303,SRPT,0001564590-21-009835.txt
0000764038,SSB,0001558370-25-001274.txt
0000920371,SSD,0001104659-14-017569.txt
0001549346,SSTK,0001549346-25-000011.txt
0001477294,ST,0001477294-25-000022.txt
0000718937,STAA,0001564590-23-002249.txt
0001479094,STAG,0001558370-15-000135.txt
0000719220,STBA,0001193125-14-063033.txt
0000094344,STC,0001628280-15-001257.txt
0001473844,STEL,0001558370-22-002170.txt
0001796022,STEP,0001796022-25-000041.txt
0001013934,STRA,0001558370-19-001422.txt
0000874238,STRL,0001171843-17-001381.txt
0000093751,STT,0001193125-12-079737.txt
0001465128,STWD,0001628280-25-008420.txt
0001137789,STX,0001193125-19-212028.txt
0000016918,STZ,0001193125-12-195350.txt
0001356576,SUPN,0001356576-25-000017.txt
0000093556,SWK,0001193125-12-075395.txt
0000004127,SWKS,0000950135-02-005681.txt
0001692115,SWX,0001692115-25-000082.txt
0001514705,SXC,0001628280-16-011369.txt
0000310354,SXI,0001437749-24-024465.txt
0000310142,SXT,0001193125-10-043675.txt
0001601712,SYF,0001601712-25-000044.txt
0000310764,SYK,0001239338-04-000002.txt
0000817720,SYNA,0001564590-21-045326.txt
0000096021,SYY,0000950129-08-004642.txt
0000732717,T,0001562762-20-000064.txt
0001724965,TALO,0001564590-21-012130.txt
0000024545,TAP,0001445305-12-000454.txt
0001295401,TBBK,0001562762-25-000040.txt
0001077428,TCBI,0001628280-15-000851.txt
0000816761,TDC,0001193125-14-071369.txt
0001260221,TDG,0001260221-24-000083.txt
0001051512,TDS,0001104659-07-048530.txt
0000098222,TDW,0001564590-20-008191.txt
0001094285,TDY,0001193125-12-089549.txt
0000842023,TECH,0001558370-24-012430.txt
0001385157,TEL,0001558370-24-015227.txt
0000097210,TER,0001193125-23-044711.txt
0000097216,TEX,0001144204-09-011131.txt
0000092230,TFC,0001193125-12-081457.txt
0001539638,TFIN,0001628280-25-004879.txt
0000096943,TFX,0001564590-14-000320.txt
0000039899,TGNA,0001362310-09-002765.txt
0000027419,TGT,0001104659-06-024036.txt
0001001316,TGTX,0001654954-19-002189.txt
0000070318,THC,0001558370-17-001079.txt
0000944695,THG,0001564590-22-006789.txt
0000730263,THO,0001193125-19-258022.txt
0000903129,THRM,0001564590-22-005577.txt
0001556739,THRY,0001628280-22-006158.txt
0001320695,THS,0001564590-18-002405.txt
0000715787,TILE,0001437749-19-003613.txt
0000109198,TJX,0001628280-19-003834.txt
0000098362,TKR,0001193125-12-066958.txt
0001756262,TMDX,0001564590-22-008045.txt
0001562476,TMHC,0001628280-25-006416.txt
0000097745,TMO,0000097745-25-000010.txt
0001005817,TMP,0001387131-16-004584.txt
0001283699,TMUS,0001445305-12-000521.txt
0000097134,TNC,0001437749-22-004272.txt
0001438133,TNDM,0001564590-19-004469.txt
0001361658,TNL,0001361658-25-000012.txt
0000794170,TOL,0001125282-07-000094.txt
0001561680,TPH,0001564590-16-013570.txt
0001116132,TPR,0001144204-13-047469.txt
0000098677,TR,0001558370-25-001926.txt
0001069878,TREX,0001193125-24-046315.txt
0001389170,TRGP,0001564590-22-006563.txt
0001526520,TRIP,0001564590-21-006939.txt
0000864749,TRMB,0001193125-12-082672.txt
0000036146,TRMK,0001564590-21-006673.txt
0000099780,TRN,0001193125-12-064939.txt
0001476150,TRNO,0001628280-19-001026.txt
0001113169,TROW,0001193125-12-038736.txt
0000357301,TRST,0001140361-25-008827.txt
0001371285,TRUP,0001371285-25-000052.txt
0000086312,TRV,0001193125-05-052696.txt
0000916365,TSCO,0001362310-09-002757.txt
0001318605,TSLA,0001628280-25-003063.txt
0000100493,TSN,0001193125-11-317791.txt
0001466258,TT,0001466258-25-000039.txt
0000737758,TTC,0001104659-07-090459.txt
0000831641,TTEK,0001104659-06-084204.txt
0002018064,TTGT,0000950170-25-078416.txt
0001116942,TTMI,0001564590-22-008035.txt
0000946581,TTWO,0001628280-25-026694.txt
0000899751,TWI,0000950134-03-003184.txt
0001465740,TWO,0001465740-25-000083.txt
0000097476,TXN,0001564590-19-003839.txt
0001108426,TXNM,0001193125-11-051990.txt
0001289460,TXRH,0001558370-25-001904.txt
0000217346,TXT,0001193125-12-074981.txt
0000860731,TYL,0001564590-16-013137.txt
0001336917,UAA,0001336917-25-000078.txt
0000100517,UAL,0001193125-18-054235.txt
0000729986,UBSI,0001193125-25-042589.txt
0000857855,UCBI,0001571049-17-001658.txt
0001275014,UCTT,0001628280-25-007865.txt
0000074208,UDR,0001045969-03-000773.txt
0001611547,UE,0001611547-25-000018.txt
0000101199,UFCS,0001362310-09-003045.txt
0000912767,UFPI,0001558370-25-001595.txt
0000914156,UFPT,0001171843-25-001192.txt
0000884614,UGI,0001362310-08-007608.txt
0000352915,UHS,0001564590-22-006717.txt
0000798783,UHT,0001564590-22-006745.txt
0001403568,ULTA,0001558370-25-003810.txt
0000101382,UMBF,0001564590-23-002256.txt
0000717954,UNF,0001628280-17-010136.txt
0001020859,UNFI,0001171520-02-000116.txt
0000731766,UNH,0001193125-11-030615.txt
0001620280,UNIT,0001628280-25-007109.txt
0000005513,UNM,0001193125-11-047064.txt
0000100885,UNP,0001437749-24-003599.txt
0000933036,UPBD,0001193125-12-082244.txt
0001090727,UPS,0001193125-12-081067.txt
0000912615,URBN,0001564590-22-013232.txt
0001067701,URI,0001445305-12-000134.txt
0000036104,USB,0001193125-23-050691.txt
0001665918,USFD,0001665918-25-000017.txt
0000896264,USNA,0001562762-20-000071.txt
0000885978,USPH,0001567619-16-001931.txt
0001082554,UTHR,0001104659-20-025009.txt
0000755001,UTL,0001193125-22-023936.txt
0000102037,UVV,0001445305-12-001881.txt
0001403161,V,0001403161-24-000058.txt
0001524358,VAC,0001524358-25-000044.txt
0000314808,VAL,0000314808-25-000028.txt
0001501570,VBTX,0001558370-16-004161.txt
0001111335,VC,0001445305-12-000456.txt
0000887359,VCEL,0001628280-25-008447.txt
0001570827,VCTR,0001564590-22-010087.txt
0001384101,VCYT,0001384101-25-000014.txt
0000103145,VECO,0001558370-25-001001.txt
0000103379,VFC,0001628280-17-002027.txt
0000912093,VIAV,0001193125-10-201868.txt
0001705696,VICI,0001705696-25-000033.txt
0000751978,VICR,0001193125-23-053976.txt
0001706431,VIR,0001628280-25-008245.txt
0001592386,VIRT,0001592386-25-000055.txt
0001035002,VLO,0001193125-07-039165.txt
0000714310,VLY,0001193125-14-080493.txt
0001396009,VMC,0001396009-25-000005.txt
0000102729,VMI,0001628280-17-002033.txt
0000899689,VNO,0001104659-06-012410.txt
0001602065,VNOM,0001602065-25-000010.txt
0001786842,VNT,0001786842-25-000008.txt
0001535929,VOYA,0001535929-25-000017.txt
0000924901,VRE,0001562762-22-000051.txt
0001682745,VRRM,0001564590-21-009903.txt
0001442145,VRSK,0001442145-20-000012.txt
0001014473,VRSN,0001193125-12-077600.txt
0000883237,VRTS,0001628280-16-011648.txt
0000875320,VRTX,0001104659-07-015545.txt
0000797721,VSAT,0001564590-21-030718.txt
0001856437,VSCO,0001856437-25-000006.txt
0000103730,VSH,0001206774-11-000309.txt
0001967649,VSTS,0001967649-24-000060.txt
0001528129,VTLE,0001528129-25-000045.txt
0001525221,VTOL,0001525221-25-000016.txt
0000740260,VTR,0001193125-10-035246.txt
0001792044,VTRS,0001792044-25-000008.txt
0001674910,VVV,0001674910-24-000152.txt
0000070866,VYX,0001193125-11-045769.txt
0000732712,VZ,0001193125-17-050292.txt
0000943452,WAB,0001628280-25-005100.txt
0000311094,WABC,0001171843-25-001156.txt
0000936528,WAFD,0001200836-11-000020.txt
0001212545,WAL,0001212545-25-000090.txt
0001000697,WAT,0001193125-25-034579.txt
0001618921,WBA,0001628280-18-012472.txt
0001437107,WBD,0001437107-25-000031.txt
0000801337,WBS,0001193125-12-087601.txt
0000929008,WCC,0000950152-09-001958.txt
0001497770,WD,0001558370-25-001503.txt
0000106040,WDC,0001193125-13-338607.txt
0000105132,WDFC,0001193125-12-430241.txt
0000783325,WEC,0001193125-07-041253.txt
0000766704,WELL,0000950152-09-002082.txt
0000030697,WEN,0000950117-06-001568.txt
0000793074,WERN,0001193125-12-081560.txt
0001309108,WEX,0001309108-25-000017.txt
0000072971,WFC,0001193125-13-078820.txt
0001603923,WFRD,0001603923-25-000050.txt
0000107687,WGO,0000897101-09-002143.txt
0001722684,WH,0001722684-25-000005.txt
0001699136,WHD,0001699136-25-000014.txt
0000106640,WHR,0001193125-11-035529.txt
0001636222,WING,0001636222-25-000008.txt
0000789460,WKC,0001628280-25-007620.txt
0001262823,WLK,0001262823-25-000011.txt
0000107140,WLY,0001140361-21-023449.txt
0000823768,WM,0001558370-25-001132.txt
0000107263,WMB,0001193125-13-080025.txt
0001319161,WMG,0001564590-18-031166.txt
0001604028,WMS,0001604028-25-000012.txt
0000104169,WMT,0001193125-12-134679.txt
0000108516,WOR,0001564590-21-039550.txt
0001025378,WPC,0001193125-12-087610.txt
0000011544,WRB,0000950123-11-019708.txt
0001732845,WRK,0001564590-21-057778.txt
0000108385,WRLD,0001193125-05-124342.txt
0001968487,WS,0000950170-25-099742.txt
0001647088,WSC,0001647088-25-000009.txt
0000828944,WSFS,0001628280-25-008977.txt
0000105016,WSO,0001193125-25-041730.txt
0001175535,WSR,0001437749-25-007990.txt
0000105770,WST,0001628280-22-003342.txt
0000880631,WT,0001214659-25-003503.txt
0001015328,WTFC,0001193125-12-087583.txt
0000078128,WTRG,0001562762-25-000036.txt
0000795403,WTS,0001558370-25-001102.txt
0001365135,WU,0001558370-21-001284.txt
0000108312,WWD,0001564590-22-038033.txt
0000110471,WWW,0001362310-09-003153.txt
0000106535,WY,0001564590-22-005707.txt
0001174922,WYNN,0001193125-14-077632.txt
0000072903,XEL,0001140361-13-008903.txt
0001616000,XHR,0001616000-25-000022.txt
0001326732,XNCR,0001628280-23-005127.txt
0000034088,XOM,0001193125-12-078102.txt
0001767258,XPEL,0001767258-25-000008.txt
0001166003,XPO,0001628280-17-001912.txt
0000818479,XRAY,0001445305-12-000446.txt
0001770450,XRX,0001770450-25-000010.txt
0001524472,XYL,0001524472-25-000013.txt
0001345016,YELP,0001628280-19-002312.txt
0001670592,YETI,0001670592-25-000008.txt
0001856314,YOU,0001856314-25-000008.txt
0001041061,YUM,0001041061-25-000013.txt
0001136869,ZBH,0001564590-22-007160.txt
0000877212,ZBRA,0001628280-16-011978.txt
0001084048,ZD,0001193125-05-061443.txt
0000109380,ZION,0001193125-12-089333.txt
0001555280,ZTS,0001555280-25-000102.txt
0001439288,ZWS,0001439288-25-000019.txt
