Event,IMPACTS,Company
2009_0,IMPACTS,0001374310
2009_0,IMPACTS,0001156375
2021_37,IMPACTS,0001045810
2022_5,IMPACTS,0001045810
2020_5,IMPACTS,0001166691
2020_5,IMPACTS,0000732717
2009_4,IMPACTS,0001166691
2001_8,IMPACTS,0000909832
2001_8,IMPACTS,0001744489
2006_5,IMPACTS,0001065088
2015_3,IMPACTS,0001065088
2020_8,IMPACTS,0001065088
2013_8,IMPACTS,0000796343
2013_8,IMPACTS,0000936395
2013_8,IMPACTS,0000040545
2005_15,IMPACTS,0001067294
2005_15,IMPACTS,0000047217
2014_0,IMPACTS,0000018230
2006_4,IMPACTS,0000021344
2008_3,IMPACTS,0000021344
2014_0,IMPACTS,0000764478
2014_0,IMPACTS,0001065088
2003_2,IMPACTS,0000940944
2003_2,IMPACTS,0000040545
2003_2,IMPACTS,0001341439
2006_3,IMPACTS,0000940944
2006_3,IMPACTS,0000040545
2006_3,IMPACTS,0001341439
2014_3,IMPACTS,0000764478
2014_3,IMPACTS,0000850209
2014_3,IMPACTS,0000047217
2006_5,IMPACTS,0001018840
2006_5,IMPACTS,0000018230
2006_5,IMPACTS,0001326380
2014_0,IMPACTS,0000815556
2014_0,IMPACTS,0001115055
2014_0,IMPACTS,0001039065
2013_13,IMPACTS,0000919012
2013_13,IMPACTS,0000040545
2013_13,IMPACTS,0000812011
2013_13,IMPACTS,0001048911
2013_13,IMPACTS,0001585364
2013_13,IMPACTS,0000730263
2006_3,IMPACTS,0000885725
2014_0,IMPACTS,0000885245
2014_1,IMPACTS,0001166691
2014_0,IMPACTS,0000882184
2014_0,IMPACTS,0000827052
2014_0,IMPACTS,0001341439
2014_0,IMPACTS,0001064728
2014_0,IMPACTS,0000927653
2014_0,IMPACTS,0001001250
2014_0,IMPACTS,0001326380
2006_4,IMPACTS,0001156375
2003_2,IMPACTS,0000016732
2006_3,IMPACTS,0000016732
2013_13,IMPACTS,0000796343
2013_13,IMPACTS,0000936395
2013_13,IMPACTS,0000909832
2005_15,IMPACTS,0001675149
2005_15,IMPACTS,0000940944
2005_15,IMPACTS,0001341439
2014_0,IMPACTS,0000935703
2013_8,IMPACTS,0000764065
2013_8,IMPACTS,0001065088
2004_0,IMPACTS,0000018230
2008_3,IMPACTS,0001086222
2008_3,IMPACTS,0001163165
2008_3,IMPACTS,0000927653
2003_2,IMPACTS,0001048911
2006_3,IMPACTS,0001048911
2014_0,IMPACTS,0000723531
2001_6,IMPACTS,
2001_6,IMPACTS,0001403568
2003_2,IMPACTS,
2003_2,IMPACTS,0001403568
2006_4,IMPACTS,
2006_4,IMPACTS,0001403568
2008_3,IMPACTS,
2008_3,IMPACTS,0001403568
2014_0,IMPACTS,0000936395
2014_0,IMPACTS,0000031462
2014_0,IMPACTS,0000874766
2014_0,IMPACTS,0001675149
2014_0,IMPACTS,0000105132
2006_4,IMPACTS,0001020859
2013_13,IMPACTS,0001020859
2003_2,IMPACTS,0000796343
2006_3,IMPACTS,0000723125
2014_1,IMPACTS,0000919012
2014_1,IMPACTS,0001020859
2014_1,IMPACTS,0000912615
2014_0,IMPACTS,0000033185
2014_0,IMPACTS,0000021344
2013_12,IMPACTS,0000882184
2013_12,IMPACTS,
2003_2,IMPACTS,0000315189
2003_2,IMPACTS,0000804328
2006_3,IMPACTS,0000315189
2006_3,IMPACTS,0000804328
2013_13,IMPACTS,0000315189
2013_13,IMPACTS,0000040704
2013_13,IMPACTS,0001341439
2014_0,IMPACTS,0001585364
2006_3,IMPACTS,0000793952
2006_3,IMPACTS,0000723531
2014_0,IMPACTS,0000793952
2014_0,IMPACTS,0000796343
2014_0,IMPACTS,0001048911
2014_0,IMPACTS,0001108524
2018_4,IMPACTS,0001163165
2018_4,IMPACTS,0000821189
2022_39,IMPACTS,0001018724
2022_39,IMPACTS,0000789019
2009_4,IMPACTS,0001744489
2016_7,IMPACTS,0000320187
2016_7,IMPACTS,0001374310
2020_4,IMPACTS,0001374310
2013_10,IMPACTS,0001113169
2022_5,IMPACTS,0000916365
2005_12,IMPACTS,0000065984
2022_5,IMPACTS,0000001750
2002_3,IMPACTS,0001318605
2006_4,IMPACTS,0001318605
2022_9,IMPACTS,0001318605
2022_39,IMPACTS,0000002488
2022_39,IMPACTS,0001045810
2022_11,IMPACTS,0000310158
2022_39,IMPACTS,0000804328
2016_7,IMPACTS,0000046195
2016_7,IMPACTS,0000039263
2022_39,IMPACTS,0000723125
2009_0,IMPACTS,0000104169
2009_0,IMPACTS,0000886982
2009_0,IMPACTS,0001633917
2022_9,IMPACTS,0000091576
2022_39,IMPACTS,0001403161
2022_39,IMPACTS,0000050863
2022_5,IMPACTS,0000320193
2022_5,IMPACTS,0000789019
2013_10,IMPACTS,0000946581
2009_0,IMPACTS,0001403161
2009_0,IMPACTS,0001318605
2022_39,IMPACTS,0001341439
2009_0,IMPACTS,0000789019
2020_8,IMPACTS,0000821189
2022_37,IMPACTS,0001133421
2022_39,IMPACTS,0001474432
2005_1,IMPACTS,0001093557
2005_1,IMPACTS,0001318605
2015_6,IMPACTS,0001352010
2015_6,IMPACTS,0001413329
2022_5,IMPACTS,0001352010
2022_5,IMPACTS,0001413329
2022_39,IMPACTS,0001318605
2022_39,IMPACTS,0001108524
2022_39,IMPACTS,0001596532
2017_0,IMPACTS,0001551152
2022_5,IMPACTS,0001744489
2022_5,IMPACTS,0000829224
2004_5,IMPACTS,0001633917
2009_0,IMPACTS,0000732717
2009_0,IMPACTS,0000072971
2002_3,IMPACTS,0001065088
2004_0,IMPACTS,0001121788
2016_11,IMPACTS,0000045012
2022_5,IMPACTS,0001065088
2022_5,IMPACTS,0001111335
2016_7,IMPACTS,0001156375
2016_7,IMPACTS,0001393311
2016_11,IMPACTS,0000923796
2002_12,IMPACTS,0000021076
2002_12,IMPACTS,0000882095
2008_3,IMPACTS,0000018230
2008_3,IMPACTS,0000923796
2008_3,IMPACTS,0000012659
2016_11,IMPACTS,0000018230
2016_11,IMPACTS,0000012659
2012_5,IMPACTS,0000868857
2012_5,IMPACTS,0000310764
2016_11,IMPACTS,0000868857
2016_11,IMPACTS,0000310764
2017_0,IMPACTS,0000868857
2017_0,IMPACTS,0000310764
2008_3,IMPACTS,0001413329
2023_15,IMPACTS,0001166691
2023_15,IMPACTS,0001744489
2016_11,IMPACTS,0000861459
2016_11,IMPACTS,0001396009
2012_5,IMPACTS,0001050915
2022_5,IMPACTS,0001633917
2005_1,IMPACTS,0000050863
2002_3,IMPACTS,0001433270
2008_3,IMPACTS,0000860730
2016_11,IMPACTS,0000860730
2016_1,IMPACTS,0000796343
2002_3,IMPACTS,0001045810
2016_7,IMPACTS,0000886982
2016_7,IMPACTS,0000895421
2023_28,IMPACTS,0001463101
2006_5,IMPACTS,0000946581
2023_23,IMPACTS,0000888491
2007_2,IMPACTS,0000320193
2007_2,IMPACTS,0001108524
2007_2,IMPACTS,0000066740
2014_0,IMPACTS,0000012927
2022_5,IMPACTS,0000012927
2021_24,IMPACTS,0001133421
2022_5,IMPACTS,0001025378
2001_6,IMPACTS,0000012927
2001_6,IMPACTS,0001783180
2001_6,IMPACTS,0001781335
2002_4,IMPACTS,0001163165
2013_2,IMPACTS,0001163165
2014_0,IMPACTS,0000093410
2014_0,IMPACTS,0000034088
2012_0,IMPACTS,0000802481
2001_12,IMPACTS,0001390777
2016_11,IMPACTS,0000726728
2013_13,IMPACTS,0001539838
2022_5,IMPACTS,0001539838
2020_36,IMPACTS,0000825542
2002_3,IMPACTS,0001133421
2006_8,IMPACTS,0000320187
2006_8,IMPACTS,0001045810
2006_8,IMPACTS,0001744489
2023_8,IMPACTS,0001093557
2023_8,IMPACTS,0001318605
2022_5,IMPACTS,0000004977
2022_5,IMPACTS,0000080661
2014_0,IMPACTS,0000007084
2022_5,IMPACTS,0000007084
2022_39,IMPACTS,0000796343
2014_0,IMPACTS,0001133421
2022_5,IMPACTS,0001133421
2022_39,IMPACTS,0001069258
2020_36,IMPACTS,0001108524
2006_8,IMPACTS,0000712515
2015_7,IMPACTS,0000915913
2015_7,IMPACTS,0000072903
2022_5,IMPACTS,0000093410
2022_39,IMPACTS,0000006951
2022_39,IMPACTS,0001097864
2022_39,IMPACTS,0000097476
2021_1,IMPACTS,0000882095
2016_11,IMPACTS,0001166691
2004_0,IMPACTS,0001345016
2001_8,IMPACTS,0001166691
2001_8,IMPACTS,0000732717
2006_4,IMPACTS,0001166691
2006_4,IMPACTS,0000732717
2020_29,IMPACTS,0001057706
2022_5,IMPACTS,0000045012
2022_5,IMPACTS,0000021344
2022_5,IMPACTS,0000087347
2022_5,IMPACTS,0001318605
2022_39,IMPACTS,0000320193
2020_29,IMPACTS,0000002488
2020_29,IMPACTS,0001133421
2022_5,IMPACTS,0000315189
2022_5,IMPACTS,0000825542
2015_6,IMPACTS,0000007084
2021_37,IMPACTS,0000007084
2023_23,IMPACTS,0000027904
2023_23,IMPACTS,0000100517
2022_39,IMPACTS,0001261333
2016_7,IMPACTS,0000021344
2022_39,IMPACTS,0001660134
2016_11,IMPACTS,0001390777
2016_11,IMPACTS,0000831001
2016_11,IMPACTS,0000072971
2016_7,IMPACTS,0000831001
2016_7,IMPACTS,0000072971
2022_5,IMPACTS,0001324404
2022_5,IMPACTS,0000886982
2022_5,IMPACTS,0000797468
2022_5,IMPACTS,0000034088
2016_7,IMPACTS,0000759944
2016_7,IMPACTS,0001448893
2002_3,IMPACTS,0000726728
2022_39,IMPACTS,0000726728
2017_0,IMPACTS,0000753308
2017_0,IMPACTS,0000073309
2003_2,IMPACTS,0001133421
2006_3,IMPACTS,0001133421
2003_2,IMPACTS,0000100493
2005_12,IMPACTS,0000315293
2005_12,IMPACTS,0001224608
2005_12,IMPACTS,0000876437
2016_7,IMPACTS,0000091576
2020_29,IMPACTS,0000036377
2017_6,IMPACTS,0000886982
2017_6,IMPACTS,0000310158
2004_0,IMPACTS,0000006951
2004_0,IMPACTS,0001090012
2004_0,IMPACTS,0001109357
2016_7,IMPACTS,0000002488
2016_7,IMPACTS,0000050863
2006_4,IMPACTS,0000002488
2006_4,IMPACTS,0000313616
2006_4,IMPACTS,0000073124
2005_12,IMPACTS,0000899051
2005_12,IMPACTS,0000086312
2004_0,IMPACTS,0000831001
2004_0,IMPACTS,0000310158
2004_0,IMPACTS,0001004980
2016_1,IMPACTS,0001286681
2016_11,IMPACTS,0000875045
2016_11,IMPACTS,0000310158
2008_3,IMPACTS,0001023024
2016_7,IMPACTS,0000318154
2016_7,IMPACTS,0000875320
2009_0,IMPACTS,0000050863
2014_0,IMPACTS,0001090012
2014_0,IMPACTS,0000797468
2022_5,IMPACTS,0001090012
2012_5,IMPACTS,0001413329
2016_7,IMPACTS,0000021665
2016_7,IMPACTS,0000055785
2015_7,IMPACTS,0001064728
2015_7,IMPACTS,0001070412
2022_5,IMPACTS,0001064728
2006_4,IMPACTS,0000946581
2020_29,IMPACTS,0000923796
2021_28,IMPACTS,0000918646
2021_28,IMPACTS,0000916076
2016_11,IMPACTS,0001124198
2016_7,IMPACTS,0000075362
2004_0,IMPACTS,0001633917
2009_0,IMPACTS,0001433270
2020_29,IMPACTS,0001633917
2021_39,IMPACTS,0001744489
2021_39,IMPACTS,0000021344
2021_39,IMPACTS,0000320187
2021_39,IMPACTS,0000829224
2021_39,IMPACTS,0001318605
2021_39,IMPACTS,0000034088
2022_35,IMPACTS,0001390777
2022_5,IMPACTS,0001262039
2016_3,IMPACTS,0001262039
2013_8,IMPACTS,0001133421
2008_3,IMPACTS,0001133421
2016_11,IMPACTS,0001069258
2017_0,IMPACTS,0001069258
2001_7,IMPACTS,0001336920
2016_11,IMPACTS,0001336920
2021_5,IMPACTS,0001133421
2021_37,IMPACTS,0001133421
2010_7,IMPACTS,0001133421
2016_6,IMPACTS,0001133421
2010_7,IMPACTS,0001336920
2014_0,IMPACTS,0000016058
2014_0,IMPACTS,0001069258
2022_5,IMPACTS,0000016058
2022_5,IMPACTS,0001069258
2016_7,IMPACTS,0001130310
2022_5,IMPACTS,0001551152
2022_5,IMPACTS,0000001800
2022_5,IMPACTS,0000732717
2008_3,IMPACTS,0000753308
2016_11,IMPACTS,0000753308
2020_29,IMPACTS,0000860730
2020_29,IMPACTS,0000753308
2016_7,IMPACTS,0001413329
2016_7,IMPACTS,0000036104
2017_8,IMPACTS,0001362468
2023_23,IMPACTS,0000012927
2022_39,IMPACTS,0000018230
2022_39,IMPACTS,0000315189
2020_29,IMPACTS,0000796343
2023_27,IMPACTS,0000793952
2005_12,IMPACTS,0001534504
2005_12,IMPACTS,0001035002
2023_23,IMPACTS,0000093410
2023_23,IMPACTS,0000045012
2005_12,IMPACTS,
2022_10,IMPACTS,0000764478
2016_11,IMPACTS,
2017_0,IMPACTS,
2016_1,IMPACTS,0000002488
2016_1,IMPACTS,0000050863
2016_1,IMPACTS,0001045810
2002_3,IMPACTS,0000789019
2002_3,IMPACTS,0001633917
2022_9,IMPACTS,0000789019
2022_9,IMPACTS,0001633917
2022_39,IMPACTS,0001633917
2022_5,IMPACTS,0001285785
2016_1,IMPACTS,0000712515
2016_1,IMPACTS,0000789019
2009_0,IMPACTS,0001045810
2023_27,IMPACTS,0000034088
2022_5,IMPACTS,0000753308
2022_5,IMPACTS,0000100885
2002_12,IMPACTS,0001289460
2008_3,IMPACTS,0000939767
2020_29,IMPACTS,0001396009
2002_12,IMPACTS,0000909832
2006_8,IMPACTS,0000027904
2022_39,IMPACTS,0001262039
2006_5,IMPACTS,0001600033
2022_39,IMPACTS,0001058090
2020_29,IMPACTS,0000067215
2001_6,IMPACTS,0001133421
2020_29,IMPACTS,0000909832
2020_29,IMPACTS,0001069878
2020_29,IMPACTS,0000916365
2016_11,IMPACTS,0000702165
2016_11,IMPACTS,0000100885
2016_11,IMPACTS,0001090727
2022_5,IMPACTS,0001018724
2022_5,IMPACTS,0000104169
2002_3,IMPACTS,0000712515
2022_39,IMPACTS,0001090727
2016_2,IMPACTS,0001396009
2008_3,IMPACTS,0001166691
2008_3,IMPACTS,0001067701
2020_29,IMPACTS,0001166691
2020_29,IMPACTS,0001067701
2006_5,IMPACTS,0000891103
2006_5,IMPACTS,0001633917
2002_3,IMPACTS,0001075531
2002_3,IMPACTS,0000040545
2002_3,IMPACTS,0000829224
2021_33,IMPACTS,0001336917
2022_39,IMPACTS,0001352010
2017_0,IMPACTS,0000035527
2017_0,IMPACTS,0000036270
2001_6,IMPACTS,0001166691
2016_11,IMPACTS,0000021344
2016_11,IMPACTS,0000759944
2016_11,IMPACTS,0000091576
2023_23,IMPACTS,
2006_10,IMPACTS,0000875320
2014_0,IMPACTS,0000850209
2022_5,IMPACTS,0000850209
2014_0,IMPACTS,0000764065
2014_0,IMPACTS,0001324424
2022_5,IMPACTS,0000764065
2022_5,IMPACTS,0001324424
2022_5,IMPACTS,0001163165
2009_0,IMPACTS,0000320193
2009_0,IMPACTS,0001744489
2009_0,IMPACTS,0000021344
2007_2,IMPACTS,0000093410
2020_15,IMPACTS,0001045810
2021_8,IMPACTS,0001045810
2014_0,IMPACTS,0001539838
2015_6,IMPACTS,0000093410
2015_6,IMPACTS,0001539838
2015_6,IMPACTS,0000034088
2006_3,IMPACTS,0000093410
2002_12,IMPACTS,0001022079
2016_7,IMPACTS,0000919012
2016_7,IMPACTS,0001525769
2006_8,IMPACTS,0000320193
2006_8,IMPACTS,0000804328
2006_8,IMPACTS,0000104169
2022_5,IMPACTS,0000027419
2017_0,IMPACTS,0000277948
2017_0,IMPACTS,0000702165
2002_12,IMPACTS,0000104169
2009_0,IMPACTS,0000002488
2002_12,IMPACTS,
2016_11,IMPACTS,0000886982
2016_11,IMPACTS,0000895421
2009_0,IMPACTS,0000895421
2018_1,IMPACTS,0001133421
2022_43,IMPACTS,0001413329
2009_0,IMPACTS,0000036104
2021_39,IMPACTS,0001156375
2021_39,IMPACTS,0000036104
2022_11,IMPACTS,0001142750
2022_11,IMPACTS,0000927653
2002_12,IMPACTS,0000320187
2016_11,IMPACTS,0000036270
2016_11,IMPACTS,0000713676
2021_5,IMPACTS,0000753308
2001_6,IMPACTS,0000016058
2001_6,IMPACTS,0001069258
2001_6,IMPACTS,0001336920
2008_4,IMPACTS,0000016058
2008_4,IMPACTS,0001069258
2008_4,IMPACTS,0001336920
2016_6,IMPACTS,0000016058
2016_6,IMPACTS,0001069258
2016_6,IMPACTS,0001336920
2016_11,IMPACTS,0001166003
2002_3,IMPACTS,0000104169
2006_4,IMPACTS,0000789019
2006_4,IMPACTS,0000104169
2004_0,IMPACTS,0001261333
2002_3,IMPACTS,0001336920
2006_4,IMPACTS,0001633917
2022_5,IMPACTS,0000022444
2017_0,IMPACTS,0001133421
2008_3,IMPACTS,0000070318
2016_11,IMPACTS,0000070318
2006_4,IMPACTS,0001018724
2006_4,IMPACTS,0001093557
2006_4,IMPACTS,0000865752
2006_4,IMPACTS,0001045810
2002_12,IMPACTS,0001744489
2002_12,IMPACTS,0000046080
2023_23,IMPACTS,0000895421
2015_7,IMPACTS,0001296445
2004_0,IMPACTS,0001097149
2017_0,IMPACTS,0000831001
2023_5,IMPACTS,0000789019
2003_2,IMPACTS,0000093410
2017_0,IMPACTS,0000093410
2016_11,IMPACTS,0001526520
2002_12,IMPACTS,0000829224
2016_11,IMPACTS,0001039684
2016_11,IMPACTS,0001571949
2002_12,IMPACTS,0001526520
2021_1,IMPACTS,0000732717
2016_2,IMPACTS,0001185348
2016_7,IMPACTS,0000882095
2016_11,IMPACTS,0000793952
2016_11,IMPACTS,0000104169
2017_0,IMPACTS,0001396009
2017_0,IMPACTS,0000104169
2020_29,IMPACTS,0000104169
2020_29,IMPACTS,0001022079
2008_3,IMPACTS,0000012927
2008_3,IMPACTS,0000093410
2008_3,IMPACTS,0000004127
2008_3,IMPACTS,0000034088
2012_5,IMPACTS,0000012927
2012_5,IMPACTS,0000093410
2012_5,IMPACTS,0000004127
2012_5,IMPACTS,0000034088
2016_11,IMPACTS,0001403161
2021_39,IMPACTS,0001045810
2022_35,IMPACTS,0001633917
2002_0,IMPACTS,0000001800
2002_0,IMPACTS,0000021344
2002_0,IMPACTS,0001413329
2016_11,IMPACTS,0000001750
2007_2,IMPACTS,0001018724
2007_2,IMPACTS,0000050863
2007_2,IMPACTS,0000789019
2004_0,IMPACTS,0001089063
2005_6,IMPACTS,0000040545
2016_7,IMPACTS,0000796343
2016_7,IMPACTS,0001048911
2016_7,IMPACTS,0001604778
2010_4,IMPACTS,0001374310
2010_4,IMPACTS,0000876437
2016_11,IMPACTS,0001133421
2022_11,IMPACTS,0001306830
2022_11,IMPACTS,0001637459
2009_0,IMPACTS,0001289419
2006_5,IMPACTS,0001403161
2006_5,IMPACTS,0001097864
2004_0,IMPACTS,0001075531
2004_0,IMPACTS,0001744489
2004_0,IMPACTS,0000021344
2020_8,IMPACTS,0001744489
2020_8,IMPACTS,0000021344
2023_6,IMPACTS,0001318605
2009_0,IMPACTS,0000829224
2002_12,IMPACTS,0000006201
2022_5,IMPACTS,0001660134
2016_11,IMPACTS,0000318154
2012_5,IMPACTS,0000753308
2022_5,IMPACTS,0000880266
2022_5,IMPACTS,0000899751
2017_0,IMPACTS,0001164727
2006_8,IMPACTS,0000002488
2002_3,IMPACTS,0001053507
2004_0,IMPACTS,0001058090
2020_19,IMPACTS,0001058090
2022_39,IMPACTS,0000051143
2005_15,IMPACTS,0000077476
2006_8,IMPACTS,0000946581
2015_7,IMPACTS,0001463101
2015_7,IMPACTS,0000753308
2014_0,IMPACTS,0000759944
2014_0,IMPACTS,0001128361
2014_0,IMPACTS,0000801337
2022_5,IMPACTS,0000759944
2022_5,IMPACTS,0001128361
2022_5,IMPACTS,0000801337
2016_1,IMPACTS,0001318605
2014_0,IMPACTS,0001163165
2014_0,IMPACTS,0001520006
2022_5,IMPACTS,0001520006
2017_0,IMPACTS,0001130310
2008_3,IMPACTS,0001739940
2008_3,IMPACTS,0000049071
2016_11,IMPACTS,0001739940
2016_11,IMPACTS,0000049071
2016_7,IMPACTS,0001163165
2016_7,IMPACTS,0000026172
2002_12,IMPACTS,0000002488
2004_0,IMPACTS,0001564708
2017_6,IMPACTS,0001744489
2017_6,IMPACTS,0000921738
2020_8,IMPACTS,0000921738
2002_3,IMPACTS,0000012927
2014_0,IMPACTS,0000821026
2014_0,IMPACTS,0000835011
2022_5,IMPACTS,0000821026
2022_5,IMPACTS,0000835011
2001_6,IMPACTS,0000713676
2001_6,IMPACTS,0000100885
2001_6,IMPACTS,0000034088
2014_0,IMPACTS,0000066740
2022_5,IMPACTS,0000066740
2017_7,IMPACTS,0000793733
2002_10,IMPACTS,0000793733
2006_7,IMPACTS,0000793733
2016_7,IMPACTS,0000006201
2016_7,IMPACTS,0001579298
2016_11,IMPACTS,0000885725
2016_11,IMPACTS,0001099800
2017_0,IMPACTS,0001099800
2005_12,IMPACTS,0000018230
2005_12,IMPACTS,0000895421
2008_4,IMPACTS,0000018230
2008_4,IMPACTS,0000895421
2012_4,IMPACTS,0000018230
2012_4,IMPACTS,0000895421
2016_11,IMPACTS,0000093410
2016_11,IMPACTS,0000006951
2016_11,IMPACTS,0001413329
2005_12,IMPACTS,0001633931
2005_12,IMPACTS,0000916076
2005_12,IMPACTS,0001370946
2005_12,IMPACTS,0001396009
2017_0,IMPACTS,0001403161
2017_0,IMPACTS,0001442145
2009_0,IMPACTS,0001058090
2009_0,IMPACTS,0001065088
2021_28,IMPACTS,0001396009
2009_0,IMPACTS,0001390777
2017_0,IMPACTS,0000012927
2015_6,IMPACTS,0001133421
2018_1,IMPACTS,0001069258
2022_5,IMPACTS,0000927653
2016_7,IMPACTS,0000914475
2022_5,IMPACTS,0000002969
2016_7,IMPACTS,0000726728
2016_11,IMPACTS,0001539838
2017_0,IMPACTS,0000049071
2017_0,IMPACTS,0000887733
2016_11,IMPACTS,0001561894
2016_7,IMPACTS,0000764478
2009_0,IMPACTS,0001766502
2016_11,IMPACTS,0001384101
2017_0,IMPACTS,0001739940
2017_0,IMPACTS,0001520697
2017_0,IMPACTS,0000860730
2017_0,IMPACTS,0000070318
2016_7,IMPACTS,0001418121
2016_7,IMPACTS,0001025378
2016_11,IMPACTS,0001064728
2018_1,IMPACTS,0000035527
2018_1,IMPACTS,0001164727
2008_3,IMPACTS,0000886982
2008_3,IMPACTS,0000091576
2008_3,IMPACTS,0000109380
2016_11,IMPACTS,0000109380
2016_11,IMPACTS,0000096021
2016_11,IMPACTS,0000100493
2008_3,IMPACTS,0001093557
2016_11,IMPACTS,0001093557
2017_0,IMPACTS,0001093557
2016_11,IMPACTS,0001564708
2017_0,IMPACTS,0001564708
2017_0,IMPACTS,0000097745
2006_8,IMPACTS,0000891103
2016_11,IMPACTS,0000040545
2015_6,IMPACTS,0001090012
2015_6,IMPACTS,0001520006
2017_0,IMPACTS,0000034088
2013_8,IMPACTS,0001433270
2018_1,IMPACTS,0000093410
2018_1,IMPACTS,0000821189
2018_1,IMPACTS,
2022_39,IMPACTS,0001645590
2016_11,IMPACTS,0000022356
2022_5,IMPACTS,0000050863
2022_5,IMPACTS,0001296445
2016_11,IMPACTS,0001579298
2016_11,IMPACTS,0001067294
2016_11,IMPACTS,0000764478
2016_7,IMPACTS,0000009092
2017_0,IMPACTS,0000732717
2008_3,IMPACTS,0000940944
2020_29,IMPACTS,0000940944
2021_5,IMPACTS,0000940944
2010_7,IMPACTS,0001374310
2012_5,IMPACTS,0000026172
2012_5,IMPACTS,0000076334
2016_11,IMPACTS,0000320187
2016_11,IMPACTS,0001345016
2017_0,IMPACTS,0000320187
2017_0,IMPACTS,0001345016
2016_11,IMPACTS,0000822818
2016_11,IMPACTS,0001060391
2016_11,IMPACTS,0001002910
2016_11,IMPACTS,0001070412
2008_3,IMPACTS,0001070985
2016_11,IMPACTS,0001070985
2020_29,IMPACTS,0001070985
2016_11,IMPACTS,0000008670
2016_11,IMPACTS,0001066605
2017_0,IMPACTS,0000008670
2017_0,IMPACTS,0001066605
2016_11,IMPACTS,0000929008
2016_11,IMPACTS,0000106040
2017_0,IMPACTS,0000929008
2017_0,IMPACTS,0000106040
2009_0,IMPACTS,0001636222
2009_0,IMPACTS,0000012927
2001_0,IMPACTS,0001108524
2001_0,IMPACTS,0000789019
2001_0,IMPACTS,0000320187
2009_0,IMPACTS,0000816761
2016_7,IMPACTS,0000766421
2018_1,IMPACTS,0001023024
2008_3,IMPACTS,0001108524
2008_3,IMPACTS,0000875320
2021_5,IMPACTS,0001108524
2021_5,IMPACTS,0000875320
2016_11,IMPACTS,0001111335
2016_7,IMPACTS,0000036966
2016_7,IMPACTS,
2008_3,IMPACTS,0000077476
2008_3,IMPACTS,0000096021
2016_11,IMPACTS,0000077476
2022_5,IMPACTS,0000821189
2018_1,IMPACTS,0000723125
2016_11,IMPACTS,0000008818
2016_11,IMPACTS,0001123360
2005_12,IMPACTS,0001101302
2008_3,IMPACTS,0000919012
2016_11,IMPACTS,0000919012
2008_3,IMPACTS,0000093389
2008_3,IMPACTS,0001116942
2012_5,IMPACTS,0000093389
2012_5,IMPACTS,0001116942
2016_11,IMPACTS,0000093389
2016_11,IMPACTS,0001116942
2017_0,IMPACTS,0000796343
2015_7,IMPACTS,0000040545
2016_11,IMPACTS,0000882184
2016_11,IMPACTS,0000906163
2016_11,IMPACTS,0001067701
2017_0,IMPACTS,0000882184
2017_0,IMPACTS,0000906163
2017_0,IMPACTS,0001067701
2016_7,IMPACTS,0001530950
2016_7,IMPACTS,0000100493
2009_0,IMPACTS,0001467373
2009_0,IMPACTS,
2016_11,IMPACTS,0001014473
2016_7,IMPACTS,0000004904
2005_12,IMPACTS,0001472787
2005_12,IMPACTS,0000886982
2005_12,IMPACTS,0001126328
2006_4,IMPACTS,0000092122
2008_3,IMPACTS,0001043219
2008_3,IMPACTS,0000732717
2012_5,IMPACTS,0001043219
2012_5,IMPACTS,0000732717
2017_0,IMPACTS,0001043219
2020_29,IMPACTS,0001043219
2020_29,IMPACTS,0000732717
2001_2,IMPACTS,0001623925
2016_11,IMPACTS,0001623925
2005_1,IMPACTS,0001108524
2016_1,IMPACTS,0001108524
2006_4,IMPACTS,0001058090
2016_11,IMPACTS,0001472787
2016_11,IMPACTS,0001048695
2016_11,IMPACTS,0000097745
2016_11,IMPACTS,0001048477
2016_11,IMPACTS,0000939767
2017_0,IMPACTS,0000875320
2016_11,IMPACTS,0001130310
2016_11,IMPACTS,0001121788
2022_5,IMPACTS,0000882184
2022_5,IMPACTS,0000804328
2021_5,IMPACTS,0000813672
2021_5,IMPACTS,0001318605
2021_5,IMPACTS,0000097476
2022_5,IMPACTS,0000016040
2022_5,IMPACTS,0000046765
2006_4,IMPACTS,0001324424
2006_4,IMPACTS,0001800227
2017_0,IMPACTS,0000050863
2017_0,IMPACTS,0000080661
2017_0,IMPACTS,0001097149
2017_0,IMPACTS,0000711404
2007_2,IMPACTS,0000068505
2006_8,IMPACTS,0000769397
2016_7,IMPACTS,0001958086
2016_7,IMPACTS,0001005284
2022_5,IMPACTS,0001675149
2022_5,IMPACTS,0000723125
2022_5,IMPACTS,0000100493
2008_3,IMPACTS,0001403161
2012_5,IMPACTS,0001403161
2020_29,IMPACTS,0001403161
2001_2,IMPACTS,0001611647
2008_3,IMPACTS,0001611647
2012_5,IMPACTS,0001611647
2020_29,IMPACTS,0001611647
2016_11,IMPACTS,0001551152
2016_11,IMPACTS,0000315189
2016_11,IMPACTS,0001569650
2017_0,IMPACTS,0000315189
2017_0,IMPACTS,0001569650
2015_5,IMPACTS,0001539838
2015_5,IMPACTS,0001520006
2015_5,IMPACTS,0000893538
2016_11,IMPACTS,0001047127
2016_11,IMPACTS,0000014707
2016_7,IMPACTS,0001278027
2017_0,IMPACTS,0000002488
2017_0,IMPACTS,0000040545
2010_4,IMPACTS,0000093410
2016_7,IMPACTS,0000935703
2016_7,IMPACTS,0001403568
2008_3,IMPACTS,0000764478
2008_3,IMPACTS,0001579298
2008_3,IMPACTS,0001525769
2008_3,IMPACTS,0000901491
2012_5,IMPACTS,0000764478
2012_5,IMPACTS,0001579298
2012_5,IMPACTS,0001525769
2012_5,IMPACTS,0000901491
2016_11,IMPACTS,0001525769
2016_11,IMPACTS,0000901491
2001_2,IMPACTS,0001579298
2001_2,IMPACTS,0001089063
2001_2,IMPACTS,0000912615
2016_11,IMPACTS,0001089063
2016_11,IMPACTS,0000912615
2002_3,IMPACTS,0001800227
2016_11,IMPACTS,0000871763
2017_0,IMPACTS,0001047862
2017_0,IMPACTS,0001336917
2016_11,IMPACTS,0000820318
2016_11,IMPACTS,0001993004
2017_0,IMPACTS,0001993004
2021_5,IMPACTS,0001463101
2021_28,IMPACTS,0001280452
2021_28,IMPACTS,0000097476
2021_28,IMPACTS,0000103730
2020_29,IMPACTS,0001590895
2020_29,IMPACTS,0000921738
2016_11,IMPACTS,0001575965
2016_11,IMPACTS,0001464423
2020_29,IMPACTS,0000935703
2020_29,IMPACTS,0000040545
2023_23,IMPACTS,0000007084
2023_23,IMPACTS,0000721371
2020_29,IMPACTS,0001660134
2016_7,IMPACTS,0001029199
2022_5,IMPACTS,0001433270
2001_6,IMPACTS,0000732717
2012_5,IMPACTS,0000887596
2005_12,IMPACTS,0000885639
2016_11,IMPACTS,0000831641
2016_11,IMPACTS,0000887733
2016_11,IMPACTS,0000737758
2002_12,IMPACTS,0000001800
2006_6,IMPACTS,0001517175
2006_6,IMPACTS,0001286681
2001_2,IMPACTS,0000005272
2008_3,IMPACTS,0000005272
2016_11,IMPACTS,0000005272
2004_0,IMPACTS,0001002047
2016_11,IMPACTS,0001002047
2016_7,IMPACTS,0001048695
2016_7,IMPACTS,0001596532
2016_1,IMPACTS,0001433270
2022_39,IMPACTS,0000860731
2016_7,IMPACTS,0001164727
2016_7,IMPACTS,0001090727
2015_4,IMPACTS,0001393311
2001_2,IMPACTS,0000318154
2008_3,IMPACTS,0000318154
2012_5,IMPACTS,0000318154
2021_37,IMPACTS,0000021665
2021_37,IMPACTS,0000040704
2021_37,IMPACTS,0000021344
2001_7,IMPACTS,0001133421
2017_0,IMPACTS,0000055785
2017_0,IMPACTS,0000066740
2017_0,IMPACTS,0001113169
2016_11,IMPACTS,0000001800
2016_11,IMPACTS,0000066740
2017_8,IMPACTS,0000006951
2017_8,IMPACTS,0000875045
2017_8,IMPACTS,0000077476
2017_8,IMPACTS,0000097476
2006_4,IMPACTS,0000891103
2017_0,IMPACTS,0000891103
2006_4,IMPACTS,0000723125
2009_0,IMPACTS,0000040545
2009_0,IMPACTS,0000046080
2017_0,IMPACTS,0000764478
2022_9,IMPACTS,0001144980
2022_9,IMPACTS,0000944695
2022_5,IMPACTS,0001048911
2022_5,IMPACTS,0001090727
2022_5,IMPACTS,0001166003
2016_7,IMPACTS,0000936340
2016_7,IMPACTS,0000075677
2016_11,IMPACTS,0000885639
2016_11,IMPACTS,0000068505
2017_0,IMPACTS,0000885639
2017_0,IMPACTS,0000068505
2009_0,IMPACTS,0000827876
2017_0,IMPACTS,0000723188
2017_0,IMPACTS,0000805676
2018_1,IMPACTS,0000850209
2018_1,IMPACTS,0000885639
2018_1,IMPACTS,0001336917
2016_1,IMPACTS,0001633917
2016_1,IMPACTS,0000875320
2020_4,IMPACTS,0000004904
2020_4,IMPACTS,0001326160
2020_4,IMPACTS,0000753308
2008_3,IMPACTS,0000073309
2016_11,IMPACTS,0000073309
2017_0,IMPACTS,0000105634
2007_1,IMPACTS,0001108524
2007_1,IMPACTS,0001744489
2022_11,IMPACTS,0000834365
2016_7,IMPACTS,0001099800
2020_36,IMPACTS,0000310158
2022_35,IMPACTS,0000827876
2018_1,IMPACTS,0000004977
2018_1,IMPACTS,0000882835
2016_7,IMPACTS,0000700564
2016_7,IMPACTS,0000040545
2016_7,IMPACTS,0000732717
2002_3,IMPACTS,0001571949
2017_0,IMPACTS,0000019584
2006_4,IMPACTS,0001636222
2008_3,IMPACTS,0001575965
2008_3,IMPACTS,0000015615
2016_11,IMPACTS,0000015615
2008_3,IMPACTS,0000310158
2014_0,IMPACTS,0000831001
2014_0,IMPACTS,0001792580
2009_0,IMPACTS,0000871763
2007_1,IMPACTS,0000320193
2007_1,IMPACTS,0000789019
2007_1,IMPACTS,0001318605
2022_21,IMPACTS,0000320193
2022_21,IMPACTS,0001744489
2022_21,IMPACTS,0000789019
2022_21,IMPACTS,0001318605
2002_11,IMPACTS,0000026172
2002_11,IMPACTS,0000034088
2022_5,IMPACTS,0000026172
2018_4,IMPACTS,0001177609
2018_4,IMPACTS,0001639300
2012_5,IMPACTS,0001463101
2020_29,IMPACTS,0001463101
2021_35,IMPACTS,0001463101
2021_35,IMPACTS,0001561894
2021_35,IMPACTS,0001469367
2009_0,IMPACTS,0000764478
2009_0,IMPACTS,0000033185
2014_0,IMPACTS,0001486957
2014_0,IMPACTS,0000202058
2022_5,IMPACTS,0001486957
2022_5,IMPACTS,0000202058
2022_5,IMPACTS,0001035002
2008_3,IMPACTS,0000915913
2020_29,IMPACTS,0000915913
2022_5,IMPACTS,0001463101
2022_5,IMPACTS,0000858470
2021_5,IMPACTS,0001166691
2002_3,IMPACTS,0001108524
2005_1,IMPACTS,0001065088
2005_1,IMPACTS,0001633917
2021_35,IMPACTS,0001296445
2016_1,IMPACTS,0001463101
2021_1,IMPACTS,0001580808
2021_1,IMPACTS,0000050863
2021_5,IMPACTS,0001675149
2021_5,IMPACTS,0000018230
2021_5,IMPACTS,0001051470
2021_5,IMPACTS,0001350593
2021_5,IMPACTS,0001396009
2016_11,IMPACTS,0001053507
2016_11,IMPACTS,0000918646
2021_28,IMPACTS,0001053507
2021_28,IMPACTS,0000073309
2021_5,IMPACTS,0001053507
2021_5,IMPACTS,0000702165
2022_42,IMPACTS,0000093410
2006_4,IMPACTS,0001091667
2006_4,IMPACTS,0001744489
2002_3,IMPACTS,0001326380
2006_4,IMPACTS,0001326380
2022_11,IMPACTS,0000001800
2012_0,IMPACTS,0000093410
2012_0,IMPACTS,0000074303
2022_5,IMPACTS,0000074303
2023_23,IMPACTS,0000919012
2023_23,IMPACTS,0000027419
2023_23,IMPACTS,0000109198
2008_3,IMPACTS,0000909832
2015_6,IMPACTS,0000909832
2021_37,IMPACTS,0000909832
2001_8,IMPACTS,0000320193
2001_8,IMPACTS,0001018724
2001_8,IMPACTS,0000789019
2014_0,IMPACTS,0001164727
2022_5,IMPACTS,0001164727
2020_29,IMPACTS,0000018230
2002_3,IMPACTS,0001463101
2021_5,IMPACTS,0000012927
2021_5,IMPACTS,0000923796
2021_5,IMPACTS,0000034088
2008_3,IMPACTS,0000882095
2016_11,IMPACTS,0000882095
2007_2,IMPACTS,0000764478
2007_2,IMPACTS,0001089063
2020_29,IMPACTS,0000093410
2006_5,IMPACTS,0001318605
2006_4,IMPACTS,0000320193
2002_3,IMPACTS,0000002488
2002_3,IMPACTS,0000037996
2002_3,IMPACTS,0000100517
2014_0,IMPACTS,0001075531
2008_3,IMPACTS,0000804328
2017_0,IMPACTS,0000804328
2020_29,IMPACTS,0000804328
2021_5,IMPACTS,0000804328
2014_0,IMPACTS,0001035201
2017_0,IMPACTS,0000766421
2008_3,IMPACTS,0001396009
2016_11,IMPACTS,0000732717
2016_11,IMPACTS,0000927628
2017_0,IMPACTS,0000927628
2003_2,IMPACTS,0000202058
2020_1,IMPACTS,0000202058
2020_1,IMPACTS,0001133421
2021_5,IMPACTS,0000915913
2012_5,IMPACTS,0000001800
2012_5,IMPACTS,0000007084
2012_5,IMPACTS,0000909832
2012_5,IMPACTS,0000074303
2012_5,IMPACTS,0000104169
2021_5,IMPACTS,0000074303
2021_5,IMPACTS,0000104169
2006_4,IMPACTS,0001108524
2006_4,IMPACTS,0001373715
2008_3,IMPACTS,0000006951
2008_3,IMPACTS,0001059556
2020_29,IMPACTS,0000006951
2020_29,IMPACTS,0001059556
2008_3,IMPACTS,0000040545
2016_7,IMPACTS,0001043277
2006_4,IMPACTS,0001283699
2020_34,IMPACTS,0001018724
2020_34,IMPACTS,0000789019
2004_0,IMPACTS,0001018724
2004_0,IMPACTS,0000789019
2006_4,IMPACTS,0000310158
2006_4,IMPACTS,0001336917
2017_6,IMPACTS,0001336917
2002_3,IMPACTS,0000021344
2002_3,IMPACTS,0001341439
2017_0,IMPACTS,0001070985
2017_0,IMPACTS,0000923796
2016_7,IMPACTS,0001075531
2021_33,IMPACTS,0000732717
2014_0,IMPACTS,0000829224
2006_4,IMPACTS,0000764478
2006_4,IMPACTS,0000909832
2006_4,IMPACTS,0000047217
2006_4,IMPACTS,0000077476
2015_5,IMPACTS,0000753308
2015_5,IMPACTS,0000092122
2016_11,IMPACTS,0001048911
2017_6,IMPACTS,0001089063
2005_6,IMPACTS,0000831001
2016_11,IMPACTS,0001163165
2002_8,IMPACTS,0001783180
2018_4,IMPACTS,0000866706
2012_4,IMPACTS,0001331875
2012_4,IMPACTS,0000084246
2012_4,IMPACTS,0000086312
2022_5,IMPACTS,0000868857
2022_5,IMPACTS,0000067215
2022_5,IMPACTS,0000916076
2022_5,IMPACTS,0001396009
2014_0,IMPACTS,0000868857
2014_0,IMPACTS,0001370946
2022_5,IMPACTS,0001370946
2020_37,IMPACTS,0000868857
2022_39,IMPACTS,0000891103
2022_39,IMPACTS,0001786352
2022_39,IMPACTS,0001526520
2022_39,IMPACTS,0000917273
2022_39,IMPACTS,0000104169
2023_15,IMPACTS,0000104169
2023_23,IMPACTS,0001045810
2017_7,IMPACTS,0000005272
2017_7,IMPACTS,0001267238
2017_7,IMPACTS,0001400810
2017_7,IMPACTS,0000086312
2022_5,IMPACTS,0000005272
2009_0,IMPACTS,0001326380
2022_5,IMPACTS,0000002488
2006_10,IMPACTS,0000002488
2022_39,IMPACTS,0001037868
2022_39,IMPACTS,0000097210
2008_3,IMPACTS,0000042888
2021_5,IMPACTS,0000042888
2013_3,IMPACTS,0000104169
2001_6,IMPACTS,0000001750
2014_0,IMPACTS,0001487712
2022_5,IMPACTS,0001487712
2013_13,IMPACTS,0000034088
2014_0,IMPACTS,0001783180
2022_5,IMPACTS,0001783180
2014_0,IMPACTS,0000895421
2014_0,IMPACTS,0001113169
2022_5,IMPACTS,0000831001
2022_5,IMPACTS,0000895421
2022_5,IMPACTS,0001113169
2014_0,IMPACTS,0000886982
2021_37,IMPACTS,0000831001
2021_37,IMPACTS,0000886982
2021_37,IMPACTS,0000895421
2021_37,IMPACTS,0001113169
2020_29,IMPACTS,0000868857
2020_29,IMPACTS,0000908255
2020_29,IMPACTS,0000066740
2020_29,IMPACTS,0000015615
2020_29,IMPACTS,0000097745
2020_29,IMPACTS,0001111335
2020_29,IMPACTS,0000072971
2021_5,IMPACTS,0000093410
2020_29,IMPACTS,0000034088
2020_29,IMPACTS,0000012927
2014_0,IMPACTS,0000909832
2014_0,IMPACTS,0001035002
2014_0,IMPACTS,0000072971
2023_28,IMPACTS,0000034088
2022_5,IMPACTS,0000093556
2015_7,IMPACTS,0000034088
2021_35,IMPACTS,0000034088
2020_8,IMPACTS,0000885725
2020_8,IMPACTS,0000827052
2014_0,IMPACTS,0001403161
2022_5,IMPACTS,0001403161
2014_0,IMPACTS,0000310158
2022_5,IMPACTS,0000310158
2022_5,IMPACTS,0000100517
2014_0,IMPACTS,0000084748
2022_5,IMPACTS,0000084748
2008_3,IMPACTS,0000001750
2020_29,IMPACTS,0001374310
2020_29,IMPACTS,0001571949
2020_29,IMPACTS,0001120193
2002_3,IMPACTS,0000320193
2022_9,IMPACTS,0000320193
2020_34,IMPACTS,0000320193
2017_0,IMPACTS,0001326380
2014_0,IMPACTS,0001390777
2014_0,IMPACTS,0001120193
2022_5,IMPACTS,0001390777
2022_5,IMPACTS,0001120193
2022_5,IMPACTS,0000033213
2023_28,IMPACTS,0000315293
2020_8,IMPACTS,0000040545
2020_8,IMPACTS,0000886982
2020_8,IMPACTS,0000100885
2020_8,IMPACTS,0000034088
2022_39,IMPACTS,0001467373
2022_39,IMPACTS,0000851205
2016_11,IMPACTS,0001108524
2020_29,IMPACTS,0001108524
2022_21,IMPACTS,0001056288
2020_29,IMPACTS,0000310158
2021_37,IMPACTS,0001571949
2022_5,IMPACTS,0001571949
2023_7,IMPACTS,0001781335
2020_29,IMPACTS,0001754301
2020_8,IMPACTS,0001048911
2020_29,IMPACTS,0001744489
2002_3,IMPACTS,0001056288
2002_3,IMPACTS,0001408198
2022_9,IMPACTS,0001326380
2022_9,IMPACTS,0000895421
2002_3,IMPACTS,0000915913
2008_3,IMPACTS,0001374310
2022_1,IMPACTS,0000886982
2014_0,IMPACTS,
2022_5,IMPACTS,
2022_21,IMPACTS,0000001750
2022_25,IMPACTS,0001326380
2014_0,IMPACTS,0001124198
2022_5,IMPACTS,0001124198
2021_14,IMPACTS,0000935703
2021_14,IMPACTS,0000046080
2015_1,IMPACTS,0000895421
2021_24,IMPACTS,0000895421
2016_11,IMPACTS,0001744489
2016_11,IMPACTS,0001754301
2008_3,IMPACTS,0001744489
2008_3,IMPACTS,0001754301
2014_0,IMPACTS,0001592386
2015_6,IMPACTS,0001592386
2022_5,IMPACTS,0001592386
2016_11,IMPACTS,0000034088
2008_3,IMPACTS,0000895421
2008_3,IMPACTS,0001626115
2016_11,IMPACTS,0001626115
2020_29,IMPACTS,0000886982
2020_29,IMPACTS,0000895421
2020_29,IMPACTS,0001626115
2002_12,IMPACTS,0000012927
2002_12,IMPACTS,0000026172
2002_12,IMPACTS,0000040545
2002_12,IMPACTS,0000066740
2021_35,IMPACTS,0000753308
2022_5,IMPACTS,0000936528
2008_3,IMPACTS,0001527166
2008_3,IMPACTS,0001113169
2016_11,IMPACTS,0001527166
2016_11,IMPACTS,0001113169
2020_29,IMPACTS,0001527166
2020_29,IMPACTS,0001113169
2012_0,IMPACTS,0001056288
2012_0,IMPACTS,0000077476
2014_0,IMPACTS,0001056288
2014_0,IMPACTS,0000077476
2022_5,IMPACTS,0001056288
2022_5,IMPACTS,0000077476
2018_4,IMPACTS,0000885725
2018_4,IMPACTS,0001005757
2018_4,IMPACTS,0000077476
2018_4,IMPACTS,0000087347
2014_0,IMPACTS,0001045810
2022_5,IMPACTS,0000796343
2008_3,IMPACTS,0001283699
2016_2,IMPACTS,0000732717
2016_2,IMPACTS,0001283699
2012_4,IMPACTS,0001283699
2017_7,IMPACTS,0000732717
2017_7,IMPACTS,0001283699
2022_29,IMPACTS,0000080661
2022_29,IMPACTS,0000084246
2022_11,IMPACTS,0000084748
2012_4,IMPACTS,0001050915
2022_43,IMPACTS,0000886982
2022_39,IMPACTS,0000810136
2020_1,IMPACTS,0000002488
2020_1,IMPACTS,0000050863
2005_12,IMPACTS,0000868857
2013_13,IMPACTS,0001133421
2011_3,IMPACTS,0001133421
2008_3,IMPACTS,0001336920
2017_0,IMPACTS,0001336920
2016_7,IMPACTS,0001004434
2016_11,IMPACTS,0001042046
2016_11,IMPACTS,0000004977
2016_11,IMPACTS,0000899051
2007_2,IMPACTS,0001551152
2004_0,IMPACTS,0001403161
2022_1,IMPACTS,0000093410
2022_1,IMPACTS,0000034088
2020_29,IMPACTS,0001627223
2020_29,IMPACTS,0000072741
2020_29,IMPACTS,0000064996
2020_29,IMPACTS,0001049521
2020_29,IMPACTS,0001296445
2020_29,IMPACTS,0001137774
2020_29,IMPACTS,0000078128
2012_4,IMPACTS,0001048911
2004_0,IMPACTS,0000764478
2004_0,IMPACTS,0000016732
2012_4,IMPACTS,0000899051
2005_12,IMPACTS,0000007084
2005_12,IMPACTS,0000008670
2005_12,IMPACTS,0000026172
2012_4,IMPACTS,0000007084
2012_4,IMPACTS,0000008670
2012_4,IMPACTS,0000026172
2001_8,IMPACTS,0000726958
2007_2,IMPACTS,0000726958
2012_2,IMPACTS,0000726958
2012_6,IMPACTS,0000001750
2001_6,IMPACTS,0000006201
2018_4,IMPACTS,0000001750
2016_7,IMPACTS,0000001750
2020_4,IMPACTS,0000001750
2002_3,IMPACTS,0000001750
2016_11,IMPACTS,0000766421
2017_8,IMPACTS,0000793733
2022_29,IMPACTS,0000766421
2022_29,IMPACTS,0000100517
2014_0,IMPACTS,0000006201
2022_5,IMPACTS,0000006201
2016_2,IMPACTS,0000766421
2014_0,IMPACTS,0000766421
2022_5,IMPACTS,0000766421
2005_12,IMPACTS,0001362468
2005_12,IMPACTS,0000766421
2004_1,IMPACTS,0000006201
2015_7,IMPACTS,0000001750
2015_7,IMPACTS,0000093410
2014_0,IMPACTS,0001597033
2022_5,IMPACTS,0001597033
2022_29,IMPACTS,0001744489
2022_29,IMPACTS,0000006201
2014_0,IMPACTS,0001090727
2016_11,IMPACTS,0001091667
2017_0,IMPACTS,0001091667
2017_0,IMPACTS,0001166691
2016_6,IMPACTS,0000766421
2014_0,IMPACTS,0000040211
2005_3,IMPACTS,0000915913
2005_3,IMPACTS,0001463101
2013_13,IMPACTS,0001675149
2013_13,IMPACTS,0000949157
2022_5,IMPACTS,0000949157
2002_3,IMPACTS,0001794669
2022_29,IMPACTS,0001362468
2022_29,IMPACTS,0000040211
2022_29,IMPACTS,0000085961
2008_3,IMPACTS,0000899051
2005_12,IMPACTS,0001267238
2005_12,IMPACTS,0001400810
2012_4,IMPACTS,0000874766
2006_10,IMPACTS,0000732717
2006_10,IMPACTS,0001283699
2015_7,IMPACTS,0001013871
2002_3,IMPACTS,0001403161
2016_7,IMPACTS,0000077476
2016_7,IMPACTS,0000023217
2016_7,IMPACTS,0000063754
2017_7,IMPACTS,0001042046
2017_7,IMPACTS,0001547903
2017_7,IMPACTS,0001137774
2021_33,IMPACTS,0001018724
2020_19,IMPACTS,0000886982
2002_3,IMPACTS,0001018724
2015_7,IMPACTS,0001018724
2015_7,IMPACTS,0000797468
2020_8,IMPACTS,0000320187
2020_8,IMPACTS,0000077476
2021_33,IMPACTS,0000012927
2021_19,IMPACTS,0000012927
2020_8,IMPACTS,0000050863
2006_4,IMPACTS,0001590895
2006_4,IMPACTS,0001794669
2006_4,IMPACTS,0001403161
2020_37,IMPACTS,0000006201
2023_23,IMPACTS,0000006201
2014_0,IMPACTS,0001633917
2021_1,IMPACTS,0001751788
2021_5,IMPACTS,0000016732
2002_0,IMPACTS,0000039263
2001_8,IMPACTS,0000318154
2010_4,IMPACTS,0000034088
2009_0,IMPACTS,0001324424
2012_5,IMPACTS,0000070318
2015_6,IMPACTS,0000831001
2011_0,IMPACTS,0000072903
2010_4,IMPACTS,0001841666
2010_4,IMPACTS,0001163165
2016_11,IMPACTS,0000036104
2016_11,IMPACTS,0001433270
2016_11,IMPACTS,0000033213
2002_3,IMPACTS,0001283699
2012_4,IMPACTS,0000919012
2012_4,IMPACTS,0000912463
2014_0,IMPACTS,0001433270
2013_6,IMPACTS,0001841666
2020_8,IMPACTS,0000104169
2022_38,IMPACTS,0000320193
2001_8,IMPACTS,0001065088
2007_2,IMPACTS,0000002488
2007_2,IMPACTS,0000732717
2007_2,IMPACTS,0001120193
2016_7,IMPACTS,0000016160
2007_2,IMPACTS,0001283699
2007_2,IMPACTS,0001433270
2016_10,IMPACTS,0001109354
2016_10,IMPACTS,0000851205
2007_2,IMPACTS,0000047217
2002_12,IMPACTS,0000004127
2020_8,IMPACTS,0000320193
2021_32,IMPACTS,0000320193
2002_12,IMPACTS,0000024741
2001_8,IMPACTS,0001403161
2007_2,IMPACTS,0001065088
2007_2,IMPACTS,0001403161
2021_21,IMPACTS,0000050863
2007_2,IMPACTS,0001121788
2007_2,IMPACTS,0000006951
2001_8,IMPACTS,0000004127
2007_2,IMPACTS,0000004127
2015_3,IMPACTS,0000104169
2017_0,IMPACTS,0001341439
2014_0,IMPACTS,0000320187
2022_5,IMPACTS,0000793952
2022_5,IMPACTS,0000320187
2002_12,IMPACTS,0001604778
2012_4,IMPACTS,0000947484
2016_11,IMPACTS,0000004127
2016_11,IMPACTS,0000097476
2009_0,IMPACTS,0001722684
2021_39,IMPACTS,0001633917
2021_39,IMPACTS,0001722684
2017_0,IMPACTS,0001070412
2016_11,IMPACTS,0000106640
2017_0,IMPACTS,0000106640
2017_0,IMPACTS,0000072971
2022_11,IMPACTS,0000002488
2016_10,IMPACTS,0001109357
2016_10,IMPACTS,0000753308
2020_29,IMPACTS,0000026172
2008_3,IMPACTS,0001564708
2020_29,IMPACTS,0001564708
2001_12,IMPACTS,0001059556
2022_36,IMPACTS,0000001750
2014_0,IMPACTS,0000001750
2022_4,IMPACTS,0001403161
2020_29,IMPACTS,0001090727
2021_5,IMPACTS,0000040545
2021_33,IMPACTS,0001069258
2021_33,IMPACTS,0000864749
2021_24,IMPACTS,0000831001
2021_24,IMPACTS,0000093410
2021_24,IMPACTS,0000886982
2021_24,IMPACTS,
2023_23,IMPACTS,0000831001
2023_23,IMPACTS,0000886982
2012_0,IMPACTS,0000012927
2012_0,IMPACTS,0000034088
2008_3,IMPACTS,0001539838
2008_3,IMPACTS,0001040971
2020_29,IMPACTS,0000764478
2020_29,IMPACTS,0001539838
2020_29,IMPACTS,0001040971
2023_15,IMPACTS,0000897077
2023_15,IMPACTS,0000030625
2016_7,IMPACTS,0000012927
2016_11,IMPACTS,0001001250
2020_8,IMPACTS,0000023217
2014_0,IMPACTS,0000899051
2022_5,IMPACTS,0000899051
2002_12,IMPACTS,0000790051
2022_5,IMPACTS,0001047335
2015_7,IMPACTS,0000006201
2014_0,IMPACTS,0001442145
2022_5,IMPACTS,0001442145
2022_5,IMPACTS,0000790051
2014_0,IMPACTS,0000790051
2022_35,IMPACTS,0000790051
2021_32,IMPACTS,0000789019
2005_12,IMPACTS,0001158449
2002_3,IMPACTS,0000793952
2006_4,IMPACTS,0001158449
2006_4,IMPACTS,0000075362
2014_0,IMPACTS,0001521332
2014_0,IMPACTS,0000026172
2022_5,IMPACTS,0001521332
2021_35,IMPACTS,0001318605
2022_5,IMPACTS,0000769397
2011_2,IMPACTS,0000008670
2002_12,IMPACTS,0000036104
2018_1,IMPACTS,0000793733
2022_11,IMPACTS,0000097745
2022_11,IMPACTS,0001428336
2022_5,IMPACTS,0001018963
2016_7,IMPACTS,0001127703
2010_4,IMPACTS,0000884614
2010_4,IMPACTS,0000045012
2010_4,IMPACTS,0001393311
2022_5,IMPACTS,0000893538
2023_23,IMPACTS,0001520006
2016_7,IMPACTS,0001166003
2010_4,IMPACTS,
2022_5,IMPACTS,0000742278
2010_4,IMPACTS,0000046765
2010_4,IMPACTS,0001021860
2022_29,IMPACTS,0000315852
2021_39,IMPACTS,0000104169
2020_25,IMPACTS,0001646972
2020_25,IMPACTS,0000820313
2020_25,IMPACTS,0001219601
2020_25,IMPACTS,0001525769
2020_25,IMPACTS,
2020_25,IMPACTS,0000086312
2020_29,IMPACTS,0001551152
2020_29,IMPACTS,0000875045
2020_29,IMPACTS,0000021665
2020_29,IMPACTS,0001163165
2020_29,IMPACTS,0000920522
2020_29,IMPACTS,0001575965
2020_29,IMPACTS,0000842162
2020_29,IMPACTS,0000851968
2020_29,IMPACTS,0000943819
2020_29,IMPACTS,0000893538
2020_29,IMPACTS,0000875320
2021_5,IMPACTS,0001097149
2021_5,IMPACTS,0001841666
2021_5,IMPACTS,0000020212
2021_5,IMPACTS,0001590895
2021_5,IMPACTS,0001744489
2021_5,IMPACTS,0001326380
2021_5,IMPACTS,0000917520
2021_5,IMPACTS,0000050863
2021_5,IMPACTS,0001757073
2021_5,IMPACTS,0000946581
2002_3,IMPACTS,0001024305
2002_3,IMPACTS,0000882095
2020_8,IMPACTS,0000820318
2020_8,IMPACTS,0000797468
2020_8,IMPACTS,0001403161
2004_0,IMPACTS,0001297184
2004_0,IMPACTS,0000012927
2004_0,IMPACTS,0000712515
2004_0,IMPACTS,0000091440
2004_0,IMPACTS,0001706431
2020_16,IMPACTS,0000005272
2020_16,IMPACTS,0000002488
2020_16,IMPACTS,0001527166
2020_16,IMPACTS,0001285785
2020_16,IMPACTS,0001037038
2020_16,IMPACTS,0001665918
2020_29,IMPACTS,0001596532
2020_29,IMPACTS,0000010456
2020_29,IMPACTS,0001324404
2020_29,IMPACTS,0001109357
2020_29,IMPACTS,0000049071
2020_29,IMPACTS,0000058492
2020_29,IMPACTS,0001285785
2020_29,IMPACTS,0000096021
2020_29,IMPACTS,0000877212
2006_4,IMPACTS,0001551152
2006_4,IMPACTS,0000021665
2006_4,IMPACTS,0000021076
2006_4,IMPACTS,0000093410
2006_4,IMPACTS,0001000228
2006_4,IMPACTS,0000814453
2006_4,IMPACTS,0000821483
2016_11,IMPACTS,0000021665
2016_11,IMPACTS,0000021076
2016_11,IMPACTS,0001000228
2016_11,IMPACTS,0000814453
2016_11,IMPACTS,0000821483
2006_4,IMPACTS,0001024305
2020_29,IMPACTS,0000001800
2020_29,IMPACTS,0000004904
2020_29,IMPACTS,0001841666
2020_29,IMPACTS,0000045012
2020_29,IMPACTS,0000046080
2020_29,IMPACTS,0000797468
2020_29,IMPACTS,
2020_29,IMPACTS,0000087347
2020_32,IMPACTS,0000875045
2020_32,IMPACTS,0001120193
2020_32,IMPACTS,0000091440
2004_0,IMPACTS,0001590895
2004_0,IMPACTS,0001326160
2004_0,IMPACTS,0000723125
2004_0,IMPACTS,0000704532
2020_29,IMPACTS,0001326160
2020_29,IMPACTS,0000723125
2020_29,IMPACTS,0000704532
2020_16,IMPACTS,0001711269
2020_16,IMPACTS,0000313143
2020_16,IMPACTS,0000899689
2006_4,IMPACTS,0001616862
2006_4,IMPACTS,0001783180
2006_4,IMPACTS,0000927628
2006_4,IMPACTS,0000933136
2006_4,IMPACTS,0000033213
2006_4,IMPACTS,0000916076
2006_4,IMPACTS,0001781335
2006_4,IMPACTS,0000100493
2006_4,IMPACTS,0001465740
2008_3,IMPACTS,0000821026
2008_3,IMPACTS,0000875045
2008_3,IMPACTS,0000317540
2008_3,IMPACTS,0001463101
2008_3,IMPACTS,0001356576
2008_3,IMPACTS,0000030697
2020_29,IMPACTS,0000821026
2020_29,IMPACTS,0001739940
2020_29,IMPACTS,0000317540
2020_29,IMPACTS,0001356576
2020_29,IMPACTS,0000030697
2020_29,IMPACTS,0000109380
2016_11,IMPACTS,0001596532
2016_11,IMPACTS,0001841666
2016_11,IMPACTS,0001324404
2016_11,IMPACTS,0001109357
2016_11,IMPACTS,0000058492
2016_11,IMPACTS,0000927653
2016_11,IMPACTS,0001285785
2016_11,IMPACTS,0000877212
2020_29,IMPACTS,0000882095
2020_29,IMPACTS,0000927653
2017_0,IMPACTS,0001596532
2017_0,IMPACTS,0000010456
2017_0,IMPACTS,0000875045
2017_0,IMPACTS,0001048477
2017_0,IMPACTS,0001324404
2017_0,IMPACTS,0000032604
2017_0,IMPACTS,0001551182
2017_0,IMPACTS,0001109357
2017_0,IMPACTS,0001408710
2017_0,IMPACTS,0001754301
2017_0,IMPACTS,0000882095
2017_0,IMPACTS,0000886982
2017_0,IMPACTS,0000058492
2017_0,IMPACTS,0000927653
2017_0,IMPACTS,0001285785
2017_0,IMPACTS,0000895421
2017_0,IMPACTS,0000877212
2020_29,IMPACTS,0000882184
2020_29,IMPACTS,0000916076
2020_29,IMPACTS,0000036270
2020_29,IMPACTS,0000822416
2020_29,IMPACTS,0001561680
2012_5,IMPACTS,0000005272
2012_5,IMPACTS,0000882184
2012_5,IMPACTS,
2012_5,IMPACTS,0000712515
2012_5,IMPACTS,0000030625
2012_5,IMPACTS,0000822416
2012_5,IMPACTS,0001469367
2012_5,IMPACTS,0001283699
2012_5,IMPACTS,0000794170
2012_5,IMPACTS,0001561680
2008_3,IMPACTS,0001024305
2008_3,IMPACTS,0000882184
2008_3,IMPACTS,0000712515
2008_3,IMPACTS,0000030625
2008_3,IMPACTS,0000822416
2008_3,IMPACTS,0000794170
2012_5,IMPACTS,0001024305
2020_29,IMPACTS,0000005272
2020_29,IMPACTS,0001024305
2020_29,IMPACTS,0000712515
2020_29,IMPACTS,0000030625
2020_29,IMPACTS,0000794170
2021_42,IMPACTS,0000012927
2022_39,IMPACTS,0001744489
2023_17,IMPACTS,0000072331
2014_0,IMPACTS,0001701605
2022_5,IMPACTS,0001701605
2022_5,IMPACTS,0000040545
2014_0,IMPACTS,0000315189
2014_0,IMPACTS,0001024478
2022_5,IMPACTS,0000018230
2022_5,IMPACTS,0001024478
2016_7,IMPACTS,0001403161
2016_7,IMPACTS,0001123360
2016_7,IMPACTS,0000713676
2017_0,IMPACTS,0000713676
2017_0,IMPACTS,0000036104
2008_3,IMPACTS,0000831001
2008_3,IMPACTS,0000713676
2008_3,IMPACTS,0000072971
2005_6,IMPACTS,0000895421
2023_23,IMPACTS,0000891103
2020_8,IMPACTS,0000831001
2016_7,IMPACTS,0001133421
2014_0,IMPACTS,0001571949
2021_39,IMPACTS,0000886982
2021_1,IMPACTS,0000886982
2001_10,IMPACTS,0000320187
2001_10,IMPACTS,0001336917
2020_11,IMPACTS,0001137774
2002_12,IMPACTS,0001164727
2018_4,IMPACTS,0000010456
2022_39,IMPACTS,0000021076
2022_39,IMPACTS,0000789570
2005_12,IMPACTS,0001286681
2004_0,IMPACTS,0000320193
2020_11,IMPACTS,0000723125
2020_11,IMPACTS,0001045810
2014_0,IMPACTS,0001324404
2014_0,IMPACTS,0001285785
2016_7,IMPACTS,0000103730
2016_7,IMPACTS,0000106640
2022_5,IMPACTS,0001755672
2018_4,IMPACTS,0000916365
2016_7,IMPACTS,0001390777
2016_7,IMPACTS,0001504008
2020_29,IMPACTS,0001048911
2023_28,IMPACTS,0000320193
2023_28,IMPACTS,0001318605
2020_7,IMPACTS,0001352010
2021_25,IMPACTS,0001285785
2020_7,IMPACTS,0001285785
2001_2,IMPACTS,0000895421
2006_4,IMPACTS,0000005272
2013_8,IMPACTS,0000005272
2002_4,IMPACTS,0000004904
2002_4,IMPACTS,0000799233
2010_7,IMPACTS,0001675149
2008_3,IMPACTS,0001585364
2013_8,IMPACTS,0000726958
2013_8,IMPACTS,0000006281
2001_6,IMPACTS,0001163165
2001_6,IMPACTS,0000797468
2016_11,IMPACTS,0001633931
2017_0,IMPACTS,0001633931
2017_0,IMPACTS,0000109380
2022_5,IMPACTS,0000023194
2022_5,IMPACTS,0001534504
2001_12,IMPACTS,0000001800
2017_8,IMPACTS,0000723125
2009_4,IMPACTS,0000320193
2009_4,IMPACTS,0000789019
2007_2,IMPACTS,0001596532
2007_2,IMPACTS,0000012927
2007_2,IMPACTS,
2009_0,IMPACTS,0000723612
2016_11,IMPACTS,0000085961
2016_11,IMPACTS,0000035527
2004_0,IMPACTS,0001433270
2021_33,IMPACTS,0001133421
2020_29,IMPACTS,0001469367
2022_10,IMPACTS,0001004980
2022_10,IMPACTS,0000788784
2005_8,IMPACTS,0000001750
2021_5,IMPACTS,0000001750
2022_5,IMPACTS,0001534701
2008_3,IMPACTS,0001739445
2020_29,IMPACTS,0001739445
2009_1,IMPACTS,0000895421
2021_27,IMPACTS,0000895421
2021_5,IMPACTS,0001469367
2008_3,IMPACTS,0001318605
2016_6,IMPACTS,0000789019
2020_29,IMPACTS,0001390777
2005_12,IMPACTS,0000034088
2012_4,IMPACTS,0000034088
2020_29,IMPACTS,0000320193
2020_29,IMPACTS,0001045810
2022_19,IMPACTS,0001133421
2020_29,IMPACTS,0000050863
2020_29,IMPACTS,0001783180
2020_29,IMPACTS,0001781335
2021_5,IMPACTS,0001326160
2016_10,IMPACTS,0000320193
2016_10,IMPACTS,0001318605
2008_3,IMPACTS,0001004980
2008_3,IMPACTS,0000092122
2020_29,IMPACTS,0001004980
2020_29,IMPACTS,0000092122
2022_5,IMPACTS,0000909832
2022_5,IMPACTS,0001289419
2022_5,IMPACTS,0000874761
2014_0,IMPACTS,0001688568
2022_5,IMPACTS,0001688568
2006_5,IMPACTS,0001018724
2006_5,IMPACTS,0000937556
2006_5,IMPACTS,0001660134
2004_0,IMPACTS,0001336917
2023_23,IMPACTS,0000915913
2023_23,IMPACTS,0001057352
2023_23,IMPACTS,0000313616
2023_23,IMPACTS,0001659166
2023_23,IMPACTS,0000860730
2023_23,IMPACTS,0000021344
2023_23,IMPACTS,0000066740
2023_23,IMPACTS,0000789019
2023_23,IMPACTS,0000097745
2023_23,IMPACTS,0000097476
2023_23,IMPACTS,0000943452
2001_6,IMPACTS,0000829224
2001_6,IMPACTS,0001336917
2005_1,IMPACTS,0001166691
2005_1,IMPACTS,0000829224
2005_1,IMPACTS,0001336917
2022_16,IMPACTS,
2015_7,IMPACTS,0000077476
2015_7,IMPACTS,0000033213
2021_35,IMPACTS,0000033213
2016_11,IMPACTS,0001041803
2017_0,IMPACTS,0001041803
2022_35,IMPACTS,0001385280
2022_16,IMPACTS,0000320193
2016_7,IMPACTS,0000277948
2018_1,IMPACTS,0001166691
2018_1,IMPACTS,0000732717
2021_1,IMPACTS,0001754301
2021_42,IMPACTS,0001794669
2016_11,IMPACTS,0000108385
2016_11,IMPACTS,0000861884
2001_2,IMPACTS,0000882095
2001_2,IMPACTS,0000875320
2016_11,IMPACTS,0000875320
2022_11,IMPACTS,0001070494
2013_8,IMPACTS,0001744489
2013_8,IMPACTS,0000886982
2009_0,IMPACTS,0000034088
2021_39,IMPACTS,0000895421
2009_0,IMPACTS,0001005284
2009_0,IMPACTS,0000831001
2021_39,IMPACTS,0000002488
2009_0,IMPACTS,0001120193
2009_0,IMPACTS,0000098677
2009_0,IMPACTS,0001622194
2009_0,IMPACTS,0001064728
2009_0,IMPACTS,0001571949
2009_0,IMPACTS,0001166691
2009_0,IMPACTS,0000016732
2009_0,IMPACTS,0001468174
2009_0,IMPACTS,0000103379
2009_0,IMPACTS,0000077476
2002_12,IMPACTS,0001383312
2009_0,IMPACTS,0000882095
2009_0,IMPACTS,0000018230
2009_0,IMPACTS,0000086312
2009_0,IMPACTS,0001283699
2018_1,IMPACTS,0001525769
2020_1,IMPACTS,0000087347
2009_0,IMPACTS,0001551182
2009_0,IMPACTS,0000901491
2022_38,IMPACTS,0000885639
2022_38,IMPACTS,0000104169
2022_5,IMPACTS,0001527166
2021_8,IMPACTS,0001289419
2017_0,IMPACTS,0000018230
2019_8,IMPACTS,0000012927
2020_9,IMPACTS,0000012927
2021_45,IMPACTS,0000006201
2021_45,IMPACTS,0000012927
2014_0,IMPACTS,0001362468
2022_5,IMPACTS,0001362468
2011_7,IMPACTS,0001133421
2020_8,IMPACTS,0000895421
2018_4,IMPACTS,0000831001
2022_5,IMPACTS,0001075531
2022_5,IMPACTS,0001526520
2022_39,IMPACTS,0001075531
2022_39,IMPACTS,0001324424
2005_1,IMPACTS,0001744489
2016_11,IMPACTS,0000913142
2020_7,IMPACTS,0001166691
2001_10,IMPACTS,0000829224
2020_29,IMPACTS,0000006201
2016_7,IMPACTS,0000093556
2016_7,IMPACTS,0001043219
2016_7,IMPACTS,0001609253
2016_7,IMPACTS,0000893538
2016_7,IMPACTS,0000908255
2016_7,IMPACTS,0001019849
2016_7,IMPACTS,0000004977
2016_7,IMPACTS,0001018979
2016_7,IMPACTS,0001137774
2016_7,IMPACTS,0000086312
2016_7,IMPACTS,0000005513
2016_7,IMPACTS,0001841666
2016_7,IMPACTS,0000024545
2016_7,IMPACTS,0001065088
2016_7,IMPACTS,0000812074
2016_7,IMPACTS,0000944695
2016_7,IMPACTS,0000916365
2020_4,IMPACTS,0000916365
2016_7,IMPACTS,0000912242
2020_4,IMPACTS,0000012927
2020_4,IMPACTS,0001571949
2015_7,IMPACTS,0000916365
2020_4,IMPACTS,0000886982
2021_24,IMPACTS,0000006201
2022_29,IMPACTS,0000320193
2022_29,IMPACTS,0000797468
2022_39,IMPACTS,0000813672
2022_35,IMPACTS,0001048911
2022_5,IMPACTS,0000085961
2014_0,IMPACTS,0000891103
2022_5,IMPACTS,0000891103
2008_4,IMPACTS,0000766421
2016_7,IMPACTS,0001571949
2002_3,IMPACTS,0000886982
2006_4,IMPACTS,0000886982
2022_9,IMPACTS,0000886982
2020_8,IMPACTS,0001345016
2018_1,IMPACTS,0000080661
2018_1,IMPACTS,0000912615
2018_4,IMPACTS,0000912463
2023_23,IMPACTS,0001097864
2023_23,IMPACTS,0000085961
2023_23,IMPACTS,0001035002
2017_0,IMPACTS,0001253986
2021_7,IMPACTS,0000899051
2020_1,IMPACTS,0000034088
2004_0,IMPACTS,0001065088
2006_5,IMPACTS,0001045810
2021_24,IMPACTS,0001841666
2023_23,IMPACTS,0001841666
2020_29,IMPACTS,0000789570
2016_6,IMPACTS,0001166691
2014_0,IMPACTS,0001413329
2020_8,IMPACTS,0001043277
2014_0,IMPACTS,0000732717
2022_5,IMPACTS,0000091576
2014_0,IMPACTS,0001035443
2007_1,IMPACTS,0001633917
2022_21,IMPACTS,0001633917
2014_0,IMPACTS,0001527166
2014_0,IMPACTS,0000766704
2022_5,IMPACTS,0000766704
2022_5,IMPACTS,0000906553
2022_39,IMPACTS,0000016040
2002_11,IMPACTS,0000093410
2022_5,IMPACTS,0000004904
2022_5,IMPACTS,0000827052
2006_2,IMPACTS,0001324404
2006_2,IMPACTS,0001285785
2016_11,IMPACTS,0001156375
2016_11,IMPACTS,0001120193
2017_0,IMPACTS,0001156375
2017_0,IMPACTS,0001571949
2017_0,IMPACTS,0001120193
2016_6,IMPACTS,0000320193
2022_5,IMPACTS,0001156375
2022_5,IMPACTS,0000885978
2015_7,IMPACTS,0000021344
2016_11,IMPACTS,0000277948
2017_0,IMPACTS,0000100885
2012_5,IMPACTS,0000277948
2012_5,IMPACTS,0000100885
2020_8,IMPACTS,
2017_7,IMPACTS,0000764478
2002_12,IMPACTS,0000899051
2022_4,IMPACTS,0000906345
2002_12,IMPACTS,0000016732
2002_12,IMPACTS,0000040704
2004_0,IMPACTS,0000909832
2004_0,IMPACTS,0000104169
2021_39,IMPACTS,0000320193
2021_39,IMPACTS,0000789019
2021_39,IMPACTS,0001403161
2022_39,IMPACTS,0000842162
2022_5,IMPACTS,0001766502
2009_4,IMPACTS,0001385280
2006_4,IMPACTS,0001413329
2017_0,IMPACTS,0000001750
2022_5,IMPACTS,0000935703
2016_11,IMPACTS,0000072741
2016_11,IMPACTS,0001336917
2017_0,IMPACTS,0001163165
2016_7,IMPACTS,0001169561
2016_7,IMPACTS,0001111335
2022_29,IMPACTS,0001371285
2017_0,IMPACTS,0001324424
2004_0,IMPACTS,0000320187
2001_2,IMPACTS,0000702165
2001_2,IMPACTS,0000100885
2008_3,IMPACTS,0000702165
2008_3,IMPACTS,0000100885
2008_3,IMPACTS,0000004904
2008_3,IMPACTS,0000715957
2023_15,IMPACTS,0001219601
2022_19,IMPACTS,0000350698
2023_15,IMPACTS,0001018724
2023_15,IMPACTS,0001013488
2007_2,IMPACTS,0000723125
2013_10,IMPACTS,0000712515
2020_23,IMPACTS,0000202058
2005_4,IMPACTS,0001527166
2020_24,IMPACTS,0001527166
2014_0,IMPACTS,0000702165
2022_5,IMPACTS,0000702165
2020_36,IMPACTS,0001120193
2021_21,IMPACTS,0000021665
2020_8,IMPACTS,0001530721
2021_39,IMPACTS,0001326380
2022_43,IMPACTS,0000109563
2022_43,IMPACTS,0000790051
2015_3,IMPACTS,0001783180
2020_8,IMPACTS,0001783180
2022_39,IMPACTS,0001495932
2017_8,IMPACTS,0000020212
2017_8,IMPACTS,0000861884
2017_8,IMPACTS,0000789570
2012_1,IMPACTS,0000789570
2002_12,IMPACTS,0000789570
2022_39,IMPACTS,0001373715
2017_0,IMPACTS,0000006845
2002_12,IMPACTS,0000018230
2006_8,IMPACTS,0001318605
2018_4,IMPACTS,0000002969
2018_4,IMPACTS,0001306830
2018_4,IMPACTS,0000915389
2022_5,IMPACTS,0000023217
2022_39,IMPACTS,0000875320
2016_11,IMPACTS,0001283699
2002_12,IMPACTS,0001050915
2002_12,IMPACTS,0001318605
2023_23,IMPACTS,0000002488
2023_23,IMPACTS,0001156375
2023_23,IMPACTS,0001318605
2022_39,IMPACTS,0000895421
2022_11,IMPACTS,
2012_4,IMPACTS,0000887596
2017_8,IMPACTS,0001517175
2023_25,IMPACTS,0000093410
2023_25,IMPACTS,0001520006
2023_25,IMPACTS,0002074176
2023_23,IMPACTS,0001539838
2021_24,IMPACTS,0001520006
2021_24,IMPACTS,0000073756
2021_7,IMPACTS,0000093410
2003_2,IMPACTS,0001090012
2003_2,IMPACTS,0001539838
2003_2,IMPACTS,0000034088
2017_0,IMPACTS,0000015615
2002_12,IMPACTS,0000320193
2012_6,IMPACTS,0000320193
2022_38,IMPACTS,0001318605
2002_12,IMPACTS,0001374310
2022_38,IMPACTS,0000829224
2002_12,IMPACTS,0000895421
2002_12,IMPACTS,0001530721
2022_5,IMPACTS,0001530721
2002_12,IMPACTS,0000310158
2022_38,IMPACTS,0000310158
2002_12,IMPACTS,0000886982
2022_38,IMPACTS,0000001750
2002_12,IMPACTS,0000804328
2022_21,IMPACTS,0000050863
2022_21,IMPACTS,0000723125
2022_21,IMPACTS,0001045810
2022_21,IMPACTS,0000804328
2011_1,IMPACTS,0000006281
2016_7,IMPACTS,0001058090
2018_4,IMPACTS,0001046311
2018_4,IMPACTS,0001468174
2007_1,IMPACTS,0000002488
2007_1,IMPACTS,0000018230
2007_1,IMPACTS,0000202058
2007_1,IMPACTS,0001133421
2022_21,IMPACTS,0000002488
2022_21,IMPACTS,0000018230
2022_21,IMPACTS,0000202058
2022_21,IMPACTS,0001133421
2017_7,IMPACTS,0000080661
2017_7,IMPACTS,0000084246
2017_7,IMPACTS,0000020286
2016_0,IMPACTS,0001262039
2020_20,IMPACTS,0000050863
2022_5,IMPACTS,0000811589
2022_5,IMPACTS,0000037808
2014_5,IMPACTS,0000831001
2014_0,IMPACTS,0001352010
2020_8,IMPACTS,0000072971
2013_13,IMPACTS,0000764065
2016_7,IMPACTS,0000764065
2005_3,IMPACTS,0001163165
2005_3,IMPACTS,0001090012
2023_28,IMPACTS,0000789019
2023_28,IMPACTS,0000797468
2012_5,IMPACTS,0000097745
2018_4,IMPACTS,0000002488
2018_4,IMPACTS,0000018230
2018_4,IMPACTS,0000050863
2001_10,IMPACTS,0000821002
2016_7,IMPACTS,0000821002
2017_0,IMPACTS,0000879169
2004_0,IMPACTS,0000002488
2004_0,IMPACTS,0000804328
2012_4,IMPACTS,0000882095
2013_8,IMPACTS,0001070494
2016_7,IMPACTS,0000310158
2016_7,IMPACTS,0000876167
2016_7,IMPACTS,0001341439
2016_7,IMPACTS,0000793952
2016_11,IMPACTS,0001001316
2017_6,IMPACTS,0000912615
2017_4,IMPACTS,0000886982
2013_8,IMPACTS,
2013_8,IMPACTS,0001283699
2013_8,IMPACTS,0001082554
2018_4,IMPACTS,0000793952
2018_4,IMPACTS,0000066740
2018_1,IMPACTS,0000886982
2014_0,IMPACTS,0001551152
2020_40,IMPACTS,0001029142
2022_11,IMPACTS,0001551306
2012_5,IMPACTS,0001064728
2017_0,IMPACTS,0001064728
2008_3,IMPACTS,0001064728
2017_0,IMPACTS,0001315257
2002_12,IMPACTS,0000021344
2020_40,IMPACTS,0000021344
2013_13,IMPACTS,0000021344
2013_13,IMPACTS,0000829224
2002_8,IMPACTS,0001551182
2009_0,IMPACTS,0000320187
2020_40,IMPACTS,0000021665
2020_40,IMPACTS,0001166691
2020_40,IMPACTS,0001744489
2020_40,IMPACTS,0000732717
2002_12,IMPACTS,0001166691
2022_4,IMPACTS,0001166691
2020_41,IMPACTS,0001166691
2020_41,IMPACTS,0001324424
2020_8,IMPACTS,0001166691
2006_4,IMPACTS,0000726958
2015_7,IMPACTS,0001564708
2010_4,IMPACTS,0000797468
2023_28,IMPACTS,0000007084
2020_40,IMPACTS,0000039263
2011_1,IMPACTS,0000004977
2011_1,IMPACTS,0000318154
2014_0,IMPACTS,0000317540
2022_5,IMPACTS,0000317540
2020_40,IMPACTS,0000104169
2015_6,IMPACTS,0000021344
2022_39,IMPACTS,0000874761
2022_39,IMPACTS,0001045609
2022_39,IMPACTS,0000832988
2022_39,IMPACTS,0000732717
2006_4,IMPACTS,0000310764
2022_39,IMPACTS,0001286681
2022_39,IMPACTS,0001048911
2022_39,IMPACTS,0000072971
2022_11,IMPACTS,0000712515
2022_39,IMPACTS,0001739940
2022_39,IMPACTS,0000721371
2022_39,IMPACTS,0001326380
2013_10,IMPACTS,0001341439
2009_0,IMPACTS,0001133421
2020_40,IMPACTS,0000023217
2002_12,IMPACTS,0000023217
2020_40,IMPACTS,0000918646
2020_40,IMPACTS,0001396009
2001_6,IMPACTS,0001283699
2020_29,IMPACTS,0001283699
2005_12,IMPACTS,0001163165
2005_12,IMPACTS,0000315852
2009_0,IMPACTS,0001048911
2017_0,IMPACTS,0000815556
2002_12,IMPACTS,0001385280
2020_8,IMPACTS,0000006201
2020_8,IMPACTS,0001385280
2020_8,IMPACTS,0000909832
2020_40,IMPACTS,0000006201
2020_40,IMPACTS,0001385280
2020_40,IMPACTS,0000909832
2002_3,IMPACTS,0001744489
2002_12,IMPACTS,0001060822
2018_0,IMPACTS,0001089063
2018_0,IMPACTS,0000089800
2022_39,IMPACTS,0000037996
2023_23,IMPACTS,0001513761
2020_40,IMPACTS,0000040704
2020_40,IMPACTS,0001637459
2017_4,IMPACTS,0000794170
2002_12,IMPACTS,0000024545
2020_40,IMPACTS,0000024545
2012_4,IMPACTS,0001144980
2012_4,IMPACTS,0000900075
2005_12,IMPACTS,0000900075
2020_40,IMPACTS,0001163165
2020_40,IMPACTS,0000277948
2020_40,IMPACTS,0000100885
2020_40,IMPACTS,0000072971
2020_40,IMPACTS,0000021076
2020_40,IMPACTS,0000016732
2020_40,IMPACTS,0001722684
2020_40,IMPACTS,0000040545
2020_40,IMPACTS,0000921738
2020_40,IMPACTS,0000882095
2020_40,IMPACTS,0001326380
2020_40,IMPACTS,0001075531
2020_40,IMPACTS,0001289460
2020_40,IMPACTS,0000093410
2020_40,IMPACTS,0000034088
2002_12,IMPACTS,0001760965
2002_12,IMPACTS,0000103379
2020_40,IMPACTS,0001633917
2020_40,IMPACTS,0001403161
2020_40,IMPACTS,0000829224
2020_40,IMPACTS,0000046080
2020_40,IMPACTS,0000012927
2020_40,IMPACTS,0000097210
2020_40,IMPACTS,0000066740
2020_40,IMPACTS,0001551152
2020_40,IMPACTS,0000100493
2020_40,IMPACTS,0000320193
2020_40,IMPACTS,0001318605
2019_9,IMPACTS,0000034088
2021_1,IMPACTS,0000034088
2015_7,IMPACTS,0001408198
2014_0,IMPACTS,0001755672
2002_3,IMPACTS,0000909832
2014_0,IMPACTS,0000104169
2015_7,IMPACTS,0000909832
2015_7,IMPACTS,0000104169
2020_40,IMPACTS,0001308547
2020_40,IMPACTS,0000885639
2020_40,IMPACTS,0000789570
2008_3,IMPACTS,0000821189
2020_40,IMPACTS,0000310158
2020_40,IMPACTS,0000084748
2020_40,IMPACTS,0000001800
2012_4,IMPACTS,0000040545
2002_12,IMPACTS,0001906324
2020_40,IMPACTS,0001628369
2022_5,IMPACTS,0001039684
2020_40,IMPACTS,0000007084
2014_0,IMPACTS,0001262039
2013_8,IMPACTS,0001520006
2015_5,IMPACTS,0001163165
2005_12,IMPACTS,0001090012
2005_12,IMPACTS,0001520006
2005_12,IMPACTS,0000797468
2011_7,IMPACTS,
2011_7,IMPACTS,0001520006
2011_6,IMPACTS,0000021665
2022_5,IMPACTS,0001679049
2022_29,IMPACTS,0001513761
2020_40,IMPACTS,0000063296
2022_5,IMPACTS,0000063296
2009_0,IMPACTS,0000753308
2009_0,IMPACTS,0000106040
2022_35,IMPACTS,
2009_0,IMPACTS,0000909832
2009_0,IMPACTS,0001108524
2009_0,IMPACTS,0001045450
2022_5,IMPACTS,0001326380
2020_40,IMPACTS,0001090727
2005_12,IMPACTS,0001048911
2020_40,IMPACTS,0001660134
2015_3,IMPACTS,0000033185
2021_15,IMPACTS,0000882184
2022_5,IMPACTS,0000073309
2022_5,IMPACTS,0000820313
2012_4,IMPACTS,0001022079
2012_4,IMPACTS,0000313143
2022_4,IMPACTS,
2022_4,IMPACTS,0000039899
2010_4,IMPACTS,0001958086
2010_4,IMPACTS,0000073756
2014_0,IMPACTS,0001286681
2022_5,IMPACTS,0001286681
2020_40,IMPACTS,0001286681
2020_40,IMPACTS,0000901491
2018_4,IMPACTS,0000715957
2018_4,IMPACTS,0000936340
2018_4,IMPACTS,0000753308
2018_4,IMPACTS,0000072903
2014_0,IMPACTS,0001573516
2022_5,IMPACTS,0001573516
2002_12,IMPACTS,0001283699
2002_12,IMPACTS,0001336917
2001_6,IMPACTS,0001744489
2001_6,IMPACTS,0000929008
2020_1,IMPACTS,0001744489
2020_1,IMPACTS,0000929008
2016_7,IMPACTS,0000018230
2020_40,IMPACTS,0000796343
2020_40,IMPACTS,0001261333
2020_40,IMPACTS,0000793952
2020_40,IMPACTS,0000063754
2016_7,IMPACTS,0000006951
2020_40,IMPACTS,0000002488
2020_1,IMPACTS,0000804328
2020_40,IMPACTS,
2020_16,IMPACTS,0001744489
2020_40,IMPACTS,0000886982
2020_40,IMPACTS,0000077476
2002_12,IMPACTS,0000021665
2020_40,IMPACTS,0001022079
2020_40,IMPACTS,0001341439
2022_5,IMPACTS,0000350698
2022_5,IMPACTS,0000277948
2022_5,IMPACTS,0001751788
2020_40,IMPACTS,0001024305
2019_9,IMPACTS,0001048911
2019_9,IMPACTS,0000040704
2019_9,IMPACTS,0000310158
2019_9,IMPACTS,0000766421
2019_9,IMPACTS,0000012927
2019_9,IMPACTS,0001744489
2019_9,IMPACTS,0000049071
2022_21,IMPACTS,0001646972
2020_40,IMPACTS,0000026780
2020_40,IMPACTS,0001040971
2001_8,IMPACTS,0000037785
2020_40,IMPACTS,0000940944
2022_5,IMPACTS,0001623925
2022_39,IMPACTS,0001278027
2022_39,IMPACTS,0000927628
2022_39,IMPACTS,0001113169
2022_39,IMPACTS,0001056696
2020_40,IMPACTS,0001525769
2003_2,IMPACTS,0000043920
2003_2,IMPACTS,0000075677
2003_2,IMPACTS,0000091767
2014_0,IMPACTS,0001623925
2003_2,IMPACTS,0001403161
2006_3,IMPACTS,0001403161
2021_24,IMPACTS,0000012927
2023_23,IMPACTS,0001133421
2008_4,IMPACTS,0001133421
2023_0,IMPACTS,0001133421
2017_0,IMPACTS,0000310158
2014_0,IMPACTS,0000894405
2014_0,IMPACTS,0000085961
2022_5,IMPACTS,0000894405
2016_6,IMPACTS,0000006201
2017_8,IMPACTS,0000006201
2020_40,IMPACTS,0000001750
2020_40,IMPACTS,0000766421
2020_29,IMPACTS,0001413329
2020_29,IMPACTS,0001468174
2001_12,IMPACTS,0001408198
2018_1,IMPACTS,0000012927
2018_1,IMPACTS,0000320187
2020_40,IMPACTS,0001058090
2020_40,IMPACTS,0000920760
2016_3,IMPACTS,0000831001
2002_11,IMPACTS,0000315293
2002_11,IMPACTS,0000886982
2014_0,IMPACTS,0000315293
2015_6,IMPACTS,0000315293
2015_6,IMPACTS,0000886982
2022_5,IMPACTS,0000315293
2020_40,IMPACTS,0000070318
2022_5,IMPACTS,0001792580
2012_9,IMPACTS,0001089063
2022_39,IMPACTS,0000320187
2020_34,IMPACTS,0000097745
2020_40,IMPACTS,0000804328
2006_8,IMPACTS,0001065088
2020_29,IMPACTS,0001668397
2008_3,IMPACTS,0001326160
2012_0,IMPACTS,0000100493
2014_0,IMPACTS,0000100493
2002_12,IMPACTS,0000802481
2020_40,IMPACTS,0000802481
2008_3,IMPACTS,0001469367
2017_0,IMPACTS,0001469367
2022_5,IMPACTS,0001166691
2006_8,IMPACTS,0001286681
2014_0,IMPACTS,0001744489
2022_29,IMPACTS,0001166691
2020_11,IMPACTS,0001744489
2017_0,IMPACTS,0000006201
2020_40,IMPACTS,0001766502
2006_4,IMPACTS,0000072971
2021_33,IMPACTS,0001058090
2021_33,IMPACTS,0000712515
2021_33,IMPACTS,0001065088
2021_33,IMPACTS,0001326380
2021_33,IMPACTS,0001633917
2021_33,IMPACTS,0000817720
2021_33,IMPACTS,0000946581
2002_12,IMPACTS,0001413329
2020_40,IMPACTS,0001413329
2009_0,IMPACTS,0001660134
2020_40,IMPACTS,0001108524
2020_40,IMPACTS,0001670592
2020_19,IMPACTS,0001326380
2016_11,IMPACTS,0001338749
2005_12,IMPACTS,0000031462
2016_2,IMPACTS,0001133421
2020_40,IMPACTS,0001669811
2020_40,IMPACTS,0000320187
2016_11,IMPACTS,0000829224
2014_0,IMPACTS,0000040545
2001_2,IMPACTS,0000066740
2001_2,IMPACTS,0000086312
2018_1,IMPACTS,0000310158
2011_7,IMPACTS,0000320187
2017_6,IMPACTS,0000093410
2003_2,IMPACTS,0000875320
2006_3,IMPACTS,0000875320
2001_2,IMPACTS,0000886982
2013_8,IMPACTS,0000047217
