Company,BELONGS_TO_INDUSTRY_OF,Industry
0001090872,BELONGS_TO_INDUSTRY_OF,3826
0001675149,BELONGS_TO_INDUSTRY_OF,3334
0000006201,BELONGS_TO_INDUSTRY_OF,4512
0000824142,BELONGS_TO_INDUSTRY_OF,3585
0001158449,BELONGS_TO_INDUSTRY_OF,5531
0000320193,BELONGS_TO_INDUSTRY_OF,3571
0001500217,BELONGS_TO_INDUSTRY_OF,6798
0001551152,BELONGS_TO_INDUSTRY_OF,2834
0001140859,BELONGS_TO_INDUSTRY_OF,5122
0000351569,BELONGS_TO_INDUSTRY_OF,6022
0001144980,BELONGS_TO_INDUSTRY_OF,5500
0000771497,BELONGS_TO_INDUSTRY_OF,7340
0000815094,BELONGS_TO_INDUSTRY_OF,3841
0001253986,BELONGS_TO_INDUSTRY_OF,6798
0000001800,BELONGS_TO_INDUSTRY_OF,2834
0001739445,BELONGS_TO_INDUSTRY_OF,3440
0001070494,BELONGS_TO_INDUSTRY_OF,2834
0000947484,BELONGS_TO_INDUSTRY_OF,6331
0001520697,BELONGS_TO_INDUSTRY_OF,8093
0001646972,BELONGS_TO_INDUSTRY_OF,5411
0000935036,BELONGS_TO_INDUSTRY_OF,7372
0001113232,BELONGS_TO_INDUSTRY_OF,3559
0000868857,BELONGS_TO_INDUSTRY_OF,8711
0001467373,BELONGS_TO_INDUSTRY_OF,7389
0001823529,BELONGS_TO_INDUSTRY_OF,6411
0000796343,BELONGS_TO_INDUSTRY_OF,7372
0000917251,BELONGS_TO_INDUSTRY_OF,6798
0001803696,BELONGS_TO_INDUSTRY_OF,4841
0000006281,BELONGS_TO_INDUSTRY_OF,3674
0000007084,BELONGS_TO_INDUSTRY_OF,2070
0001368514,BELONGS_TO_INDUSTRY_OF,2836
0001670541,BELONGS_TO_INDUSTRY_OF,3714
0000008670,BELONGS_TO_INDUSTRY_OF,7374
0000769397,BELONGS_TO_INDUSTRY_OF,7372
0001468328,BELONGS_TO_INDUSTRY_OF,8082
0001002910,BELONGS_TO_INDUSTRY_OF,4931
0000927003,BELONGS_TO_INDUSTRY_OF,3679
0000919012,BELONGS_TO_INDUSTRY_OF,5651
0000004904,BELONGS_TO_INDUSTRY_OF,4911
0000874761,BELONGS_TO_INDUSTRY_OF,4991
0001984060,BELONGS_TO_INDUSTRY_OF,1311
0001042046,BELONGS_TO_INDUSTRY_OF,6331
0000004977,BELONGS_TO_INDUSTRY_OF,6321
0000880266,BELONGS_TO_INDUSTRY_OF,3523
0001273813,BELONGS_TO_INDUSTRY_OF,6351
0000078749,BELONGS_TO_INDUSTRY_OF,7373
0001725255,BELONGS_TO_INDUSTRY_OF,8082
0001569187,BELONGS_TO_INDUSTRY_OF,6500
0000005272,BELONGS_TO_INDUSTRY_OF,6331
0000819793,BELONGS_TO_INDUSTRY_OF,2221
0000001750,BELONGS_TO_INDUSTRY_OF,3720
0000109563,BELONGS_TO_INDUSTRY_OF,5080
0001267238,BELONGS_TO_INDUSTRY_OF,6399
0000354190,BELONGS_TO_INDUSTRY_OF,6411
0001086222,BELONGS_TO_INDUSTRY_OF,7389
0000899629,BELONGS_TO_INDUSTRY_OF,6798
0001487712,BELONGS_TO_INDUSTRY_OF,7359
0000915913,BELONGS_TO_INDUSTRY_OF,2821
0000066756,BELONGS_TO_INDUSTRY_OF,4931
0001545654,BELONGS_TO_INDUSTRY_OF,6798
0000897077,BELONGS_TO_INDUSTRY_OF,3523
0000866291,BELONGS_TO_INDUSTRY_OF,3674
0001097149,BELONGS_TO_INDUSTRY_OF,3842
0001362468,BELONGS_TO_INDUSTRY_OF,4512
0000766421,BELONGS_TO_INDUSTRY_OF,4512
0001520262,BELONGS_TO_INDUSTRY_OF,2834
0000899051,BELONGS_TO_INDUSTRY_OF,6331
0001579241,BELONGS_TO_INDUSTRY_OF,7381
0000040729,BELONGS_TO_INDUSTRY_OF,6022
0001459200,BELONGS_TO_INDUSTRY_OF,7372
0001034670,BELONGS_TO_INDUSTRY_OF,3714
0001623925,BELONGS_TO_INDUSTRY_OF,4922
0000006951,BELONGS_TO_INDUSTRY_OF,3674
0001748790,BELONGS_TO_INDUSTRY_OF,3990
0000002488,BELONGS_TO_INDUSTRY_OF,3674
0001037868,BELONGS_TO_INDUSTRY_OF,3823
0000896262,BELONGS_TO_INDUSTRY_OF,8082
0001004434,BELONGS_TO_INDUSTRY_OF,6282
0000318154,BELONGS_TO_INDUSTRY_OF,2836
0001562401,BELONGS_TO_INDUSTRY_OF,6798
0001047127,BELONGS_TO_INDUSTRY_OF,3674
0001142750,BELONGS_TO_INDUSTRY_OF,7363
0000820027,BELONGS_TO_INDUSTRY_OF,6282
0001297184,BELONGS_TO_INDUSTRY_OF,2834
0001704715,BELONGS_TO_INDUSTRY_OF,1221
0001018979,BELONGS_TO_INDUSTRY_OF,6331
0001053507,BELONGS_TO_INDUSTRY_OF,6798
0002011286,BELONGS_TO_INDUSTRY_OF,7389
0000794619,BELONGS_TO_INDUSTRY_OF,2430
0001018724,BELONGS_TO_INDUSTRY_OF,5961
0000350698,BELONGS_TO_INDUSTRY_OF,5500
0000821026,BELONGS_TO_INDUSTRY_OF,5150
0001596532,BELONGS_TO_INDUSTRY_OF,3576
0001018840,BELONGS_TO_INDUSTRY_OF,5651
0001705110,BELONGS_TO_INDUSTRY_OF,7310
0001023024,BELONGS_TO_INDUSTRY_OF,2834
0001013462,BELONGS_TO_INDUSTRY_OF,7372
0000315293,BELONGS_TO_INDUSTRY_OF,6411
0000784199,BELONGS_TO_INDUSTRY_OF,3841
0000091142,BELONGS_TO_INDUSTRY_OF,3630
0001387467,BELONGS_TO_INDUSTRY_OF,3674
0001841666,BELONGS_TO_INDUSTRY_OF,1311
0001517302,BELONGS_TO_INDUSTRY_OF,6282
0000002969,BELONGS_TO_INDUSTRY_OF,2810
0001796209,BELONGS_TO_INDUSTRY_OF,7340
0000820313,BELONGS_TO_INDUSTRY_OF,3678
0001418121,BELONGS_TO_INDUSTRY_OF,6798
0000006845,BELONGS_TO_INDUSTRY_OF,3231
0001433195,BELONGS_TO_INDUSTRY_OF,7372
0001521332,BELONGS_TO_INDUSTRY_OF,3714
0001433270,BELONGS_TO_INDUSTRY_OF,1311
0000894405,BELONGS_TO_INDUSTRY_OF,4213
0001035443,BELONGS_TO_INDUSTRY_OF,6798
0001467760,BELONGS_TO_INDUSTRY_OF,6798
0001736946,BELONGS_TO_INDUSTRY_OF,3651
0001584509,BELONGS_TO_INDUSTRY_OF,5812
0001389050,BELONGS_TO_INDUSTRY_OF,4922
0001428205,BELONGS_TO_INDUSTRY_OF,6798
0000007536,BELONGS_TO_INDUSTRY_OF,5065
0000879407,BELONGS_TO_INDUSTRY_OF,2834
0000007789,BELONGS_TO_INDUSTRY_OF,6022
0000890564,BELONGS_TO_INDUSTRY_OF,7363
0001674862,BELONGS_TO_INDUSTRY_OF,5160
0001673985,BELONGS_TO_INDUSTRY_OF,2821
0001817358,BELONGS_TO_INDUSTRY_OF,5940
0000792987,BELONGS_TO_INDUSTRY_OF,3531
0001083446,BELONGS_TO_INDUSTRY_OF,8742
0001580808,BELONGS_TO_INDUSTRY_OF,3576
0000730464,BELONGS_TO_INDUSTRY_OF,8200
0001018963,BELONGS_TO_INDUSTRY_OF,3317
0000731802,BELONGS_TO_INDUSTRY_OF,4924
0000896622,BELONGS_TO_INDUSTRY_OF,3089
0000718877,BELONGS_TO_INDUSTRY_OF,7372
0000883948,BELONGS_TO_INDUSTRY_OF,6022
0000104918,BELONGS_TO_INDUSTRY_OF,4931
0001368622,BELONGS_TO_INDUSTRY_OF,3721
0000915912,BELONGS_TO_INDUSTRY_OF,6798
0001730168,BELONGS_TO_INDUSTRY_OF,3674
0001606498,BELONGS_TO_INDUSTRY_OF,3842
0001122976,BELONGS_TO_INDUSTRY_OF,2821
0000008858,BELONGS_TO_INDUSTRY_OF,5065
0001722482,BELONGS_TO_INDUSTRY_OF,3826
0000008818,BELONGS_TO_INDUSTRY_OF,2670
0000007431,BELONGS_TO_INDUSTRY_OF,3089
0001410636,BELONGS_TO_INDUSTRY_OF,4941
0001056903,BELONGS_TO_INDUSTRY_OF,4941
0001299709,BELONGS_TO_INDUSTRY_OF,6035
0001062231,BELONGS_TO_INDUSTRY_OF,3714
0000004962,BELONGS_TO_INDUSTRY_OF,6199
0001616862,BELONGS_TO_INDUSTRY_OF,2851
0001144215,BELONGS_TO_INDUSTRY_OF,3640
0000866787,BELONGS_TO_INDUSTRY_OF,5531
0000933974,BELONGS_TO_INDUSTRY_OF,3559
0000008947,BELONGS_TO_INDUSTRY_OF,3470
0000012927,BELONGS_TO_INDUSTRY_OF,3721
0000070858,BELONGS_TO_INDUSTRY_OF,6021
0001169770,BELONGS_TO_INDUSTRY_OF,6021
0000760498,BELONGS_TO_INDUSTRY_OF,6021
0000946673,BELONGS_TO_INDUSTRY_OF,6022
0000010456,BELONGS_TO_INDUSTRY_OF,3841
0000701985,BELONGS_TO_INDUSTRY_OF,5990
0000764478,BELONGS_TO_INDUSTRY_OF,5731
0000014930,BELONGS_TO_INDUSTRY_OF,3510
0001328581,BELONGS_TO_INDUSTRY_OF,5030
0000078890,BELONGS_TO_INDUSTRY_OF,4731
0000009326,BELONGS_TO_INDUSTRY_OF,2800
0000913142,BELONGS_TO_INDUSTRY_OF,3357
0000790816,BELONGS_TO_INDUSTRY_OF,6798
0000010795,BELONGS_TO_INDUSTRY_OF,3841
0000038777,BELONGS_TO_INDUSTRY_OF,6282
0000014693,BELONGS_TO_INDUSTRY_OF,2080
0001101215,BELONGS_TO_INDUSTRY_OF,6141
0000907254,BELONGS_TO_INDUSTRY_OF,6798
0001094831,BELONGS_TO_INDUSTRY_OF,6200
0001278027,BELONGS_TO_INDUSTRY_OF,2000
0000863436,BELONGS_TO_INDUSTRY_OF,3672
0001685040,BELONGS_TO_INDUSTRY_OF,6311
0001108134,BELONGS_TO_INDUSTRY_OF,6036
0000875045,BELONGS_TO_INDUSTRY_OF,2836
0001786352,BELONGS_TO_INDUSTRY_OF,7372
0000012208,BELONGS_TO_INDUSTRY_OF,3826
0001531152,BELONGS_TO_INDUSTRY_OF,5331
0001013488,BELONGS_TO_INDUSTRY_OF,5812
0001390777,BELONGS_TO_INDUSTRY_OF,6022
0000885245,BELONGS_TO_INDUSTRY_OF,5651
0001130464,BELONGS_TO_INDUSTRY_OF,4911
0001075531,BELONGS_TO_INDUSTRY_OF,4700
0001701605,BELONGS_TO_INDUSTRY_OF,3533
0001504008,BELONGS_TO_INDUSTRY_OF,6035
0001666134,BELONGS_TO_INDUSTRY_OF,7372
0001633931,BELONGS_TO_INDUSTRY_OF,1700
0000834365,BELONGS_TO_INDUSTRY_OF,3845
0002012383,BELONGS_TO_INDUSTRY_OF,6211
0001280058,BELONGS_TO_INDUSTRY_OF,7372
0001546417,BELONGS_TO_INDUSTRY_OF,5812
0000009092,BELONGS_TO_INDUSTRY_OF,3824
0001048477,BELONGS_TO_INDUSTRY_OF,2834
0000014272,BELONGS_TO_INDUSTRY_OF,2834
0000046195,BELONGS_TO_INDUSTRY_OF,6022
0001610250,BELONGS_TO_INDUSTRY_OF,5661
0001372612,BELONGS_TO_INDUSTRY_OF,7372
0001383312,BELONGS_TO_INDUSTRY_OF,7389
0001772016,BELONGS_TO_INDUSTRY_OF,2000
0000746598,BELONGS_TO_INDUSTRY_OF,3990
0001067983,BELONGS_TO_INDUSTRY_OF,6331
0001049782,BELONGS_TO_INDUSTRY_OF,6035
0001109354,BELONGS_TO_INDUSTRY_OF,3826
0000079282,BELONGS_TO_INDUSTRY_OF,6411
0001581068,BELONGS_TO_INDUSTRY_OF,6798
0001748824,BELONGS_TO_INDUSTRY_OF,6282
0000885725,BELONGS_TO_INDUSTRY_OF,3841
0001064728,BELONGS_TO_INDUSTRY_OF,1221
0001579298,BELONGS_TO_INDUSTRY_OF,5311
0000908255,BELONGS_TO_INDUSTRY_OF,3714
0001486957,BELONGS_TO_INDUSTRY_OF,3510
0001061630,BELONGS_TO_INDUSTRY_OF,6798
0001037540,BELONGS_TO_INDUSTRY_OF,6798
0000906553,BELONGS_TO_INDUSTRY_OF,7011
0000831001,BELONGS_TO_INDUSTRY_OF,6021
0001632127,BELONGS_TO_INDUSTRY_OF,4841
0000016058,BELONGS_TO_INDUSTRY_OF,7373
0000023217,BELONGS_TO_INDUSTRY_OF,2000
0000721371,BELONGS_TO_INDUSTRY_OF,5122
0000887596,BELONGS_TO_INDUSTRY_OF,5812
0000014707,BELONGS_TO_INDUSTRY_OF,3140
0000016160,BELONGS_TO_INDUSTRY_OF,0200
0001406666,BELONGS_TO_INDUSTRY_OF,4899
0000723612,BELONGS_TO_INDUSTRY_OF,7510
0001494259,BELONGS_TO_INDUSTRY_OF,7374
0001783180,BELONGS_TO_INDUSTRY_OF,3585
0001683606,BELONGS_TO_INDUSTRY_OF,7374
0001579091,BELONGS_TO_INDUSTRY_OF,7389
0000907471,BELONGS_TO_INDUSTRY_OF,6021
0000726958,BELONGS_TO_INDUSTRY_OF,5500
0000018230,BELONGS_TO_INDUSTRY_OF,3531
0000861842,BELONGS_TO_INDUSTRY_OF,6022
0001639438,BELONGS_TO_INDUSTRY_OF,5812
0000896159,BELONGS_TO_INDUSTRY_OF,6331
0001374310,BELONGS_TO_INDUSTRY_OF,6200
0001138118,BELONGS_TO_INDUSTRY_OF,6500
0001067294,BELONGS_TO_INDUSTRY_OF,5812
0000022356,BELONGS_TO_INDUSTRY_OF,6022
0000016040,BELONGS_TO_INDUSTRY_OF,2890
0000723188,BELONGS_TO_INDUSTRY_OF,6021
0001627223,BELONGS_TO_INDUSTRY_OF,2800
0001051470,BELONGS_TO_INDUSTRY_OF,6798
0001219601,BELONGS_TO_INDUSTRY_OF,3411
0000815097,BELONGS_TO_INDUSTRY_OF,4400
0001158324,BELONGS_TO_INDUSTRY_OF,4899
0001576940,BELONGS_TO_INDUSTRY_OF,1531
0001725057,BELONGS_TO_INDUSTRY_OF,7372
0000813672,BELONGS_TO_INDUSTRY_OF,7372
0000860546,BELONGS_TO_INDUSTRY_OF,6798
0001402057,BELONGS_TO_INDUSTRY_OF,5961
0001306830,BELONGS_TO_INDUSTRY_OF,2820
0001341766,BELONGS_TO_INDUSTRY_OF,2086
0000887733,BELONGS_TO_INDUSTRY_OF,5190
0000949157,BELONGS_TO_INDUSTRY_OF,3334
0001827090,BELONGS_TO_INDUSTRY_OF,7372
0001173489,BELONGS_TO_INDUSTRY_OF,7370
0001324404,BELONGS_TO_INDUSTRY_OF,2870
0001490906,BELONGS_TO_INDUSTRY_OF,6035
0000759944,BELONGS_TO_INDUSTRY_OF,6022
0000039263,BELONGS_TO_INDUSTRY_OF,6021
0001527166,BELONGS_TO_INDUSTRY_OF,6282
0000851205,BELONGS_TO_INDUSTRY_OF,3823
0000726854,BELONGS_TO_INDUSTRY_OF,6021
0000313927,BELONGS_TO_INDUSTRY_OF,2840
0000020212,BELONGS_TO_INDUSTRY_OF,7948
0000019584,BELONGS_TO_INDUSTRY_OF,8082
0001517175,BELONGS_TO_INDUSTRY_OF,5141
0001046311,BELONGS_TO_INDUSTRY_OF,7011
0001486159,BELONGS_TO_INDUSTRY_OF,1311
0001043277,BELONGS_TO_INDUSTRY_OF,4731
0001091667,BELONGS_TO_INDUSTRY_OF,4841
0001766502,BELONGS_TO_INDUSTRY_OF,5961
0001739940,BELONGS_TO_INDUSTRY_OF,6324
0000936395,BELONGS_TO_INDUSTRY_OF,3661
0000020286,BELONGS_TO_INDUSTRY_OF,6331
0001509589,BELONGS_TO_INDUSTRY_OF,1311
0000021665,BELONGS_TO_INDUSTRY_OF,2844
0001958086,BELONGS_TO_INDUSTRY_OF,1389
0000764065,BELONGS_TO_INDUSTRY_OF,1000
0000822818,BELONGS_TO_INDUSTRY_OF,4955
0000827876,BELONGS_TO_INDUSTRY_OF,6199
0000021076,BELONGS_TO_INDUSTRY_OF,2842
0000028412,BELONGS_TO_INDUSTRY_OF,6021
0000022444,BELONGS_TO_INDUSTRY_OF,3312
0001166691,BELONGS_TO_INDUSTRY_OF,4841
0001156375,BELONGS_TO_INDUSTRY_OF,6200
0001058090,BELONGS_TO_INDUSTRY_OF,5812
0000026172,BELONGS_TO_INDUSTRY_OF,3510
0000811156,BELONGS_TO_INDUSTRY_OF,4931
0001071739,BELONGS_TO_INDUSTRY_OF,6324
0001567094,BELONGS_TO_INDUSTRY_OF,3531
0001385280,BELONGS_TO_INDUSTRY_OF,7830
0001856525,BELONGS_TO_INDUSTRY_OF,5099
0000816956,BELONGS_TO_INDUSTRY_OF,3845
0001224608,BELONGS_TO_INDUSTRY_OF,6321
0001130310,BELONGS_TO_INDUSTRY_OF,4911
0001710366,BELONGS_TO_INDUSTRY_OF,1220
0001284812,BELONGS_TO_INDUSTRY_OF,6282
0001070412,BELONGS_TO_INDUSTRY_OF,1311
0001803599,BELONGS_TO_INDUSTRY_OF,7389
0001050377,BELONGS_TO_INDUSTRY_OF,5961
0000927628,BELONGS_TO_INDUSTRY_OF,6021
0000820318,BELONGS_TO_INDUSTRY_OF,3827
0000021535,BELONGS_TO_INDUSTRY_OF,3825
0000317540,BELONGS_TO_INDUSTRY_OF,2086
0000887343,BELONGS_TO_INDUSTRY_OF,6022
0001267565,BELONGS_TO_INDUSTRY_OF,2834
0001050797,BELONGS_TO_INDUSTRY_OF,2300
0002014596,BELONGS_TO_INDUSTRY_OF,8093
0000711404,BELONGS_TO_INDUSTRY_OF,3851
0000933136,BELONGS_TO_INDUSTRY_OF,6199
0001163165,BELONGS_TO_INDUSTRY_OF,2911
0001088856,BELONGS_TO_INDUSTRY_OF,2834
0000909832,BELONGS_TO_INDUSTRY_OF,5331
0001024305,BELONGS_TO_INDUSTRY_OF,2844
0000016732,BELONGS_TO_INDUSTRY_OF,2000
0000701347,BELONGS_TO_INDUSTRY_OF,6022
0000019745,BELONGS_TO_INDUSTRY_OF,4923
0001530721,BELONGS_TO_INDUSTRY_OF,3100
0000900075,BELONGS_TO_INDUSTRY_OF,5500
0001369568,BELONGS_TO_INDUSTRY_OF,2834
0000906345,BELONGS_TO_INDUSTRY_OF,6798
0001944013,BELONGS_TO_INDUSTRY_OF,3490
0001609253,BELONGS_TO_INDUSTRY_OF,1311
0001866175,BELONGS_TO_INDUSTRY_OF,1311
0001060822,BELONGS_TO_INDUSTRY_OF,2300
0000023194,BELONGS_TO_INDUSTRY_OF,1311
0001100682,BELONGS_TO_INDUSTRY_OF,8731
0001108524,BELONGS_TO_INDUSTRY_OF,7372
0001334036,BELONGS_TO_INDUSTRY_OF,3021
0000017843,BELONGS_TO_INDUSTRY_OF,3312
0001743759,BELONGS_TO_INDUSTRY_OF,3577
0000772406,BELONGS_TO_INDUSTRY_OF,3674
0000874866,BELONGS_TO_INDUSTRY_OF,6411
0000858877,BELONGS_TO_INDUSTRY_OF,3576
0001057352,BELONGS_TO_INDUSTRY_OF,7389
0001005757,BELONGS_TO_INDUSTRY_OF,7374
0000790051,BELONGS_TO_INDUSTRY_OF,3060
0000798359,BELONGS_TO_INDUSTRY_OF,6798
0001624794,BELONGS_TO_INDUSTRY_OF,2891
0000277948,BELONGS_TO_INDUSTRY_OF,4011
0000723254,BELONGS_TO_INDUSTRY_OF,2320
0001831915,BELONGS_TO_INDUSTRY_OF,3826
0001596783,BELONGS_TO_INDUSTRY_OF,2834
0000858470,BELONGS_TO_INDUSTRY_OF,1311
0001590717,BELONGS_TO_INDUSTRY_OF,6798
0000026058,BELONGS_TO_INDUSTRY_OF,3672
0001058290,BELONGS_TO_INDUSTRY_OF,7371
0001755672,BELONGS_TO_INDUSTRY_OF,0100
0001298675,BELONGS_TO_INDUSTRY_OF,6798
0001488813,BELONGS_TO_INDUSTRY_OF,6022
0002027317,BELONGS_TO_INDUSTRY_OF,6500
0000025232,BELONGS_TO_INDUSTRY_OF,6798
0000354647,BELONGS_TO_INDUSTRY_OF,6022
0000278166,BELONGS_TO_INDUSTRY_OF,2451
0001376139,BELONGS_TO_INDUSTRY_OF,2911
0001169561,BELONGS_TO_INDUSTRY_OF,7372
0000064803,BELONGS_TO_INDUSTRY_OF,5912
0000093410,BELONGS_TO_INDUSTRY_OF,2911
0000026324,BELONGS_TO_INDUSTRY_OF,3590
0001567683,BELONGS_TO_INDUSTRY_OF,4911
0001628369,BELONGS_TO_INDUSTRY_OF,6500
0001035201,BELONGS_TO_INDUSTRY_OF,4941
0001569345,BELONGS_TO_INDUSTRY_OF,7372
0000025445,BELONGS_TO_INDUSTRY_OF,3490
0001070985,BELONGS_TO_INDUSTRY_OF,6798
0001061983,BELONGS_TO_INDUSTRY_OF,2834
0001590895,BELONGS_TO_INDUSTRY_OF,7011
0000715957,BELONGS_TO_INDUSTRY_OF,4911
0000027904,BELONGS_TO_INDUSTRY_OF,4512
0000026780,BELONGS_TO_INDUSTRY_OF,3714
0000916540,BELONGS_TO_INDUSTRY_OF,2070
0001467623,BELONGS_TO_INDUSTRY_OF,7372
0000029644,BELONGS_TO_INDUSTRY_OF,3564
0000846617,BELONGS_TO_INDUSTRY_OF,6021
0000315189,BELONGS_TO_INDUSTRY_OF,3523
0001622194,BELONGS_TO_INDUSTRY_OF,6798
0001364250,BELONGS_TO_INDUSTRY_OF,6798
0001825088,BELONGS_TO_INDUSTRY_OF,1531
0001669811,BELONGS_TO_INDUSTRY_OF,7380
0001393612,BELONGS_TO_INDUSTRY_OF,6141
0000029534,BELONGS_TO_INDUSTRY_OF,5331
0000854775,BELONGS_TO_INDUSTRY_OF,3576
0001022079,BELONGS_TO_INDUSTRY_OF,8071
0000882184,BELONGS_TO_INDUSTRY_OF,1531
0000313616,BELONGS_TO_INDUSTRY_OF,3823
0001915657,BELONGS_TO_INDUSTRY_OF,4610
0000029002,BELONGS_TO_INDUSTRY_OF,3674
0001744489,BELONGS_TO_INDUSTRY_OF,7990
0001001082,BELONGS_TO_INDUSTRY_OF,4841
0001089063,BELONGS_TO_INDUSTRY_OF,5940
0001308547,BELONGS_TO_INDUSTRY_OF,6794
0001297996,BELONGS_TO_INDUSTRY_OF,6798
0000935703,BELONGS_TO_INDUSTRY_OF,5331
0000027996,BELONGS_TO_INDUSTRY_OF,2780
0001599617,BELONGS_TO_INDUSTRY_OF,3533
0001582961,BELONGS_TO_INDUSTRY_OF,7370
0001516513,BELONGS_TO_INDUSTRY_OF,7371
0001261333,BELONGS_TO_INDUSTRY_OF,7372
0000868780,BELONGS_TO_INDUSTRY_OF,3714
0000029905,BELONGS_TO_INDUSTRY_OF,3530
0001751788,BELONGS_TO_INDUSTRY_OF,2821
0001286681,BELONGS_TO_INDUSTRY_OF,5140
0001298946,BELONGS_TO_INDUSTRY_OF,6798
0000940944,BELONGS_TO_INDUSTRY_OF,5812
0001042893,BELONGS_TO_INDUSTRY_OF,3533
0001773383,BELONGS_TO_INDUSTRY_OF,7372
0000936340,BELONGS_TO_INDUSTRY_OF,4911
0001842022,BELONGS_TO_INDUSTRY_OF,4922
0001326160,BELONGS_TO_INDUSTRY_OF,4931
0001562088,BELONGS_TO_INDUSTRY_OF,7372
0001819928,BELONGS_TO_INDUSTRY_OF,7370
0000927066,BELONGS_TO_INDUSTRY_OF,8090
0001029142,BELONGS_TO_INDUSTRY_OF,2834
0001090012,BELONGS_TO_INDUSTRY_OF,1311
0001688568,BELONGS_TO_INDUSTRY_OF,7374
0001093557,BELONGS_TO_INDUSTRY_OF,3841
0001020710,BELONGS_TO_INDUSTRY_OF,5084
0000067215,BELONGS_TO_INDUSTRY_OF,1623
0000712515,BELONGS_TO_INDUSTRY_OF,7372
0000703351,BELONGS_TO_INDUSTRY_OF,5812
0001065088,BELONGS_TO_INDUSTRY_OF,7389
0002015845,BELONGS_TO_INDUSTRY_OF,1531
0000031462,BELONGS_TO_INDUSTRY_OF,2840
0001084961,BELONGS_TO_INDUSTRY_OF,6153
0001047862,BELONGS_TO_INDUSTRY_OF,4931
0001029199,BELONGS_TO_INDUSTRY_OF,6099
0001411342,BELONGS_TO_INDUSTRY_OF,6500
0000033185,BELONGS_TO_INDUSTRY_OF,7320
0001050441,BELONGS_TO_INDUSTRY_OF,6022
0000049600,BELONGS_TO_INDUSTRY_OF,6798
0000785161,BELONGS_TO_INDUSTRY_OF,8060
0001379041,BELONGS_TO_INDUSTRY_OF,6331
0000827052,BELONGS_TO_INDUSTRY_OF,4911
0001001250,BELONGS_TO_INDUSTRY_OF,2844
0001600033,BELONGS_TO_INDUSTRY_OF,2844
0000104894,BELONGS_TO_INDUSTRY_OF,6798
0000895417,BELONGS_TO_INDUSTRY_OF,6798
0001156039,BELONGS_TO_INDUSTRY_OF,6324
0001872789,BELONGS_TO_INDUSTRY_OF,3841
0000105634,BELONGS_TO_INDUSTRY_OF,1731
0000915389,BELONGS_TO_INDUSTRY_OF,2821
0000032604,BELONGS_TO_INDUSTRY_OF,3600
0001420800,BELONGS_TO_INDUSTRY_OF,3842
0001463101,BELONGS_TO_INDUSTRY_OF,3674
0001632790,BELONGS_TO_INDUSTRY_OF,3690
0001289308,BELONGS_TO_INDUSTRY_OF,3690
0001125376,BELONGS_TO_INDUSTRY_OF,8051
0001101302,BELONGS_TO_INDUSTRY_OF,3089
0001529864,BELONGS_TO_INDUSTRY_OF,6141
0000821189,BELONGS_TO_INDUSTRY_OF,1311
0000006955,BELONGS_TO_INDUSTRY_OF,3590
0001352010,BELONGS_TO_INDUSTRY_OF,7371
0001096752,BELONGS_TO_INDUSTRY_OF,2844
0001045450,BELONGS_TO_INDUSTRY_OF,6798
0001728951,BELONGS_TO_INDUSTRY_OF,6798
0001333986,BELONGS_TO_INDUSTRY_OF,6411
0001101239,BELONGS_TO_INDUSTRY_OF,6798
0000906107,BELONGS_TO_INDUSTRY_OF,6798
0000033213,BELONGS_TO_INDUSTRY_OF,1311
0000072741,BELONGS_TO_INDUSTRY_OF,4911
0001877322,BELONGS_TO_INDUSTRY_OF,3569
0000866706,BELONGS_TO_INDUSTRY_OF,3669
0001590714,BELONGS_TO_INDUSTRY_OF,2890
0001448893,BELONGS_TO_INDUSTRY_OF,6351
0000920522,BELONGS_TO_INDUSTRY_OF,6798
0000896156,BELONGS_TO_INDUSTRY_OF,2511
0001551182,BELONGS_TO_INDUSTRY_OF,3590
0000065984,BELONGS_TO_INDUSTRY_OF,4911
0001370637,BELONGS_TO_INDUSTRY_OF,7389
0001360901,BELONGS_TO_INDUSTRY_OF,6282
0001711269,BELONGS_TO_INDUSTRY_OF,4931
0001559865,BELONGS_TO_INDUSTRY_OF,7374
0001099800,BELONGS_TO_INDUSTRY_OF,3842
0001069157,BELONGS_TO_INDUSTRY_OF,6022
0001109357,BELONGS_TO_INDUSTRY_OF,4931
0000939767,BELONGS_TO_INDUSTRY_OF,2836
0001297989,BELONGS_TO_INDUSTRY_OF,7389
0000918646,BELONGS_TO_INDUSTRY_OF,3241
0000746515,BELONGS_TO_INDUSTRY_OF,4731
0001324424,BELONGS_TO_INDUSTRY_OF,4700
0001495932,BELONGS_TO_INDUSTRY_OF,6531
0000851520,BELONGS_TO_INDUSTRY_OF,8742
0001289490,BELONGS_TO_INDUSTRY_OF,6798
0001078271,BELONGS_TO_INDUSTRY_OF,3576
0001710155,BELONGS_TO_INDUSTRY_OF,3851
0000876523,BELONGS_TO_INDUSTRY_OF,5900
0000037996,BELONGS_TO_INDUSTRY_OF,3711
0001472787,BELONGS_TO_INDUSTRY_OF,6361
0001539838,BELONGS_TO_INDUSTRY_OF,1311
0000815556,BELONGS_TO_INDUSTRY_OF,5200
0001519751,BELONGS_TO_INDUSTRY_OF,2430
0001649749,BELONGS_TO_INDUSTRY_OF,6022
0000811589,BELONGS_TO_INDUSTRY_OF,6022
0001057706,BELONGS_TO_INDUSTRY_OF,6022
0001562528,BELONGS_TO_INDUSTRY_OF,6798
0000712537,BELONGS_TO_INDUSTRY_OF,6021
0000840489,BELONGS_TO_INDUSTRY_OF,5900
0000887936,BELONGS_TO_INDUSTRY_OF,8742
0001650132,BELONGS_TO_INDUSTRY_OF,6798
0000831259,BELONGS_TO_INDUSTRY_OF,1000
0001047340,BELONGS_TO_INDUSTRY_OF,0100
0001013237,BELONGS_TO_INDUSTRY_OF,7370
0001048911,BELONGS_TO_INDUSTRY_OF,4513
0001031296,BELONGS_TO_INDUSTRY_OF,4911
0000038725,BELONGS_TO_INDUSTRY_OF,3621
0000708955,BELONGS_TO_INDUSTRY_OF,6021
0000036029,BELONGS_TO_INDUSTRY_OF,6022
0001048695,BELONGS_TO_INDUSTRY_OF,3576
0000036377,BELONGS_TO_INDUSTRY_OF,6022
0001056288,BELONGS_TO_INDUSTRY_OF,6282
0000036966,BELONGS_TO_INDUSTRY_OF,6021
0001136893,BELONGS_TO_INDUSTRY_OF,7389
0000798354,BELONGS_TO_INDUSTRY_OF,7389
0000035527,BELONGS_TO_INDUSTRY_OF,6022
0001177609,BELONGS_TO_INDUSTRY_OF,5331
0001035983,BELONGS_TO_INDUSTRY_OF,1731
0000069891,BELONGS_TO_INDUSTRY_OF,2086
0000850209,BELONGS_TO_INDUSTRY_OF,5661
0000866374,BELONGS_TO_INDUSTRY_OF,3672
0000910073,BELONGS_TO_INDUSTRY_OF,6036
0001128928,BELONGS_TO_INDUSTRY_OF,2000
0001124198,BELONGS_TO_INDUSTRY_OF,1600
0000030625,BELONGS_TO_INDUSTRY_OF,3561
0001175454,BELONGS_TO_INDUSTRY_OF,7389
0000037785,BELONGS_TO_INDUSTRY_OF,2800
0001408710,BELONGS_TO_INDUSTRY_OF,3661
0000037808,BELONGS_TO_INDUSTRY_OF,6021
0001507079,BELONGS_TO_INDUSTRY_OF,5211
0001331875,BELONGS_TO_INDUSTRY_OF,6361
0001039399,BELONGS_TO_INDUSTRY_OF,3674
0001794669,BELONGS_TO_INDUSTRY_OF,7389
0001754301,BELONGS_TO_INDUSTRY_OF,4833
0001424929,BELONGS_TO_INDUSTRY_OF,3751
0000921825,BELONGS_TO_INDUSTRY_OF,6798
0001611647,BELONGS_TO_INDUSTRY_OF,2040
0000034903,BELONGS_TO_INDUSTRY_OF,6798
0000277509,BELONGS_TO_INDUSTRY_OF,3711
0001727263,BELONGS_TO_INDUSTRY_OF,7340
0001262039,BELONGS_TO_INDUSTRY_OF,3577
0001965040,BELONGS_TO_INDUSTRY_OF,8071
0001659166,BELONGS_TO_INDUSTRY_OF,3823
0000039368,BELONGS_TO_INDUSTRY_OF,2891
0000700564,BELONGS_TO_INDUSTRY_OF,6021
0001999001,BELONGS_TO_INDUSTRY_OF,7900
0000912728,BELONGS_TO_INDUSTRY_OF,4731
0000020520,BELONGS_TO_INDUSTRY_OF,4813
0001398659,BELONGS_TO_INDUSTRY_OF,8742
0000039911,BELONGS_TO_INDUSTRY_OF,5651
0000040211,BELONGS_TO_INDUSTRY_OF,4700
0000868671,BELONGS_TO_INDUSTRY_OF,6022
0000923120,BELONGS_TO_INDUSTRY_OF,3743
0000040533,BELONGS_TO_INDUSTRY_OF,3730
0001071255,BELONGS_TO_INDUSTRY_OF,7990
0001743725,BELONGS_TO_INDUSTRY_OF,7372
0000040545,BELONGS_TO_INDUSTRY_OF,3600
0000043920,BELONGS_TO_INDUSTRY_OF,3412
0000849399,BELONGS_TO_INDUSTRY_OF,7372
0000923796,BELONGS_TO_INDUSTRY_OF,1520
0000912463,BELONGS_TO_INDUSTRY_OF,2340
0000050725,BELONGS_TO_INDUSTRY_OF,3442
0000042888,BELONGS_TO_INDUSTRY_OF,3561
0000104889,BELONGS_TO_INDUSTRY_OF,8200
0000821002,BELONGS_TO_INDUSTRY_OF,2300
0000882095,BELONGS_TO_INDUSTRY_OF,2836
0000040704,BELONGS_TO_INDUSTRY_OF,2040
0001192448,BELONGS_TO_INDUSTRY_OF,3841
0000320335,BELONGS_TO_INDUSTRY_OF,6311
0001575965,BELONGS_TO_INDUSTRY_OF,6798
0000024741,BELONGS_TO_INDUSTRY_OF,3357
0001467858,BELONGS_TO_INDUSTRY_OF,3711
0001326380,BELONGS_TO_INDUSTRY_OF,5734
0001237831,BELONGS_TO_INDUSTRY_OF,3841
0001600438,BELONGS_TO_INDUSTRY_OF,5030
0001526113,BELONGS_TO_INDUSTRY_OF,6798
0001474735,BELONGS_TO_INDUSTRY_OF,3621
0000355811,BELONGS_TO_INDUSTRY_OF,3714
0001276520,BELONGS_TO_INDUSTRY_OF,6311
0001771515,BELONGS_TO_INDUSTRY_OF,5411
0001537054,BELONGS_TO_INDUSTRY_OF,4899
0001672013,BELONGS_TO_INDUSTRY_OF,3949
0001652044,BELONGS_TO_INDUSTRY_OF,7370
0000040987,BELONGS_TO_INDUSTRY_OF,5013
0001031203,BELONGS_TO_INDUSTRY_OF,5500
0001408075,BELONGS_TO_INDUSTRY_OF,2650
0001123360,BELONGS_TO_INDUSTRY_OF,7389
0001373670,BELONGS_TO_INDUSTRY_OF,1531
0001121788,BELONGS_TO_INDUSTRY_OF,3812
0000886982,BELONGS_TO_INDUSTRY_OF,6211
0001726978,BELONGS_TO_INDUSTRY_OF,6411
0000042582,BELONGS_TO_INDUSTRY_OF,3011
0001718512,BELONGS_TO_INDUSTRY_OF,3560
0000892553,BELONGS_TO_INDUSTRY_OF,3443
0001794515,BELONGS_TO_INDUSTRY_OF,7372
0001052752,BELONGS_TO_INDUSTRY_OF,6500
0000861459,BELONGS_TO_INDUSTRY_OF,1600
0001528396,BELONGS_TO_INDUSTRY_OF,7372
0000277135,BELONGS_TO_INDUSTRY_OF,5000
0001852244,BELONGS_TO_INDUSTRY_OF,4700
0001468174,BELONGS_TO_INDUSTRY_OF,7011
0000313143,BELONGS_TO_INDUSTRY_OF,3841
0001109242,BELONGS_TO_INDUSTRY_OF,6021
0000045012,BELONGS_TO_INDUSTRY_OF,1389
0001159036,BELONGS_TO_INDUSTRY_OF,2836
0000046080,BELONGS_TO_INDUSTRY_OF,3944
0001561894,BELONGS_TO_INDUSTRY_OF,6799
0001834622,BELONGS_TO_INDUSTRY_OF,3580
0000049196,BELONGS_TO_INDUSTRY_OF,6021
0001359841,BELONGS_TO_INDUSTRY_OF,5600
0000860730,BELONGS_TO_INDUSTRY_OF,8062
0001691303,BELONGS_TO_INDUSTRY_OF,1220
0001400810,BELONGS_TO_INDUSTRY_OF,6331
0000731012,BELONGS_TO_INDUSTRY_OF,8050
0000354950,BELONGS_TO_INDUSTRY_OF,5211
0000916789,BELONGS_TO_INDUSTRY_OF,3634
0000004447,BELONGS_TO_INDUSTRY_OF,2911
0001046025,BELONGS_TO_INDUSTRY_OF,6036
0001674168,BELONGS_TO_INDUSTRY_OF,7000
0001417398,BELONGS_TO_INDUSTRY_OF,3990
0000874766,BELONGS_TO_INDUSTRY_OF,6331
0001501585,BELONGS_TO_INDUSTRY_OF,3730
0001773751,BELONGS_TO_INDUSTRY_OF,8011
0000921082,BELONGS_TO_INDUSTRY_OF,6798
0001302215,BELONGS_TO_INDUSTRY_OF,6282
0000851310,BELONGS_TO_INDUSTRY_OF,3663
0001433642,BELONGS_TO_INDUSTRY_OF,6282
0001585689,BELONGS_TO_INDUSTRY_OF,7011
0000866829,BELONGS_TO_INDUSTRY_OF,1389
0000850141,BELONGS_TO_INDUSTRY_OF,6331
0000048287,BELONGS_TO_INDUSTRY_OF,2522
0000793952,BELONGS_TO_INDUSTRY_OF,3751
0000859737,BELONGS_TO_INDUSTRY_OF,3844
0001331520,BELONGS_TO_INDUSTRY_OF,6022
0000773840,BELONGS_TO_INDUSTRY_OF,3724
0001128361,BELONGS_TO_INDUSTRY_OF,6021
0000046765,BELONGS_TO_INDUSTRY_OF,1381
0001645590,BELONGS_TO_INDUSTRY_OF,3570
0000047217,BELONGS_TO_INDUSTRY_OF,3570
0001428336,BELONGS_TO_INDUSTRY_OF,7389
0001360604,BELONGS_TO_INDUSTRY_OF,6798
0000012659,BELONGS_TO_INDUSTRY_OF,7200
0000048465,BELONGS_TO_INDUSTRY_OF,2011
0001802665,BELONGS_TO_INDUSTRY_OF,2834
0001000228,BELONGS_TO_INDUSTRY_OF,5047
0001066605,BELONGS_TO_INDUSTRY_OF,7361
0001070750,BELONGS_TO_INDUSTRY_OF,6798
0001095565,BELONGS_TO_INDUSTRY_OF,7370
0000047111,BELONGS_TO_INDUSTRY_OF,2060
0001265131,BELONGS_TO_INDUSTRY_OF,6022
0000799233,BELONGS_TO_INDUSTRY_OF,4213
0001657853,BELONGS_TO_INDUSTRY_OF,7510
0000940942,BELONGS_TO_INDUSTRY_OF,4731
0000049071,BELONGS_TO_INDUSTRY_OF,6324
0000750577,BELONGS_TO_INDUSTRY_OF,6022
0000046250,BELONGS_TO_INDUSTRY_OF,5160
0000004281,BELONGS_TO_INDUSTRY_OF,3350
0000717605,BELONGS_TO_INDUSTRY_OF,2821
0001057060,BELONGS_TO_INDUSTRY_OF,5531
0001800227,BELONGS_TO_INDUSTRY_OF,7370
0000917520,BELONGS_TO_INDUSTRY_OF,3841
0001381197,BELONGS_TO_INDUSTRY_OF,6211
0000051143,BELONGS_TO_INDUSTRY_OF,3570
0000315709,BELONGS_TO_INDUSTRY_OF,6022
0001580905,BELONGS_TO_INDUSTRY_OF,1520
0001571949,BELONGS_TO_INDUSTRY_OF,6200
0001652535,BELONGS_TO_INDUSTRY_OF,3674
0000883984,BELONGS_TO_INDUSTRY_OF,3841
0001057877,BELONGS_TO_INDUSTRY_OF,4911
0001405495,BELONGS_TO_INDUSTRY_OF,6794
0000874716,BELONGS_TO_INDUSTRY_OF,2835
0000832101,BELONGS_TO_INDUSTRY_OF,3561
0000051253,BELONGS_TO_INDUSTRY_OF,2860
0000764401,BELONGS_TO_INDUSTRY_OF,3310
0001677576,BELONGS_TO_INDUSTRY_OF,6500
0001110803,BELONGS_TO_INDUSTRY_OF,3826
0000879169,BELONGS_TO_INDUSTRY_OF,8731
0000776901,BELONGS_TO_INDUSTRY_OF,6022
0001046257,BELONGS_TO_INDUSTRY_OF,2040
0001497645,BELONGS_TO_INDUSTRY_OF,6798
0001609550,BELONGS_TO_INDUSTRY_OF,3841
0001679049,BELONGS_TO_INDUSTRY_OF,4400
0000050863,BELONGS_TO_INDUSTRY_OF,3674
0000896878,BELONGS_TO_INDUSTRY_OF,7372
0001080014,BELONGS_TO_INDUSTRY_OF,2834
0001687229,BELONGS_TO_INDUSTRY_OF,6510
0001054905,BELONGS_TO_INDUSTRY_OF,2800
0000051434,BELONGS_TO_INDUSTRY_OF,2621
0000822663,BELONGS_TO_INDUSTRY_OF,2844
0000051644,BELONGS_TO_INDUSTRY_OF,7311
0001111928,BELONGS_TO_INDUSTRY_OF,3674
0001478242,BELONGS_TO_INDUSTRY_OF,8731
0001699150,BELONGS_TO_INDUSTRY_OF,3560
0001418819,BELONGS_TO_INDUSTRY_OF,4899
0001020569,BELONGS_TO_INDUSTRY_OF,6798
0001466085,BELONGS_TO_INDUSTRY_OF,6798
0001035267,BELONGS_TO_INDUSTRY_OF,3842
0000749251,BELONGS_TO_INDUSTRY_OF,8741
0001114483,BELONGS_TO_INDUSTRY_OF,3845
0000780571,BELONGS_TO_INDUSTRY_OF,3825
0000216228,BELONGS_TO_INDUSTRY_OF,3561
0000049826,BELONGS_TO_INDUSTRY_OF,3560
0000914208,BELONGS_TO_INDUSTRY_OF,6282
0000807882,BELONGS_TO_INDUSTRY_OF,5812
0001232524,BELONGS_TO_INDUSTRY_OF,2834
0001689796,BELONGS_TO_INDUSTRY_OF,6798
0000728535,BELONGS_TO_INDUSTRY_OF,4213
0001158463,BELONGS_TO_INDUSTRY_OF,4512
0000880117,BELONGS_TO_INDUSTRY_OF,2060
0001433660,BELONGS_TO_INDUSTRY_OF,3550
0000833444,BELONGS_TO_INDUSTRY_OF,3585
0000096223,BELONGS_TO_INDUSTRY_OF,6211
0001274173,BELONGS_TO_INDUSTRY_OF,6282
0000785956,BELONGS_TO_INDUSTRY_OF,2052
0000779152,BELONGS_TO_INDUSTRY_OF,7373
0001037976,BELONGS_TO_INDUSTRY_OF,6531
0000200406,BELONGS_TO_INDUSTRY_OF,2834
0001043604,BELONGS_TO_INDUSTRY_OF,3576
0000745308,BELONGS_TO_INDUSTRY_OF,6552
0000019617,BELONGS_TO_INDUSTRY_OF,6021
0001822993,BELONGS_TO_INDUSTRY_OF,6311
0000055067,BELONGS_TO_INDUSTRY_OF,2040
0000886346,BELONGS_TO_INDUSTRY_OF,3550
0000811596,BELONGS_TO_INDUSTRY_OF,3350
0001395942,BELONGS_TO_INDUSTRY_OF,5500
0000795266,BELONGS_TO_INDUSTRY_OF,1531
0001357615,BELONGS_TO_INDUSTRY_OF,1600
0001867072,BELONGS_TO_INDUSTRY_OF,7373
0001418135,BELONGS_TO_INDUSTRY_OF,2080
0000056047,BELONGS_TO_INDUSTRY_OF,4400
0000091576,BELONGS_TO_INDUSTRY_OF,6021
0001601046,BELONGS_TO_INDUSTRY_OF,3823
0000056679,BELONGS_TO_INDUSTRY_OF,7361
0001637459,BELONGS_TO_INDUSTRY_OF,2030
0000879101,BELONGS_TO_INDUSTRY_OF,6798
0000319201,BELONGS_TO_INDUSTRY_OF,3827
0001959348,BELONGS_TO_INDUSTRY_OF,2040
0000056978,BELONGS_TO_INDUSTRY_OF,3674
0000055785,BELONGS_TO_INDUSTRY_OF,2670
0001506307,BELONGS_TO_INDUSTRY_OF,4922
0000860748,BELONGS_TO_INDUSTRY_OF,6331
0000055242,BELONGS_TO_INDUSTRY_OF,3541
0001170010,BELONGS_TO_INDUSTRY_OF,5500
0001587523,BELONGS_TO_INDUSTRY_OF,3651
0001955520,BELONGS_TO_INDUSTRY_OF,1400
0001669162,BELONGS_TO_INDUSTRY_OF,6331
0001492691,BELONGS_TO_INDUSTRY_OF,4213
0000021344,BELONGS_TO_INDUSTRY_OF,2080
0001315257,BELONGS_TO_INDUSTRY_OF,2400
0000056873,BELONGS_TO_INDUSTRY_OF,5411
0001025996,BELONGS_TO_INDUSTRY_OF,6798
0001631596,BELONGS_TO_INDUSTRY_OF,6798
0001286043,BELONGS_TO_INDUSTRY_OF,6798
0001711279,BELONGS_TO_INDUSTRY_OF,2836
0000885639,BELONGS_TO_INDUSTRY_OF,5311
0001760965,BELONGS_TO_INDUSTRY_OF,2320
0001069258,BELONGS_TO_INDUSTRY_OF,3760
0001408100,BELONGS_TO_INDUSTRY_OF,6500
0000081362,BELONGS_TO_INDUSTRY_OF,2990
0000060086,BELONGS_TO_INDUSTRY_OF,6331
0001023128,BELONGS_TO_INDUSTRY_OF,5500
0001090425,BELONGS_TO_INDUSTRY_OF,6798
0000057515,BELONGS_TO_INDUSTRY_OF,2030
0001694028,BELONGS_TO_INDUSTRY_OF,1389
0000763744,BELONGS_TO_INDUSTRY_OF,3714
0001336920,BELONGS_TO_INDUSTRY_OF,7373
0000842162,BELONGS_TO_INDUSTRY_OF,3714
0000059527,BELONGS_TO_INDUSTRY_OF,3540
0000058492,BELONGS_TO_INDUSTRY_OF,2510
0000920760,BELONGS_TO_INDUSTRY_OF,1520
0000889331,BELONGS_TO_INDUSTRY_OF,3613
0001580670,BELONGS_TO_INDUSTRY_OF,1531
0000886163,BELONGS_TO_INDUSTRY_OF,2834
0000920148,BELONGS_TO_INDUSTRY_OF,8071
0000202058,BELONGS_TO_INDUSTRY_OF,3812
0001707925,BELONGS_TO_INDUSTRY_OF,2810
0001633978,BELONGS_TO_INDUSTRY_OF,3669
0001639691,BELONGS_TO_INDUSTRY_OF,3845
0000721994,BELONGS_TO_INDUSTRY_OF,6022
0001065696,BELONGS_TO_INDUSTRY_OF,5010
0000059478,BELONGS_TO_INDUSTRY_OF,2834
0001158895,BELONGS_TO_INDUSTRY_OF,3841
0000936468,BELONGS_TO_INDUSTRY_OF,3760
0000059558,BELONGS_TO_INDUSTRY_OF,6311
0000836157,BELONGS_TO_INDUSTRY_OF,3523
0000352541,BELONGS_TO_INDUSTRY_OF,4931
0001521036,BELONGS_TO_INDUSTRY_OF,2835
0000750004,BELONGS_TO_INDUSTRY_OF,7373
0001434588,BELONGS_TO_INDUSTRY_OF,8200
0000060667,BELONGS_TO_INDUSTRY_OF,5211
0001596993,BELONGS_TO_INDUSTRY_OF,4412
0000060519,BELONGS_TO_INDUSTRY_OF,2400
0001235468,BELONGS_TO_INDUSTRY_OF,7389
0000707549,BELONGS_TO_INDUSTRY_OF,3559
0001157408,BELONGS_TO_INDUSTRY_OF,8200
0000855658,BELONGS_TO_INDUSTRY_OF,3674
0000853816,BELONGS_TO_INDUSTRY_OF,4213
0000887905,BELONGS_TO_INDUSTRY_OF,6798
0000018926,BELONGS_TO_INDUSTRY_OF,4813
0000092380,BELONGS_TO_INDUSTRY_OF,4512
0001300514,BELONGS_TO_INDUSTRY_OF,7011
0001679273,BELONGS_TO_INDUSTRY_OF,2030
0000910108,BELONGS_TO_INDUSTRY_OF,6798
0001489393,BELONGS_TO_INDUSTRY_OF,2860
0001335258,BELONGS_TO_INDUSTRY_OF,7900
0000057131,BELONGS_TO_INDUSTRY_OF,2510
0000794367,BELONGS_TO_INDUSTRY_OF,5311
0001141391,BELONGS_TO_INDUSTRY_OF,7389
0000912595,BELONGS_TO_INDUSTRY_OF,6798
0000912242,BELONGS_TO_INDUSTRY_OF,6798
0000871763,BELONGS_TO_INDUSTRY_OF,7363
0001056696,BELONGS_TO_INDUSTRY_OF,7372
0001048286,BELONGS_TO_INDUSTRY_OF,7011
0001507605,BELONGS_TO_INDUSTRY_OF,6199
0000062996,BELONGS_TO_INDUSTRY_OF,3430
0000937556,BELONGS_TO_INDUSTRY_OF,3845
0000063276,BELONGS_TO_INDUSTRY_OF,3942
0000063296,BELONGS_TO_INDUSTRY_OF,3360
0000003453,BELONGS_TO_INDUSTRY_OF,4400
0001941365,BELONGS_TO_INDUSTRY_OF,2511
0001596967,BELONGS_TO_INDUSTRY_OF,6282
0000063908,BELONGS_TO_INDUSTRY_OF,5812
0000827054,BELONGS_TO_INDUSTRY_OF,3674
0000927653,BELONGS_TO_INDUSTRY_OF,5122
0001059556,BELONGS_TO_INDUSTRY_OF,7320
0000907242,BELONGS_TO_INDUSTRY_OF,7011
0001853513,BELONGS_TO_INDUSTRY_OF,7500
0000064996,BELONGS_TO_INDUSTRY_OF,6331
0000893949,BELONGS_TO_INDUSTRY_OF,8060
0001103982,BELONGS_TO_INDUSTRY_OF,2000
0001613103,BELONGS_TO_INDUSTRY_OF,3845
0000067716,BELONGS_TO_INDUSTRY_OF,1400
0001668397,BELONGS_TO_INDUSTRY_OF,8731
0001099219,BELONGS_TO_INDUSTRY_OF,6311
0001326801,BELONGS_TO_INDUSTRY_OF,7370
0001161728,BELONGS_TO_INDUSTRY_OF,4900
0000789570,BELONGS_TO_INDUSTRY_OF,7011
0000835011,BELONGS_TO_INDUSTRY_OF,5180
0001698990,BELONGS_TO_INDUSTRY_OF,1311
0000851968,BELONGS_TO_INDUSTRY_OF,2273
0000799292,BELONGS_TO_INDUSTRY_OF,1531
0000769520,BELONGS_TO_INDUSTRY_OF,3580
0000063754,BELONGS_TO_INDUSTRY_OF,2090
0001049502,BELONGS_TO_INDUSTRY_OF,3823
0001278021,BELONGS_TO_INDUSTRY_OF,6211
0000724004,BELONGS_TO_INDUSTRY_OF,3823
0000089439,BELONGS_TO_INDUSTRY_OF,3350
0000066382,BELONGS_TO_INDUSTRY_OF,2520
0000916076,BELONGS_TO_INDUSTRY_OF,1400
0000062709,BELONGS_TO_INDUSTRY_OF,6411
0001578732,BELONGS_TO_INDUSTRY_OF,6531
0000066740,BELONGS_TO_INDUSTRY_OF,3841
0001032220,BELONGS_TO_INDUSTRY_OF,7389
0000856982,BELONGS_TO_INDUSTRY_OF,3841
0000876427,BELONGS_TO_INDUSTRY_OF,7500
0000865752,BELONGS_TO_INDUSTRY_OF,2086
0000764180,BELONGS_TO_INDUSTRY_OF,2111
0000837465,BELONGS_TO_INDUSTRY_OF,3949
0001179929,BELONGS_TO_INDUSTRY_OF,6324
0001289419,BELONGS_TO_INDUSTRY_OF,6282
0001285785,BELONGS_TO_INDUSTRY_OF,2870
0001801368,BELONGS_TO_INDUSTRY_OF,1000
0001510295,BELONGS_TO_INDUSTRY_OF,2911
0001287865,BELONGS_TO_INDUSTRY_OF,6798
0001280452,BELONGS_TO_INDUSTRY_OF,3674
0001049521,BELONGS_TO_INDUSTRY_OF,3670
0000310158,BELONGS_TO_INDUSTRY_OF,2834
0001682852,BELONGS_TO_INDUSTRY_OF,2836
0000101778,BELONGS_TO_INDUSTRY_OF,1311
0002017206,BELONGS_TO_INDUSTRY_OF,6500
0000799167,BELONGS_TO_INDUSTRY_OF,4213
0000895421,BELONGS_TO_INDUSTRY_OF,6211
0000066570,BELONGS_TO_INDUSTRY_OF,3842
0001408198,BELONGS_TO_INDUSTRY_OF,7389
0000066004,BELONGS_TO_INDUSTRY_OF,4941
0000789019,BELONGS_TO_INDUSTRY_OF,7372
0001636519,BELONGS_TO_INDUSTRY_OF,7990
0000068505,BELONGS_TO_INDUSTRY_OF,3663
0001003078,BELONGS_TO_INDUSTRY_OF,5084
0000036270,BELONGS_TO_INDUSTRY_OF,6022
0000891103,BELONGS_TO_INDUSTRY_OF,7370
0001037646,BELONGS_TO_INDUSTRY_OF,3826
0001520006,BELONGS_TO_INDUSTRY_OF,1311
0000876437,BELONGS_TO_INDUSTRY_OF,6351
0000833079,BELONGS_TO_INDUSTRY_OF,1531
0000812011,BELONGS_TO_INDUSTRY_OF,7990
0001104657,BELONGS_TO_INDUSTRY_OF,3460
0001493594,BELONGS_TO_INDUSTRY_OF,3674
0001598428,BELONGS_TO_INDUSTRY_OF,3312
0000891014,BELONGS_TO_INDUSTRY_OF,2810
0000015615,BELONGS_TO_INDUSTRY_OF,1623
0000723125,BELONGS_TO_INDUSTRY_OF,3674
0000717423,BELONGS_TO_INDUSTRY_OF,1311
0001573516,BELONGS_TO_INDUSTRY_OF,5500
0001350593,BELONGS_TO_INDUSTRY_OF,3490
0001288469,BELONGS_TO_INDUSTRY_OF,3674
0000899923,BELONGS_TO_INDUSTRY_OF,2835
0000700923,BELONGS_TO_INDUSTRY_OF,1623
0001834488,BELONGS_TO_INDUSTRY_OF,7372
0001974138,BELONGS_TO_INDUSTRY_OF,3578
0001593538,BELONGS_TO_INDUSTRY_OF,6211
0001475841,BELONGS_TO_INDUSTRY_OF,6021
0000914475,BELONGS_TO_INDUSTRY_OF,2836
0000790359,BELONGS_TO_INDUSTRY_OF,6021
0001513761,BELONGS_TO_INDUSTRY_OF,4400
0001120193,BELONGS_TO_INDUSTRY_OF,6200
0000072331,BELONGS_TO_INDUSTRY_OF,3569
0000753308,BELONGS_TO_INDUSTRY_OF,4911
0001164727,BELONGS_TO_INDUSTRY_OF,1040
0001077183,BELONGS_TO_INDUSTRY_OF,8734
0000711377,BELONGS_TO_INDUSTRY_OF,2835
0001282637,BELONGS_TO_INDUSTRY_OF,2860
0000070145,BELONGS_TO_INDUSTRY_OF,4924
0001065280,BELONGS_TO_INDUSTRY_OF,7841
0001653477,BELONGS_TO_INDUSTRY_OF,2800
0001047335,BELONGS_TO_INDUSTRY_OF,8051
0001111711,BELONGS_TO_INDUSTRY_OF,4931
0000356309,BELONGS_TO_INDUSTRY_OF,4924
0000320187,BELONGS_TO_INDUSTRY_OF,3021
0001043219,BELONGS_TO_INDUSTRY_OF,6798
0001547903,BELONGS_TO_INDUSTRY_OF,6351
0000751364,BELONGS_TO_INDUSTRY_OF,6798
0001133421,BELONGS_TO_INDUSTRY_OF,3812
0001104485,BELONGS_TO_INDUSTRY_OF,1311
0001021860,BELONGS_TO_INDUSTRY_OF,3533
0001076930,BELONGS_TO_INDUSTRY_OF,3690
0001373715,BELONGS_TO_INDUSTRY_OF,7372
0000080172,BELONGS_TO_INDUSTRY_OF,3480
0001164863,BELONGS_TO_INDUSTRY_OF,3050
0001013871,BELONGS_TO_INDUSTRY_OF,4911
0001618563,BELONGS_TO_INDUSTRY_OF,6798
0000702165,BELONGS_TO_INDUSTRY_OF,4011
0000932696,BELONGS_TO_INDUSTRY_OF,5961
0001000753,BELONGS_TO_INDUSTRY_OF,7363
0001002047,BELONGS_TO_INDUSTRY_OF,3572
0001078075,BELONGS_TO_INDUSTRY_OF,7373
0000073124,BELONGS_TO_INDUSTRY_OF,6022
0000073309,BELONGS_TO_INDUSTRY_OF,3312
0001045810,BELONGS_TO_INDUSTRY_OF,3674
0001532961,BELONGS_TO_INDUSTRY_OF,7380
0000906163,BELONGS_TO_INDUSTRY_OF,1531
0000045876,BELONGS_TO_INDUSTRY_OF,8900
0001757073,BELONGS_TO_INDUSTRY_OF,3843
0001720635,BELONGS_TO_INDUSTRY_OF,3550
0001471265,BELONGS_TO_INDUSTRY_OF,6021
0001993004,BELONGS_TO_INDUSTRY_OF,4931
0000814453,BELONGS_TO_INDUSTRY_OF,3089
0001733998,BELONGS_TO_INDUSTRY_OF,4924
0001564708,BELONGS_TO_INDUSTRY_OF,2711
0001423221,BELONGS_TO_INDUSTRY_OF,3350
0001413447,BELONGS_TO_INDUSTRY_OF,3674
0001620393,BELONGS_TO_INDUSTRY_OF,6798
0001142417,BELONGS_TO_INDUSTRY_OF,4833
0001852131,BELONGS_TO_INDUSTRY_OF,3812
0001273685,BELONGS_TO_INDUSTRY_OF,6798
0000071691,BELONGS_TO_INDUSTRY_OF,2711
0000726728,BELONGS_TO_INDUSTRY_OF,6798
0001370946,BELONGS_TO_INDUSTRY_OF,3290
0000878927,BELONGS_TO_INDUSTRY_OF,4213
0001030469,BELONGS_TO_INDUSTRY_OF,6022
0001021635,BELONGS_TO_INDUSTRY_OF,4911
0001821825,BELONGS_TO_INDUSTRY_OF,2834
0001587732,BELONGS_TO_INDUSTRY_OF,4924
0000888491,BELONGS_TO_INDUSTRY_OF,6798
0000812074,BELONGS_TO_INDUSTRY_OF,3221
0000073756,BELONGS_TO_INDUSTRY_OF,1389
0001039684,BELONGS_TO_INDUSTRY_OF,4923
0001660134,BELONGS_TO_INDUSTRY_OF,7372
0001005284,BELONGS_TO_INDUSTRY_OF,3670
0001639300,BELONGS_TO_INDUSTRY_OF,5331
0000074303,BELONGS_TO_INDUSTRY_OF,2800
0000029989,BELONGS_TO_INDUSTRY_OF,7311
0000926326,BELONGS_TO_INDUSTRY_OF,3571
0000075252,BELONGS_TO_INDUSTRY_OF,5047
0001097864,BELONGS_TO_INDUSTRY_OF,3674
0000707179,BELONGS_TO_INDUSTRY_OF,6021
0000704532,BELONGS_TO_INDUSTRY_OF,3829
0001014739,BELONGS_TO_INDUSTRY_OF,8082
0001296445,BELONGS_TO_INDUSTRY_OF,4911
0001341439,BELONGS_TO_INDUSTRY_OF,7372
0000074260,BELONGS_TO_INDUSTRY_OF,6351
0000898173,BELONGS_TO_INDUSTRY_OF,5531
0001039065,BELONGS_TO_INDUSTRY_OF,3674
0000775158,BELONGS_TO_INDUSTRY_OF,3711
0001781335,BELONGS_TO_INDUSTRY_OF,3600
0001466593,BELONGS_TO_INDUSTRY_OF,4911
0001579877,BELONGS_TO_INDUSTRY_OF,6798
0001792580,BELONGS_TO_INDUSTRY_OF,1311
0000075288,BELONGS_TO_INDUSTRY_OF,2320
0000797468,BELONGS_TO_INDUSTRY_OF,1311
0001019849,BELONGS_TO_INDUSTRY_OF,5500
0001069899,BELONGS_TO_INDUSTRY_OF,2834
0000813828,BELONGS_TO_INDUSTRY_OF,4833
0000821483,BELONGS_TO_INDUSTRY_OF,1311
0000076605,BELONGS_TO_INDUSTRY_OF,3714
0001590955,BELONGS_TO_INDUSTRY_OF,7372
0001845815,BELONGS_TO_INDUSTRY_OF,7389
0000723531,BELONGS_TO_INDUSTRY_OF,8700
0001068851,BELONGS_TO_INDUSTRY_OF,6022
0001534504,BELONGS_TO_INDUSTRY_OF,2911
0001295947,BELONGS_TO_INDUSTRY_OF,2834
0000078814,BELONGS_TO_INDUSTRY_OF,3579
0000075362,BELONGS_TO_INDUSTRY_OF,3711
0001004980,BELONGS_TO_INDUSTRY_OF,4931
0001338749,BELONGS_TO_INDUSTRY_OF,6798
0001396814,BELONGS_TO_INDUSTRY_OF,2834
0001591698,BELONGS_TO_INDUSTRY_OF,7372
0001120914,BELONGS_TO_INDUSTRY_OF,7372
0000765880,BELONGS_TO_INDUSTRY_OF,6798
0001474098,BELONGS_TO_INDUSTRY_OF,6798
0001476204,BELONGS_TO_INDUSTRY_OF,6798
0000788784,BELONGS_TO_INDUSTRY_OF,4931
0001013857,BELONGS_TO_INDUSTRY_OF,7374
0001321732,BELONGS_TO_INDUSTRY_OF,3841
0000921738,BELONGS_TO_INDUSTRY_OF,7011
0000077476,BELONGS_TO_INDUSTRY_OF,2080
0000078003,BELONGS_TO_INDUSTRY_OF,2834
0001126328,BELONGS_TO_INDUSTRY_OF,6321
0001618673,BELONGS_TO_INDUSTRY_OF,5141
0001178970,BELONGS_TO_INDUSTRY_OF,6035
0000080424,BELONGS_TO_INDUSTRY_OF,2840
0001551306,BELONGS_TO_INDUSTRY_OF,8090
0000080661,BELONGS_TO_INDUSTRY_OF,6331
0000076334,BELONGS_TO_INDUSTRY_OF,3490
0001968915,BELONGS_TO_INDUSTRY_OF,3714
0000822416,BELONGS_TO_INDUSTRY_OF,1531
0001114995,BELONGS_TO_INDUSTRY_OF,3679
0000931015,BELONGS_TO_INDUSTRY_OF,3790
0001577916,BELONGS_TO_INDUSTRY_OF,8741
0001230245,BELONGS_TO_INDUSTRY_OF,6211
0001626115,BELONGS_TO_INDUSTRY_OF,6282
0001617406,BELONGS_TO_INDUSTRY_OF,7011
0000075677,BELONGS_TO_INDUSTRY_OF,2650
0000031791,BELONGS_TO_INDUSTRY_OF,3826
0000810136,BELONGS_TO_INDUSTRY_OF,3674
0001525769,BELONGS_TO_INDUSTRY_OF,5812
0001045609,BELONGS_TO_INDUSTRY_OF,6798
0001761312,BELONGS_TO_INDUSTRY_OF,6331
0001637207,BELONGS_TO_INDUSTRY_OF,7997
0001022408,BELONGS_TO_INDUSTRY_OF,5045
0000785786,BELONGS_TO_INDUSTRY_OF,3672
0001413329,BELONGS_TO_INDUSTRY_OF,2111
0001464423,BELONGS_TO_INDUSTRY_OF,6798
0000713676,BELONGS_TO_INDUSTRY_OF,6021
0001115055,BELONGS_TO_INDUSTRY_OF,6021
0000077360,BELONGS_TO_INDUSTRY_OF,3550
0000764622,BELONGS_TO_INDUSTRY_OF,4911
0000945841,BELONGS_TO_INDUSTRY_OF,5090
0000784977,BELONGS_TO_INDUSTRY_OF,4911
0001530950,BELONGS_TO_INDUSTRY_OF,2040
0000833640,BELONGS_TO_INDUSTRY_OF,3674
0000080420,BELONGS_TO_INDUSTRY_OF,3613
0001028918,BELONGS_TO_INDUSTRY_OF,6022
0000802481,BELONGS_TO_INDUSTRY_OF,2015
0000079879,BELONGS_TO_INDUSTRY_OF,2851
0000922224,BELONGS_TO_INDUSTRY_OF,4911
0001658566,BELONGS_TO_INDUSTRY_OF,1311
0001127703,BELONGS_TO_INDUSTRY_OF,6331
0001185348,BELONGS_TO_INDUSTRY_OF,6153
0001046568,BELONGS_TO_INDUSTRY_OF,8200
0001808834,BELONGS_TO_INDUSTRY_OF,7359
0001585364,BELONGS_TO_INDUSTRY_OF,2834
0000876167,BELONGS_TO_INDUSTRY_OF,7372
0001475922,BELONGS_TO_INDUSTRY_OF,6311
0000805676,BELONGS_TO_INDUSTRY_OF,6021
0001443669,BELONGS_TO_INDUSTRY_OF,3440
0000884219,BELONGS_TO_INDUSTRY_OF,7990
0001137774,BELONGS_TO_INDUSTRY_OF,6311
0001759655,BELONGS_TO_INDUSTRY_OF,8000
0001393311,BELONGS_TO_INDUSTRY_OF,6798
0001041803,BELONGS_TO_INDUSTRY_OF,5331
0000275880,BELONGS_TO_INDUSTRY_OF,7373
0001474432,BELONGS_TO_INDUSTRY_OF,3572
0001534701,BELONGS_TO_INDUSTRY_OF,2911
0000857005,BELONGS_TO_INDUSTRY_OF,7372
0000889900,BELONGS_TO_INDUSTRY_OF,1381
0001377121,BELONGS_TO_INDUSTRY_OF,2834
0001680247,BELONGS_TO_INDUSTRY_OF,1389
0000078239,BELONGS_TO_INDUSTRY_OF,2320
0001050915,BELONGS_TO_INDUSTRY_OF,1731
0001038357,BELONGS_TO_INDUSTRY_OF,1311
0001633917,BELONGS_TO_INDUSTRY_OF,7389
0000901491,BELONGS_TO_INDUSTRY_OF,5812
0000804328,BELONGS_TO_INDUSTRY_OF,3663
0001906324,BELONGS_TO_INDUSTRY_OF,2835
0001107843,BELONGS_TO_INDUSTRY_OF,7372
0001117297,BELONGS_TO_INDUSTRY_OF,7389
0001604778,BELONGS_TO_INDUSTRY_OF,3674
0000085961,BELONGS_TO_INDUSTRY_OF,7510
0000733269,BELONGS_TO_INDUSTRY_OF,7374
0001046102,BELONGS_TO_INDUSTRY_OF,7389
0001324948,BELONGS_TO_INDUSTRY_OF,3562
0001527590,BELONGS_TO_INDUSTRY_OF,6798
0000884887,BELONGS_TO_INDUSTRY_OF,4400
0001724521,BELONGS_TO_INDUSTRY_OF,2834
0000890926,BELONGS_TO_INDUSTRY_OF,6351
0000790526,BELONGS_TO_INDUSTRY_OF,8071
0001095073,BELONGS_TO_INDUSTRY_OF,6331
0000910606,BELONGS_TO_INDUSTRY_OF,6798
0000872589,BELONGS_TO_INDUSTRY_OF,2834
0000742278,BELONGS_TO_INDUSTRY_OF,1389
0000744187,BELONGS_TO_INDUSTRY_OF,2860
0001571283,BELONGS_TO_INDUSTRY_OF,6798
0001740332,BELONGS_TO_INDUSTRY_OF,5072
0001281761,BELONGS_TO_INDUSTRY_OF,6021
0000898174,BELONGS_TO_INDUSTRY_OF,6311
0000730272,BELONGS_TO_INDUSTRY_OF,2836
0000085535,BELONGS_TO_INDUSTRY_OF,6795
0000095029,BELONGS_TO_INDUSTRY_OF,3480
0001528849,BELONGS_TO_INDUSTRY_OF,5712
0000315213,BELONGS_TO_INDUSTRY_OF,7363
0001040829,BELONGS_TO_INDUSTRY_OF,6798
0000720005,BELONGS_TO_INDUSTRY_OF,6211
0001037038,BELONGS_TO_INDUSTRY_OF,2320
0000084246,BELONGS_TO_INDUSTRY_OF,6331
0000917273,BELONGS_TO_INDUSTRY_OF,3674
0000943819,BELONGS_TO_INDUSTRY_OF,3841
0000913144,BELONGS_TO_INDUSTRY_OF,6331
0000715072,BELONGS_TO_INDUSTRY_OF,6022
0000912562,BELONGS_TO_INDUSTRY_OF,3310
0000084748,BELONGS_TO_INDUSTRY_OF,2821
0001635088,BELONGS_TO_INDUSTRY_OF,2834
0001024478,BELONGS_TO_INDUSTRY_OF,3829
0000084839,BELONGS_TO_INDUSTRY_OF,7340
0000882835,BELONGS_TO_INDUSTRY_OF,3823
0000745732,BELONGS_TO_INDUSTRY_OF,5651
0000110621,BELONGS_TO_INDUSTRY_OF,2851
0000315852,BELONGS_TO_INDUSTRY_OF,1311
0000082811,BELONGS_TO_INDUSTRY_OF,3569
0000861884,BELONGS_TO_INDUSTRY_OF,5051
0001060391,BELONGS_TO_INDUSTRY_OF,4953
0001469367,BELONGS_TO_INDUSTRY_OF,3690
0001012019,BELONGS_TO_INDUSTRY_OF,5500
0000930236,BELONGS_TO_INDUSTRY_OF,6798
0001929561,BELONGS_TO_INDUSTRY_OF,4700
0001849253,BELONGS_TO_INDUSTRY_OF,6411
0000052827,BELONGS_TO_INDUSTRY_OF,6798
0001597033,BELONGS_TO_INDUSTRY_OF,7370
0001095651,BELONGS_TO_INDUSTRY_OF,6798
0001172052,BELONGS_TO_INDUSTRY_OF,6331
0001043509,BELONGS_TO_INDUSTRY_OF,5500
0001177702,BELONGS_TO_INDUSTRY_OF,4213
0001571123,BELONGS_TO_INDUSTRY_OF,7373
0000949870,BELONGS_TO_INDUSTRY_OF,2082
0000897723,BELONGS_TO_INDUSTRY_OF,3672
0001415404,BELONGS_TO_INDUSTRY_OF,4899
0001034054,BELONGS_TO_INDUSTRY_OF,6798
0000730708,BELONGS_TO_INDUSTRY_OF,6022
0001368458,BELONGS_TO_INDUSTRY_OF,5990
0001492298,BELONGS_TO_INDUSTRY_OF,6798
0000705432,BELONGS_TO_INDUSTRY_OF,6022
0000829224,BELONGS_TO_INDUSTRY_OF,5810
0000866729,BELONGS_TO_INDUSTRY_OF,2731
0000316709,BELONGS_TO_INDUSTRY_OF,6211
0000089089,BELONGS_TO_INDUSTRY_OF,7200
0000094049,BELONGS_TO_INDUSTRY_OF,2840
0000918965,BELONGS_TO_INDUSTRY_OF,5045
0000895447,BELONGS_TO_INDUSTRY_OF,5661
0001490978,BELONGS_TO_INDUSTRY_OF,2834
0001419612,BELONGS_TO_INDUSTRY_OF,3674
0001012100,BELONGS_TO_INDUSTRY_OF,2820
0000350894,BELONGS_TO_INDUSTRY_OF,6211
0001320414,BELONGS_TO_INDUSTRY_OF,8060
0000720672,BELONGS_TO_INDUSTRY_OF,6211
0001430723,BELONGS_TO_INDUSTRY_OF,6022
0001575515,BELONGS_TO_INDUSTRY_OF,5411
0000090498,BELONGS_TO_INDUSTRY_OF,6021
0001616533,BELONGS_TO_INDUSTRY_OF,3674
0001206264,BELONGS_TO_INDUSTRY_OF,2510
0001620533,BELONGS_TO_INDUSTRY_OF,5810
0001822479,BELONGS_TO_INDUSTRY_OF,8090
0000354963,BELONGS_TO_INDUSTRY_OF,4813
0001295810,BELONGS_TO_INDUSTRY_OF,7011
0000913241,BELONGS_TO_INDUSTRY_OF,3140
0000089800,BELONGS_TO_INDUSTRY_OF,5200
0000832988,BELONGS_TO_INDUSTRY_OF,5944
0000230557,BELONGS_TO_INDUSTRY_OF,6331
0000894315,BELONGS_TO_INDUSTRY_OF,6798
0001451809,BELONGS_TO_INDUSTRY_OF,3674
0000719739,BELONGS_TO_INDUSTRY_OF,6022
0000091419,BELONGS_TO_INDUSTRY_OF,2033
0000766829,BELONGS_TO_INDUSTRY_OF,4941
0000899715,BELONGS_TO_INDUSTRY_OF,6798
0001065837,BELONGS_TO_INDUSTRY_OF,3140
0000090896,BELONGS_TO_INDUSTRY_OF,2451
0000793733,BELONGS_TO_INDUSTRY_OF,4512
0001038074,BELONGS_TO_INDUSTRY_OF,3674
0000087347,BELONGS_TO_INDUSTRY_OF,1389
0001040971,BELONGS_TO_INDUSTRY_OF,6798
0000849869,BELONGS_TO_INDUSTRY_OF,3411
0001032033,BELONGS_TO_INDUSTRY_OF,6141
0001023459,BELONGS_TO_INDUSTRY_OF,7373
0001856485,BELONGS_TO_INDUSTRY_OF,2621
0000893538,BELONGS_TO_INDUSTRY_OF,1311
0000825542,BELONGS_TO_INDUSTRY_OF,2870
0000093389,BELONGS_TO_INDUSTRY_OF,3714
0001702744,BELONGS_TO_INDUSTRY_OF,2000
0000088941,BELONGS_TO_INDUSTRY_OF,3674
0000091440,BELONGS_TO_INDUSTRY_OF,3420
0001743907,BELONGS_TO_INDUSTRY_OF,4512
0001692063,BELONGS_TO_INDUSTRY_OF,4213
0000913760,BELONGS_TO_INDUSTRY_OF,6200
0000883241,BELONGS_TO_INDUSTRY_OF,7372
0000018349,BELONGS_TO_INDUSTRY_OF,6021
0001177394,BELONGS_TO_INDUSTRY_OF,5045
0000092122,BELONGS_TO_INDUSTRY_OF,4911
0000091767,BELONGS_TO_INDUSTRY_OF,2650
0001314727,BELONGS_TO_INDUSTRY_OF,3651
0001063761,BELONGS_TO_INDUSTRY_OF,6798
0000064040,BELONGS_TO_INDUSTRY_OF,7320
0001576018,BELONGS_TO_INDUSTRY_OF,6331
0001092699,BELONGS_TO_INDUSTRY_OF,7372
0000877422,BELONGS_TO_INDUSTRY_OF,5141
0000088205,BELONGS_TO_INDUSTRY_OF,3540
0001126956,BELONGS_TO_INDUSTRY_OF,4924
0001032208,BELONGS_TO_INDUSTRY_OF,4932
0000873303,BELONGS_TO_INDUSTRY_OF,2834
0000764038,BELONGS_TO_INDUSTRY_OF,6022
0000920371,BELONGS_TO_INDUSTRY_OF,3420
0001549346,BELONGS_TO_INDUSTRY_OF,7374
0001477294,BELONGS_TO_INDUSTRY_OF,3823
0000718937,BELONGS_TO_INDUSTRY_OF,3851
0001479094,BELONGS_TO_INDUSTRY_OF,6798
0000719220,BELONGS_TO_INDUSTRY_OF,6022
0000094344,BELONGS_TO_INDUSTRY_OF,6361
0001473844,BELONGS_TO_INDUSTRY_OF,6021
0001796022,BELONGS_TO_INDUSTRY_OF,6282
0001013934,BELONGS_TO_INDUSTRY_OF,8200
0000874238,BELONGS_TO_INDUSTRY_OF,1600
0000093751,BELONGS_TO_INDUSTRY_OF,6022
0001465128,BELONGS_TO_INDUSTRY_OF,6798
0001137789,BELONGS_TO_INDUSTRY_OF,3572
0000016918,BELONGS_TO_INDUSTRY_OF,2080
0001356576,BELONGS_TO_INDUSTRY_OF,2834
0000093556,BELONGS_TO_INDUSTRY_OF,3420
0000004127,BELONGS_TO_INDUSTRY_OF,3674
0001692115,BELONGS_TO_INDUSTRY_OF,4923
0001514705,BELONGS_TO_INDUSTRY_OF,3312
0000310354,BELONGS_TO_INDUSTRY_OF,3580
0000310142,BELONGS_TO_INDUSTRY_OF,2860
0001601712,BELONGS_TO_INDUSTRY_OF,6199
0000310764,BELONGS_TO_INDUSTRY_OF,3841
0000817720,BELONGS_TO_INDUSTRY_OF,3674
0000096021,BELONGS_TO_INDUSTRY_OF,5140
0000732717,BELONGS_TO_INDUSTRY_OF,4813
0001724965,BELONGS_TO_INDUSTRY_OF,1311
0000024545,BELONGS_TO_INDUSTRY_OF,2082
0001295401,BELONGS_TO_INDUSTRY_OF,6021
0001077428,BELONGS_TO_INDUSTRY_OF,6022
0000816761,BELONGS_TO_INDUSTRY_OF,7372
0001260221,BELONGS_TO_INDUSTRY_OF,3728
0001051512,BELONGS_TO_INDUSTRY_OF,4813
0000098222,BELONGS_TO_INDUSTRY_OF,4400
0001094285,BELONGS_TO_INDUSTRY_OF,3812
0000842023,BELONGS_TO_INDUSTRY_OF,2836
0001385157,BELONGS_TO_INDUSTRY_OF,5065
0000097210,BELONGS_TO_INDUSTRY_OF,3825
0000097216,BELONGS_TO_INDUSTRY_OF,3537
0000092230,BELONGS_TO_INDUSTRY_OF,6021
0001539638,BELONGS_TO_INDUSTRY_OF,6022
0000096943,BELONGS_TO_INDUSTRY_OF,3841
0000039899,BELONGS_TO_INDUSTRY_OF,4833
0000027419,BELONGS_TO_INDUSTRY_OF,5331
0001001316,BELONGS_TO_INDUSTRY_OF,2834
0000070318,BELONGS_TO_INDUSTRY_OF,8062
0000944695,BELONGS_TO_INDUSTRY_OF,6331
0000730263,BELONGS_TO_INDUSTRY_OF,3716
0000903129,BELONGS_TO_INDUSTRY_OF,3714
0001556739,BELONGS_TO_INDUSTRY_OF,7310
0001320695,BELONGS_TO_INDUSTRY_OF,2030
0000715787,BELONGS_TO_INDUSTRY_OF,2273
0000109198,BELONGS_TO_INDUSTRY_OF,5651
0000098362,BELONGS_TO_INDUSTRY_OF,3562
0001756262,BELONGS_TO_INDUSTRY_OF,3845
0001562476,BELONGS_TO_INDUSTRY_OF,1531
0000097745,BELONGS_TO_INDUSTRY_OF,3829
0001005817,BELONGS_TO_INDUSTRY_OF,6022
0001283699,BELONGS_TO_INDUSTRY_OF,4812
0000097134,BELONGS_TO_INDUSTRY_OF,3580
0001438133,BELONGS_TO_INDUSTRY_OF,3841
0001361658,BELONGS_TO_INDUSTRY_OF,7011
0000794170,BELONGS_TO_INDUSTRY_OF,1531
0001561680,BELONGS_TO_INDUSTRY_OF,1531
0001116132,BELONGS_TO_INDUSTRY_OF,3100
0000098677,BELONGS_TO_INDUSTRY_OF,2060
0001069878,BELONGS_TO_INDUSTRY_OF,2400
0001389170,BELONGS_TO_INDUSTRY_OF,4922
0001526520,BELONGS_TO_INDUSTRY_OF,7370
0000864749,BELONGS_TO_INDUSTRY_OF,3829
0000036146,BELONGS_TO_INDUSTRY_OF,6021
0000099780,BELONGS_TO_INDUSTRY_OF,3743
0001476150,BELONGS_TO_INDUSTRY_OF,6500
0001113169,BELONGS_TO_INDUSTRY_OF,6282
0000357301,BELONGS_TO_INDUSTRY_OF,6022
0001371285,BELONGS_TO_INDUSTRY_OF,6324
0000086312,BELONGS_TO_INDUSTRY_OF,6331
0000916365,BELONGS_TO_INDUSTRY_OF,5200
0001318605,BELONGS_TO_INDUSTRY_OF,3711
0000100493,BELONGS_TO_INDUSTRY_OF,2015
0001466258,BELONGS_TO_INDUSTRY_OF,3822
0000737758,BELONGS_TO_INDUSTRY_OF,3524
0000831641,BELONGS_TO_INDUSTRY_OF,8711
0002018064,BELONGS_TO_INDUSTRY_OF,4822
0001116942,BELONGS_TO_INDUSTRY_OF,3672
0000946581,BELONGS_TO_INDUSTRY_OF,7372
0000899751,BELONGS_TO_INDUSTRY_OF,3312
0001465740,BELONGS_TO_INDUSTRY_OF,6798
0000097476,BELONGS_TO_INDUSTRY_OF,3674
0001108426,BELONGS_TO_INDUSTRY_OF,4911
0001289460,BELONGS_TO_INDUSTRY_OF,5812
0000217346,BELONGS_TO_INDUSTRY_OF,3720
0000860731,BELONGS_TO_INDUSTRY_OF,7372
0001336917,BELONGS_TO_INDUSTRY_OF,2300
0000100517,BELONGS_TO_INDUSTRY_OF,4512
0000729986,BELONGS_TO_INDUSTRY_OF,6022
0000857855,BELONGS_TO_INDUSTRY_OF,6022
0001275014,BELONGS_TO_INDUSTRY_OF,3674
0000074208,BELONGS_TO_INDUSTRY_OF,6798
0001611547,BELONGS_TO_INDUSTRY_OF,6500
0000101199,BELONGS_TO_INDUSTRY_OF,6331
0000912767,BELONGS_TO_INDUSTRY_OF,2421
0000914156,BELONGS_TO_INDUSTRY_OF,3841
0000884614,BELONGS_TO_INDUSTRY_OF,4932
0000352915,BELONGS_TO_INDUSTRY_OF,8062
0000798783,BELONGS_TO_INDUSTRY_OF,6798
0001403568,BELONGS_TO_INDUSTRY_OF,5990
0000101382,BELONGS_TO_INDUSTRY_OF,6021
0000717954,BELONGS_TO_INDUSTRY_OF,7200
0001020859,BELONGS_TO_INDUSTRY_OF,5141
0000731766,BELONGS_TO_INDUSTRY_OF,6324
0001620280,BELONGS_TO_INDUSTRY_OF,6798
0000005513,BELONGS_TO_INDUSTRY_OF,6321
0000100885,BELONGS_TO_INDUSTRY_OF,4011
0000933036,BELONGS_TO_INDUSTRY_OF,7359
0001090727,BELONGS_TO_INDUSTRY_OF,4210
0000912615,BELONGS_TO_INDUSTRY_OF,5651
0001067701,BELONGS_TO_INDUSTRY_OF,7359
0000036104,BELONGS_TO_INDUSTRY_OF,6021
0001665918,BELONGS_TO_INDUSTRY_OF,5140
0000896264,BELONGS_TO_INDUSTRY_OF,2833
0000885978,BELONGS_TO_INDUSTRY_OF,8000
0001082554,BELONGS_TO_INDUSTRY_OF,2834
0000755001,BELONGS_TO_INDUSTRY_OF,4931
0000102037,BELONGS_TO_INDUSTRY_OF,5150
0001403161,BELONGS_TO_INDUSTRY_OF,7389
0001524358,BELONGS_TO_INDUSTRY_OF,6531
0000314808,BELONGS_TO_INDUSTRY_OF,1381
0001501570,BELONGS_TO_INDUSTRY_OF,6022
0001111335,BELONGS_TO_INDUSTRY_OF,3714
0000887359,BELONGS_TO_INDUSTRY_OF,2836
0001570827,BELONGS_TO_INDUSTRY_OF,6282
0001384101,BELONGS_TO_INDUSTRY_OF,8071
0000103145,BELONGS_TO_INDUSTRY_OF,3559
0000103379,BELONGS_TO_INDUSTRY_OF,2320
0000912093,BELONGS_TO_INDUSTRY_OF,3674
0001705696,BELONGS_TO_INDUSTRY_OF,6798
0000751978,BELONGS_TO_INDUSTRY_OF,3679
0001706431,BELONGS_TO_INDUSTRY_OF,2836
0001592386,BELONGS_TO_INDUSTRY_OF,6211
0001035002,BELONGS_TO_INDUSTRY_OF,2911
0000714310,BELONGS_TO_INDUSTRY_OF,6021
0001396009,BELONGS_TO_INDUSTRY_OF,1400
0000102729,BELONGS_TO_INDUSTRY_OF,3440
0000899689,BELONGS_TO_INDUSTRY_OF,6798
0001602065,BELONGS_TO_INDUSTRY_OF,1311
0001786842,BELONGS_TO_INDUSTRY_OF,3824
0001535929,BELONGS_TO_INDUSTRY_OF,6311
0000924901,BELONGS_TO_INDUSTRY_OF,6798
0001682745,BELONGS_TO_INDUSTRY_OF,4700
0001442145,BELONGS_TO_INDUSTRY_OF,7374
0001014473,BELONGS_TO_INDUSTRY_OF,7371
0000883237,BELONGS_TO_INDUSTRY_OF,6282
0000875320,BELONGS_TO_INDUSTRY_OF,2834
0000797721,BELONGS_TO_INDUSTRY_OF,3663
0001856437,BELONGS_TO_INDUSTRY_OF,5621
0000103730,BELONGS_TO_INDUSTRY_OF,3670
0001967649,BELONGS_TO_INDUSTRY_OF,5190
0001528129,BELONGS_TO_INDUSTRY_OF,1311
0001525221,BELONGS_TO_INDUSTRY_OF,4522
0000740260,BELONGS_TO_INDUSTRY_OF,6798
0001792044,BELONGS_TO_INDUSTRY_OF,2834
0001674910,BELONGS_TO_INDUSTRY_OF,2990
0000070866,BELONGS_TO_INDUSTRY_OF,3578
0000732712,BELONGS_TO_INDUSTRY_OF,4813
0000943452,BELONGS_TO_INDUSTRY_OF,3743
0000311094,BELONGS_TO_INDUSTRY_OF,6021
0000936528,BELONGS_TO_INDUSTRY_OF,6021
0001212545,BELONGS_TO_INDUSTRY_OF,6022
0001000697,BELONGS_TO_INDUSTRY_OF,3826
0001618921,BELONGS_TO_INDUSTRY_OF,5912
0001437107,BELONGS_TO_INDUSTRY_OF,4841
0000801337,BELONGS_TO_INDUSTRY_OF,6021
0000929008,BELONGS_TO_INDUSTRY_OF,5063
0001497770,BELONGS_TO_INDUSTRY_OF,6199
0000106040,BELONGS_TO_INDUSTRY_OF,3572
0000105132,BELONGS_TO_INDUSTRY_OF,2890
0000783325,BELONGS_TO_INDUSTRY_OF,4931
0000766704,BELONGS_TO_INDUSTRY_OF,6798
0000030697,BELONGS_TO_INDUSTRY_OF,5810
0000793074,BELONGS_TO_INDUSTRY_OF,4213
0001309108,BELONGS_TO_INDUSTRY_OF,7389
0000072971,BELONGS_TO_INDUSTRY_OF,6021
0001603923,BELONGS_TO_INDUSTRY_OF,3533
0000107687,BELONGS_TO_INDUSTRY_OF,3716
0001722684,BELONGS_TO_INDUSTRY_OF,7011
0001699136,BELONGS_TO_INDUSTRY_OF,3533
0000106640,BELONGS_TO_INDUSTRY_OF,3630
0001636222,BELONGS_TO_INDUSTRY_OF,5812
0000789460,BELONGS_TO_INDUSTRY_OF,5172
0001262823,BELONGS_TO_INDUSTRY_OF,2860
0000107140,BELONGS_TO_INDUSTRY_OF,2731
0000823768,BELONGS_TO_INDUSTRY_OF,4953
0000107263,BELONGS_TO_INDUSTRY_OF,4922
0001319161,BELONGS_TO_INDUSTRY_OF,7900
0001604028,BELONGS_TO_INDUSTRY_OF,3086
0000104169,BELONGS_TO_INDUSTRY_OF,5331
0000108516,BELONGS_TO_INDUSTRY_OF,3310
0001025378,BELONGS_TO_INDUSTRY_OF,6798
0000011544,BELONGS_TO_INDUSTRY_OF,6331
0001732845,BELONGS_TO_INDUSTRY_OF,2650
0000108385,BELONGS_TO_INDUSTRY_OF,6141
0001968487,BELONGS_TO_INDUSTRY_OF,3310
0001647088,BELONGS_TO_INDUSTRY_OF,7350
0000828944,BELONGS_TO_INDUSTRY_OF,6021
0000105016,BELONGS_TO_INDUSTRY_OF,5070
0001175535,BELONGS_TO_INDUSTRY_OF,6798
0000105770,BELONGS_TO_INDUSTRY_OF,3841
0000880631,BELONGS_TO_INDUSTRY_OF,6211
0001015328,BELONGS_TO_INDUSTRY_OF,6022
0000078128,BELONGS_TO_INDUSTRY_OF,4941
0000795403,BELONGS_TO_INDUSTRY_OF,3490
0001365135,BELONGS_TO_INDUSTRY_OF,7389
0000108312,BELONGS_TO_INDUSTRY_OF,3620
0000110471,BELONGS_TO_INDUSTRY_OF,3140
0000106535,BELONGS_TO_INDUSTRY_OF,6798
0001174922,BELONGS_TO_INDUSTRY_OF,7011
0000072903,BELONGS_TO_INDUSTRY_OF,4931
0001616000,BELONGS_TO_INDUSTRY_OF,7011
0001326732,BELONGS_TO_INDUSTRY_OF,2834
0000034088,BELONGS_TO_INDUSTRY_OF,2911
0001767258,BELONGS_TO_INDUSTRY_OF,3470
0001166003,BELONGS_TO_INDUSTRY_OF,4700
0000818479,BELONGS_TO_INDUSTRY_OF,3843
0001770450,BELONGS_TO_INDUSTRY_OF,3577
0001524472,BELONGS_TO_INDUSTRY_OF,3561
0001345016,BELONGS_TO_INDUSTRY_OF,7200
0001670592,BELONGS_TO_INDUSTRY_OF,3949
0001856314,BELONGS_TO_INDUSTRY_OF,7372
0001041061,BELONGS_TO_INDUSTRY_OF,5812
0001136869,BELONGS_TO_INDUSTRY_OF,3842
0000877212,BELONGS_TO_INDUSTRY_OF,3560
0001084048,BELONGS_TO_INDUSTRY_OF,4822
0000109380,BELONGS_TO_INDUSTRY_OF,6021
0001555280,BELONGS_TO_INDUSTRY_OF,2834
0001439288,BELONGS_TO_INDUSTRY_OF,3560
