Company,HAS_STATE_OF_INCORPORATION,State
0001090872,HAS_STATE_OF_INCORPORATION,DE
0001675149,HAS_STATE_OF_INCORPORATION,DE
0000006201,HAS_STATE_OF_INCORPORATION,DE
0000824142,HAS_STATE_OF_INCORPORATION,NV
0001158449,HAS_STATE_OF_INCORPORATION,DE
0000320193,HAS_STATE_OF_INCORPORATION,CA
0001500217,HAS_STATE_OF_INCORPORATION,MD
0001551152,HAS_STATE_OF_INCORPORATION,DE
0001140859,HAS_STATE_OF_INCORPORATION,DE
0000351569,HAS_STATE_OF_INCORPORATION,GA
0001144980,HAS_STATE_OF_INCORPORATION,DE
0000771497,HAS_STATE_OF_INCORPORATION,DE
0000815094,HAS_STATE_OF_INCORPORATION,DE
0001253986,HAS_STATE_OF_INCORPORATION,MD
0000001800,HAS_STATE_OF_INCORPORATION,IL
0001739445,HAS_STATE_OF_INCORPORATION,DE
0001070494,HAS_STATE_OF_INCORPORATION,DE
0000947484,HAS_STATE_OF_INCORPORATION,
0001520697,HAS_STATE_OF_INCORPORATION,DE
0001646972,HAS_STATE_OF_INCORPORATION,DE
0000935036,HAS_STATE_OF_INCORPORATION,DE
0001113232,HAS_STATE_OF_INCORPORATION,DE
0000868857,HAS_STATE_OF_INCORPORATION,DE
0001467373,HAS_STATE_OF_INCORPORATION,L2
0001823529,HAS_STATE_OF_INCORPORATION,DE
0000796343,HAS_STATE_OF_INCORPORATION,DE
0000917251,HAS_STATE_OF_INCORPORATION,DE
0001803696,HAS_STATE_OF_INCORPORATION,DE
0000006281,HAS_STATE_OF_INCORPORATION,MA
0000007084,HAS_STATE_OF_INCORPORATION,DE
0001368514,HAS_STATE_OF_INCORPORATION,DE
0001670541,HAS_STATE_OF_INCORPORATION,L2
0000008670,HAS_STATE_OF_INCORPORATION,DE
0000769397,HAS_STATE_OF_INCORPORATION,DE
0001468328,HAS_STATE_OF_INCORPORATION,DE
0001002910,HAS_STATE_OF_INCORPORATION,MO
0000927003,HAS_STATE_OF_INCORPORATION,DE
0000919012,HAS_STATE_OF_INCORPORATION,DE
0000004904,HAS_STATE_OF_INCORPORATION,NY
0000874761,HAS_STATE_OF_INCORPORATION,DE
0001984060,HAS_STATE_OF_INCORPORATION,DE
0001042046,HAS_STATE_OF_INCORPORATION,OH
0000004977,HAS_STATE_OF_INCORPORATION,GA
0000880266,HAS_STATE_OF_INCORPORATION,DE
0001273813,HAS_STATE_OF_INCORPORATION,D0
0000078749,HAS_STATE_OF_INCORPORATION,DE
0001725255,HAS_STATE_OF_INCORPORATION,DE
0001569187,HAS_STATE_OF_INCORPORATION,MD
0000005272,HAS_STATE_OF_INCORPORATION,DE
0000819793,HAS_STATE_OF_INCORPORATION,DE
0000001750,HAS_STATE_OF_INCORPORATION,DE
0000109563,HAS_STATE_OF_INCORPORATION,OH
0001267238,HAS_STATE_OF_INCORPORATION,DE
0000354190,HAS_STATE_OF_INCORPORATION,DE
0001086222,HAS_STATE_OF_INCORPORATION,DE
0000899629,HAS_STATE_OF_INCORPORATION,MD
0001487712,HAS_STATE_OF_INCORPORATION,DE
0000915913,HAS_STATE_OF_INCORPORATION,VA
0000066756,HAS_STATE_OF_INCORPORATION,MN
0001545654,HAS_STATE_OF_INCORPORATION,HI
0000897077,HAS_STATE_OF_INCORPORATION,DE
0000866291,HAS_STATE_OF_INCORPORATION,
0001097149,HAS_STATE_OF_INCORPORATION,DE
0001362468,HAS_STATE_OF_INCORPORATION,NV
0000766421,HAS_STATE_OF_INCORPORATION,DE
0001520262,HAS_STATE_OF_INCORPORATION,
0000899051,HAS_STATE_OF_INCORPORATION,DE
0001579241,HAS_STATE_OF_INCORPORATION,L2
0000040729,HAS_STATE_OF_INCORPORATION,DE
0001459200,HAS_STATE_OF_INCORPORATION,DE
0001034670,HAS_STATE_OF_INCORPORATION,DE
0001623925,HAS_STATE_OF_INCORPORATION,
0000006951,HAS_STATE_OF_INCORPORATION,DC
0001748790,HAS_STATE_OF_INCORPORATION,Y9
0000002488,HAS_STATE_OF_INCORPORATION,DE
0001037868,HAS_STATE_OF_INCORPORATION,DE
0000896262,HAS_STATE_OF_INCORPORATION,DE
0001004434,HAS_STATE_OF_INCORPORATION,DE
0000318154,HAS_STATE_OF_INCORPORATION,DE
0001562401,HAS_STATE_OF_INCORPORATION,MD
0001047127,HAS_STATE_OF_INCORPORATION,DE
0001142750,HAS_STATE_OF_INCORPORATION,DE
0000820027,HAS_STATE_OF_INCORPORATION,DE
0001297184,HAS_STATE_OF_INCORPORATION,
0001704715,HAS_STATE_OF_INCORPORATION,DE
0001018979,HAS_STATE_OF_INCORPORATION,TX
0001053507,HAS_STATE_OF_INCORPORATION,DE
0002011286,HAS_STATE_OF_INCORPORATION,DE
0000794619,HAS_STATE_OF_INCORPORATION,VA
0001018724,HAS_STATE_OF_INCORPORATION,DE
0000350698,HAS_STATE_OF_INCORPORATION,DE
0000821026,HAS_STATE_OF_INCORPORATION,OH
0001596532,HAS_STATE_OF_INCORPORATION,DE
0001018840,HAS_STATE_OF_INCORPORATION,OH
0001705110,HAS_STATE_OF_INCORPORATION,DE
0001023024,HAS_STATE_OF_INCORPORATION,DE
0001013462,HAS_STATE_OF_INCORPORATION,DE
0000315293,HAS_STATE_OF_INCORPORATION,L2
0000784199,HAS_STATE_OF_INCORPORATION,DE
0000091142,HAS_STATE_OF_INCORPORATION,DE
0001387467,HAS_STATE_OF_INCORPORATION,
0001841666,HAS_STATE_OF_INCORPORATION,DE
0001517302,HAS_STATE_OF_INCORPORATION,DE
0000002969,HAS_STATE_OF_INCORPORATION,DE
0001796209,HAS_STATE_OF_INCORPORATION,DE
0000820313,HAS_STATE_OF_INCORPORATION,DE
0001418121,HAS_STATE_OF_INCORPORATION,VA
0000006845,HAS_STATE_OF_INCORPORATION,MN
0001433195,HAS_STATE_OF_INCORPORATION,
0001521332,HAS_STATE_OF_INCORPORATION,Y9
0001433270,HAS_STATE_OF_INCORPORATION,
0000894405,HAS_STATE_OF_INCORPORATION,DE
0001035443,HAS_STATE_OF_INCORPORATION,MD
0001467760,HAS_STATE_OF_INCORPORATION,MD
0001736946,HAS_STATE_OF_INCORPORATION,DE
0001584509,HAS_STATE_OF_INCORPORATION,DE
0001389050,HAS_STATE_OF_INCORPORATION,
0001428205,HAS_STATE_OF_INCORPORATION,
0000007536,HAS_STATE_OF_INCORPORATION,NY
0000879407,HAS_STATE_OF_INCORPORATION,DE
0000007789,HAS_STATE_OF_INCORPORATION,WI
0000890564,HAS_STATE_OF_INCORPORATION,DE
0001674862,HAS_STATE_OF_INCORPORATION,DE
0001673985,HAS_STATE_OF_INCORPORATION,DE
0001817358,HAS_STATE_OF_INCORPORATION,DE
0000792987,HAS_STATE_OF_INCORPORATION,TN
0001083446,HAS_STATE_OF_INCORPORATION,DE
0001580808,HAS_STATE_OF_INCORPORATION,DE
0000730464,HAS_STATE_OF_INCORPORATION,DE
0001018963,HAS_STATE_OF_INCORPORATION,DE
0000731802,HAS_STATE_OF_INCORPORATION,TX
0000896622,HAS_STATE_OF_INCORPORATION,DE
0000718877,HAS_STATE_OF_INCORPORATION,DE
0000883948,HAS_STATE_OF_INCORPORATION,VA
0000104918,HAS_STATE_OF_INCORPORATION,WA
0001368622,HAS_STATE_OF_INCORPORATION,DE
0000915912,HAS_STATE_OF_INCORPORATION,MD
0001730168,HAS_STATE_OF_INCORPORATION,
0001606498,HAS_STATE_OF_INCORPORATION,DE
0001122976,HAS_STATE_OF_INCORPORATION,
0000008858,HAS_STATE_OF_INCORPORATION,NY
0001722482,HAS_STATE_OF_INCORPORATION,
0000008818,HAS_STATE_OF_INCORPORATION,DE
0000007431,HAS_STATE_OF_INCORPORATION,PA
0001410636,HAS_STATE_OF_INCORPORATION,DE
0001056903,HAS_STATE_OF_INCORPORATION,CA
0001299709,HAS_STATE_OF_INCORPORATION,DE
0001062231,HAS_STATE_OF_INCORPORATION,DE
0000004962,HAS_STATE_OF_INCORPORATION,NY
0001616862,HAS_STATE_OF_INCORPORATION,D0
0001144215,HAS_STATE_OF_INCORPORATION,DE
0000866787,HAS_STATE_OF_INCORPORATION,NV
0000933974,HAS_STATE_OF_INCORPORATION,DE
0000008947,HAS_STATE_OF_INCORPORATION,TX
0000012927,HAS_STATE_OF_INCORPORATION,DE
0000070858,HAS_STATE_OF_INCORPORATION,DE
0001169770,HAS_STATE_OF_INCORPORATION,MD
0000760498,HAS_STATE_OF_INCORPORATION,OK
0000946673,HAS_STATE_OF_INCORPORATION,WA
0000010456,HAS_STATE_OF_INCORPORATION,DE
0000701985,HAS_STATE_OF_INCORPORATION,DE
0000764478,HAS_STATE_OF_INCORPORATION,MN
0000014930,HAS_STATE_OF_INCORPORATION,DE
0001328581,HAS_STATE_OF_INCORPORATION,ID
0000078890,HAS_STATE_OF_INCORPORATION,VA
0000009326,HAS_STATE_OF_INCORPORATION,MD
0000913142,HAS_STATE_OF_INCORPORATION,DE
0000790816,HAS_STATE_OF_INCORPORATION,MD
0000010795,HAS_STATE_OF_INCORPORATION,NJ
0000038777,HAS_STATE_OF_INCORPORATION,DE
0000014693,HAS_STATE_OF_INCORPORATION,DE
0001101215,HAS_STATE_OF_INCORPORATION,DE
0000907254,HAS_STATE_OF_INCORPORATION,MD
0001094831,HAS_STATE_OF_INCORPORATION,
0001278027,HAS_STATE_OF_INCORPORATION,DE
0000863436,HAS_STATE_OF_INCORPORATION,TX
0001685040,HAS_STATE_OF_INCORPORATION,DE
0001108134,HAS_STATE_OF_INCORPORATION,DE
0000875045,HAS_STATE_OF_INCORPORATION,DE
0001786352,HAS_STATE_OF_INCORPORATION,
0000012208,HAS_STATE_OF_INCORPORATION,DE
0001531152,HAS_STATE_OF_INCORPORATION,DE
0001013488,HAS_STATE_OF_INCORPORATION,CA
0001390777,HAS_STATE_OF_INCORPORATION,DE
0000885245,HAS_STATE_OF_INCORPORATION,NE
0001130464,HAS_STATE_OF_INCORPORATION,SD
0001075531,HAS_STATE_OF_INCORPORATION,DE
0001701605,HAS_STATE_OF_INCORPORATION,DE
0001504008,HAS_STATE_OF_INCORPORATION,DE
0001666134,HAS_STATE_OF_INCORPORATION,DE
0001633931,HAS_STATE_OF_INCORPORATION,DE
0000834365,HAS_STATE_OF_INCORPORATION,DE
0002012383,HAS_STATE_OF_INCORPORATION,DE
0001280058,HAS_STATE_OF_INCORPORATION,DE
0001546417,HAS_STATE_OF_INCORPORATION,DE
0000009092,HAS_STATE_OF_INCORPORATION,WI
0001048477,HAS_STATE_OF_INCORPORATION,DE
0000014272,HAS_STATE_OF_INCORPORATION,DE
0000046195,HAS_STATE_OF_INCORPORATION,DE
0001610250,HAS_STATE_OF_INCORPORATION,DE
0001372612,HAS_STATE_OF_INCORPORATION,DE
0001383312,HAS_STATE_OF_INCORPORATION,DE
0001772016,HAS_STATE_OF_INCORPORATION,
0000746598,HAS_STATE_OF_INCORPORATION,WI
0001067983,HAS_STATE_OF_INCORPORATION,DE
0001049782,HAS_STATE_OF_INCORPORATION,DE
0001109354,HAS_STATE_OF_INCORPORATION,DE
0000079282,HAS_STATE_OF_INCORPORATION,FL
0001581068,HAS_STATE_OF_INCORPORATION,DE
0001748824,HAS_STATE_OF_INCORPORATION,DE
0000885725,HAS_STATE_OF_INCORPORATION,DE
0001064728,HAS_STATE_OF_INCORPORATION,DE
0001579298,HAS_STATE_OF_INCORPORATION,DE
0000908255,HAS_STATE_OF_INCORPORATION,DE
0001486957,HAS_STATE_OF_INCORPORATION,DE
0001061630,HAS_STATE_OF_INCORPORATION,MD
0001037540,HAS_STATE_OF_INCORPORATION,DE
0000906553,HAS_STATE_OF_INCORPORATION,NV
0000831001,HAS_STATE_OF_INCORPORATION,DE
0001632127,HAS_STATE_OF_INCORPORATION,DE
0000016058,HAS_STATE_OF_INCORPORATION,DE
0000023217,HAS_STATE_OF_INCORPORATION,DE
0000721371,HAS_STATE_OF_INCORPORATION,OH
0000887596,HAS_STATE_OF_INCORPORATION,DE
0000014707,HAS_STATE_OF_INCORPORATION,NY
0000016160,HAS_STATE_OF_INCORPORATION,DE
0001406666,HAS_STATE_OF_INCORPORATION,
0000723612,HAS_STATE_OF_INCORPORATION,DE
0001494259,HAS_STATE_OF_INCORPORATION,DE
0001783180,HAS_STATE_OF_INCORPORATION,DE
0001683606,HAS_STATE_OF_INCORPORATION,DE
0001579091,HAS_STATE_OF_INCORPORATION,DE
0000907471,HAS_STATE_OF_INCORPORATION,DE
0000726958,HAS_STATE_OF_INCORPORATION,IA
0000018230,HAS_STATE_OF_INCORPORATION,DE
0000861842,HAS_STATE_OF_INCORPORATION,DE
0001639438,HAS_STATE_OF_INCORPORATION,DE
0000896159,HAS_STATE_OF_INCORPORATION,V8
0001374310,HAS_STATE_OF_INCORPORATION,DE
0001138118,HAS_STATE_OF_INCORPORATION,DE
0001067294,HAS_STATE_OF_INCORPORATION,
0000022356,HAS_STATE_OF_INCORPORATION,MO
0000016040,HAS_STATE_OF_INCORPORATION,DE
0000723188,HAS_STATE_OF_INCORPORATION,DE
0001627223,HAS_STATE_OF_INCORPORATION,DE
0001051470,HAS_STATE_OF_INCORPORATION,DE
0001219601,HAS_STATE_OF_INCORPORATION,PA
0000815097,HAS_STATE_OF_INCORPORATION,R1
0001158324,HAS_STATE_OF_INCORPORATION,DE
0001576940,HAS_STATE_OF_INCORPORATION,DE
0001725057,HAS_STATE_OF_INCORPORATION,DE
0000813672,HAS_STATE_OF_INCORPORATION,DE
0000860546,HAS_STATE_OF_INCORPORATION,MD
0001402057,HAS_STATE_OF_INCORPORATION,DE
0001306830,HAS_STATE_OF_INCORPORATION,DE
0001341766,HAS_STATE_OF_INCORPORATION,NV
0000887733,HAS_STATE_OF_INCORPORATION,DE
0000949157,HAS_STATE_OF_INCORPORATION,DE
0001827090,HAS_STATE_OF_INCORPORATION,DE
0001173489,HAS_STATE_OF_INCORPORATION,DE
0001324404,HAS_STATE_OF_INCORPORATION,DE
0001490906,HAS_STATE_OF_INCORPORATION,MD
0000759944,HAS_STATE_OF_INCORPORATION,DE
0000039263,HAS_STATE_OF_INCORPORATION,TX
0001527166,HAS_STATE_OF_INCORPORATION,DE
0000851205,HAS_STATE_OF_INCORPORATION,MA
0000726854,HAS_STATE_OF_INCORPORATION,WV
0000313927,HAS_STATE_OF_INCORPORATION,DE
0000020212,HAS_STATE_OF_INCORPORATION,KY
0000019584,HAS_STATE_OF_INCORPORATION,DE
0001517175,HAS_STATE_OF_INCORPORATION,DE
0001046311,HAS_STATE_OF_INCORPORATION,DE
0001486159,HAS_STATE_OF_INCORPORATION,DE
0001043277,HAS_STATE_OF_INCORPORATION,DE
0001091667,HAS_STATE_OF_INCORPORATION,
0001766502,HAS_STATE_OF_INCORPORATION,DE
0001739940,HAS_STATE_OF_INCORPORATION,DE
0000936395,HAS_STATE_OF_INCORPORATION,MD
0000020286,HAS_STATE_OF_INCORPORATION,OH
0001509589,HAS_STATE_OF_INCORPORATION,DE
0000021665,HAS_STATE_OF_INCORPORATION,DE
0001958086,HAS_STATE_OF_INCORPORATION,DE
0000764065,HAS_STATE_OF_INCORPORATION,OH
0000822818,HAS_STATE_OF_INCORPORATION,MA
0000827876,HAS_STATE_OF_INCORPORATION,NV
0000021076,HAS_STATE_OF_INCORPORATION,DE
0000028412,HAS_STATE_OF_INCORPORATION,DE
0000022444,HAS_STATE_OF_INCORPORATION,DE
0001166691,HAS_STATE_OF_INCORPORATION,PA
0001156375,HAS_STATE_OF_INCORPORATION,DE
0001058090,HAS_STATE_OF_INCORPORATION,
0000026172,HAS_STATE_OF_INCORPORATION,IN
0000811156,HAS_STATE_OF_INCORPORATION,MI
0001071739,HAS_STATE_OF_INCORPORATION,DE
0001567094,HAS_STATE_OF_INCORPORATION,P7
0001385280,HAS_STATE_OF_INCORPORATION,DE
0001856525,HAS_STATE_OF_INCORPORATION,DE
0000816956,HAS_STATE_OF_INCORPORATION,DE
0001224608,HAS_STATE_OF_INCORPORATION,DE
0001130310,HAS_STATE_OF_INCORPORATION,TX
0001710366,HAS_STATE_OF_INCORPORATION,DE
0001284812,HAS_STATE_OF_INCORPORATION,DE
0001070412,HAS_STATE_OF_INCORPORATION,DE
0001803599,HAS_STATE_OF_INCORPORATION,DE
0001050377,HAS_STATE_OF_INCORPORATION,DE
0000927628,HAS_STATE_OF_INCORPORATION,DE
0000820318,HAS_STATE_OF_INCORPORATION,PA
0000021535,HAS_STATE_OF_INCORPORATION,DE
0000317540,HAS_STATE_OF_INCORPORATION,DE
0000887343,HAS_STATE_OF_INCORPORATION,WA
0001267565,HAS_STATE_OF_INCORPORATION,VA
0001050797,HAS_STATE_OF_INCORPORATION,OR
0002014596,HAS_STATE_OF_INCORPORATION,DE
0000711404,HAS_STATE_OF_INCORPORATION,DE
0000933136,HAS_STATE_OF_INCORPORATION,DE
0001163165,HAS_STATE_OF_INCORPORATION,DE
0001088856,HAS_STATE_OF_INCORPORATION,DE
0000909832,HAS_STATE_OF_INCORPORATION,WA
0001024305,HAS_STATE_OF_INCORPORATION,
0000016732,HAS_STATE_OF_INCORPORATION,NJ
0000701347,HAS_STATE_OF_INCORPORATION,HI
0000019745,HAS_STATE_OF_INCORPORATION,DE
0001530721,HAS_STATE_OF_INCORPORATION,D8
0000900075,HAS_STATE_OF_INCORPORATION,DE
0001369568,HAS_STATE_OF_INCORPORATION,DE
0000906345,HAS_STATE_OF_INCORPORATION,TX
0001944013,HAS_STATE_OF_INCORPORATION,DE
0001609253,HAS_STATE_OF_INCORPORATION,DE
0001866175,HAS_STATE_OF_INCORPORATION,DE
0001060822,HAS_STATE_OF_INCORPORATION,DE
0000023194,HAS_STATE_OF_INCORPORATION,NV
0001100682,HAS_STATE_OF_INCORPORATION,
0001108524,HAS_STATE_OF_INCORPORATION,DE
0001334036,HAS_STATE_OF_INCORPORATION,
0000017843,HAS_STATE_OF_INCORPORATION,DE
0001743759,HAS_STATE_OF_INCORPORATION,DE
0000772406,HAS_STATE_OF_INCORPORATION,DE
0000874866,HAS_STATE_OF_INCORPORATION,DE
0000858877,HAS_STATE_OF_INCORPORATION,DE
0001057352,HAS_STATE_OF_INCORPORATION,DE
0001005757,HAS_STATE_OF_INCORPORATION,DE
0000790051,HAS_STATE_OF_INCORPORATION,DE
0000798359,HAS_STATE_OF_INCORPORATION,ND
0001624794,HAS_STATE_OF_INCORPORATION,DE
0000277948,HAS_STATE_OF_INCORPORATION,VA
0000723254,HAS_STATE_OF_INCORPORATION,WA
0001831915,HAS_STATE_OF_INCORPORATION,DE
0001596783,HAS_STATE_OF_INCORPORATION,DE
0000858470,HAS_STATE_OF_INCORPORATION,DE
0001590717,HAS_STATE_OF_INCORPORATION,MD
0000026058,HAS_STATE_OF_INCORPORATION,IN
0001058290,HAS_STATE_OF_INCORPORATION,
0001755672,HAS_STATE_OF_INCORPORATION,DE
0001298675,HAS_STATE_OF_INCORPORATION,MD
0001488813,HAS_STATE_OF_INCORPORATION,PA
0002027317,HAS_STATE_OF_INCORPORATION,MD
0000025232,HAS_STATE_OF_INCORPORATION,GA
0000354647,HAS_STATE_OF_INCORPORATION,CA
0000278166,HAS_STATE_OF_INCORPORATION,DE
0001376139,HAS_STATE_OF_INCORPORATION,DE
0001169561,HAS_STATE_OF_INCORPORATION,DE
0000064803,HAS_STATE_OF_INCORPORATION,DE
0000093410,HAS_STATE_OF_INCORPORATION,DE
0000026324,HAS_STATE_OF_INCORPORATION,DE
0001567683,HAS_STATE_OF_INCORPORATION,DE
0001628369,HAS_STATE_OF_INCORPORATION,Y9
0001035201,HAS_STATE_OF_INCORPORATION,DE
0001569345,HAS_STATE_OF_INCORPORATION,DE
0000025445,HAS_STATE_OF_INCORPORATION,DE
0001070985,HAS_STATE_OF_INCORPORATION,MD
0001061983,HAS_STATE_OF_INCORPORATION,
0001590895,HAS_STATE_OF_INCORPORATION,DE
0000715957,HAS_STATE_OF_INCORPORATION,VA
0000027904,HAS_STATE_OF_INCORPORATION,DE
0000026780,HAS_STATE_OF_INCORPORATION,DE
0000916540,HAS_STATE_OF_INCORPORATION,DE
0001467623,HAS_STATE_OF_INCORPORATION,DE
0000029644,HAS_STATE_OF_INCORPORATION,DE
0000846617,HAS_STATE_OF_INCORPORATION,NY
0000315189,HAS_STATE_OF_INCORPORATION,DE
0001622194,HAS_STATE_OF_INCORPORATION,MD
0001364250,HAS_STATE_OF_INCORPORATION,MD
0001825088,HAS_STATE_OF_INCORPORATION,DE
0001669811,HAS_STATE_OF_INCORPORATION,DE
0001393612,HAS_STATE_OF_INCORPORATION,DE
0000029534,HAS_STATE_OF_INCORPORATION,TN
0000854775,HAS_STATE_OF_INCORPORATION,DE
0001022079,HAS_STATE_OF_INCORPORATION,DE
0000882184,HAS_STATE_OF_INCORPORATION,DE
0000313616,HAS_STATE_OF_INCORPORATION,DE
0001915657,HAS_STATE_OF_INCORPORATION,DE
0000029002,HAS_STATE_OF_INCORPORATION,DE
0001744489,HAS_STATE_OF_INCORPORATION,DE
0001001082,HAS_STATE_OF_INCORPORATION,NV
0001089063,HAS_STATE_OF_INCORPORATION,DE
0001308547,HAS_STATE_OF_INCORPORATION,DE
0001297996,HAS_STATE_OF_INCORPORATION,MD
0000935703,HAS_STATE_OF_INCORPORATION,VA
0000027996,HAS_STATE_OF_INCORPORATION,MN
0001599617,HAS_STATE_OF_INCORPORATION,DE
0001582961,HAS_STATE_OF_INCORPORATION,DE
0001516513,HAS_STATE_OF_INCORPORATION,DE
0001261333,HAS_STATE_OF_INCORPORATION,DE
0000868780,HAS_STATE_OF_INCORPORATION,PA
0000029905,HAS_STATE_OF_INCORPORATION,DE
0001751788,HAS_STATE_OF_INCORPORATION,DE
0001286681,HAS_STATE_OF_INCORPORATION,DE
0001298946,HAS_STATE_OF_INCORPORATION,
0000940944,HAS_STATE_OF_INCORPORATION,FL
0001042893,HAS_STATE_OF_INCORPORATION,DE
0001773383,HAS_STATE_OF_INCORPORATION,DE
0000936340,HAS_STATE_OF_INCORPORATION,MI
0001842022,HAS_STATE_OF_INCORPORATION,DE
0001326160,HAS_STATE_OF_INCORPORATION,DE
0001562088,HAS_STATE_OF_INCORPORATION,DE
0001819928,HAS_STATE_OF_INCORPORATION,DE
0000927066,HAS_STATE_OF_INCORPORATION,DE
0001029142,HAS_STATE_OF_INCORPORATION,DE
0001090012,HAS_STATE_OF_INCORPORATION,DE
0001688568,HAS_STATE_OF_INCORPORATION,NV
0001093557,HAS_STATE_OF_INCORPORATION,DE
0001020710,HAS_STATE_OF_INCORPORATION,TX
0000067215,HAS_STATE_OF_INCORPORATION,FL
0000712515,HAS_STATE_OF_INCORPORATION,DE
0000703351,HAS_STATE_OF_INCORPORATION,DE
0001065088,HAS_STATE_OF_INCORPORATION,DE
0002015845,HAS_STATE_OF_INCORPORATION,DE
0000031462,HAS_STATE_OF_INCORPORATION,DE
0001084961,HAS_STATE_OF_INCORPORATION,DE
0001047862,HAS_STATE_OF_INCORPORATION,NY
0001029199,HAS_STATE_OF_INCORPORATION,DE
0001411342,HAS_STATE_OF_INCORPORATION,DE
0000033185,HAS_STATE_OF_INCORPORATION,GA
0001050441,HAS_STATE_OF_INCORPORATION,MD
0000049600,HAS_STATE_OF_INCORPORATION,MD
0000785161,HAS_STATE_OF_INCORPORATION,DE
0001379041,HAS_STATE_OF_INCORPORATION,NV
0000827052,HAS_STATE_OF_INCORPORATION,CA
0001001250,HAS_STATE_OF_INCORPORATION,DE
0001600033,HAS_STATE_OF_INCORPORATION,DE
0000104894,HAS_STATE_OF_INCORPORATION,MD
0000895417,HAS_STATE_OF_INCORPORATION,MD
0001156039,HAS_STATE_OF_INCORPORATION,IN
0001872789,HAS_STATE_OF_INCORPORATION,DE
0000105634,HAS_STATE_OF_INCORPORATION,DE
0000915389,HAS_STATE_OF_INCORPORATION,DE
0000032604,HAS_STATE_OF_INCORPORATION,MO
0001420800,HAS_STATE_OF_INCORPORATION,DE
0001463101,HAS_STATE_OF_INCORPORATION,DE
0001632790,HAS_STATE_OF_INCORPORATION,MO
0001289308,HAS_STATE_OF_INCORPORATION,DE
0001125376,HAS_STATE_OF_INCORPORATION,
0001101302,HAS_STATE_OF_INCORPORATION,DE
0001529864,HAS_STATE_OF_INCORPORATION,DE
0000821189,HAS_STATE_OF_INCORPORATION,DE
0000006955,HAS_STATE_OF_INCORPORATION,WI
0001352010,HAS_STATE_OF_INCORPORATION,DE
0001096752,HAS_STATE_OF_INCORPORATION,MO
0001045450,HAS_STATE_OF_INCORPORATION,MD
0001728951,HAS_STATE_OF_INCORPORATION,MD
0001333986,HAS_STATE_OF_INCORPORATION,DE
0001101239,HAS_STATE_OF_INCORPORATION,DE
0000906107,HAS_STATE_OF_INCORPORATION,MD
0000033213,HAS_STATE_OF_INCORPORATION,PA
0000072741,HAS_STATE_OF_INCORPORATION,MA
0001877322,HAS_STATE_OF_INCORPORATION,DE
0000866706,HAS_STATE_OF_INCORPORATION,MO
0001590714,HAS_STATE_OF_INCORPORATION,
0001448893,HAS_STATE_OF_INCORPORATION,D0
0000920522,HAS_STATE_OF_INCORPORATION,MD
0000896156,HAS_STATE_OF_INCORPORATION,DE
0001551182,HAS_STATE_OF_INCORPORATION,
0000065984,HAS_STATE_OF_INCORPORATION,DE
0001370637,HAS_STATE_OF_INCORPORATION,DE
0001360901,HAS_STATE_OF_INCORPORATION,DE
0001711269,HAS_STATE_OF_INCORPORATION,
0001559865,HAS_STATE_OF_INCORPORATION,PR
0001099800,HAS_STATE_OF_INCORPORATION,DE
0001069157,HAS_STATE_OF_INCORPORATION,DE
0001109357,HAS_STATE_OF_INCORPORATION,PA
0000939767,HAS_STATE_OF_INCORPORATION,DE
0001297989,HAS_STATE_OF_INCORPORATION,DE
0000918646,HAS_STATE_OF_INCORPORATION,DE
0000746515,HAS_STATE_OF_INCORPORATION,WA
0001324424,HAS_STATE_OF_INCORPORATION,DE
0001495932,HAS_STATE_OF_INCORPORATION,DE
0000851520,HAS_STATE_OF_INCORPORATION,DE
0001289490,HAS_STATE_OF_INCORPORATION,MD
0001078271,HAS_STATE_OF_INCORPORATION,DE
0001710155,HAS_STATE_OF_INCORPORATION,DE
0000876523,HAS_STATE_OF_INCORPORATION,DE
0000037996,HAS_STATE_OF_INCORPORATION,DE
0001472787,HAS_STATE_OF_INCORPORATION,DE
0001539838,HAS_STATE_OF_INCORPORATION,DE
0000815556,HAS_STATE_OF_INCORPORATION,MN
0001519751,HAS_STATE_OF_INCORPORATION,DE
0001649749,HAS_STATE_OF_INCORPORATION,TN
0000811589,HAS_STATE_OF_INCORPORATION,NC
0001057706,HAS_STATE_OF_INCORPORATION,PR
0001562528,HAS_STATE_OF_INCORPORATION,MD
0000712537,HAS_STATE_OF_INCORPORATION,PA
0000840489,HAS_STATE_OF_INCORPORATION,DE
0000887936,HAS_STATE_OF_INCORPORATION,MD
0001650132,HAS_STATE_OF_INCORPORATION,MD
0000831259,HAS_STATE_OF_INCORPORATION,DE
0001047340,HAS_STATE_OF_INCORPORATION,E9
0001013237,HAS_STATE_OF_INCORPORATION,DE
0001048911,HAS_STATE_OF_INCORPORATION,DE
0001031296,HAS_STATE_OF_INCORPORATION,OH
0000038725,HAS_STATE_OF_INCORPORATION,IN
0000708955,HAS_STATE_OF_INCORPORATION,OH
0000036029,HAS_STATE_OF_INCORPORATION,TX
0001048695,HAS_STATE_OF_INCORPORATION,WA
0000036377,HAS_STATE_OF_INCORPORATION,DE
0001056288,HAS_STATE_OF_INCORPORATION,PA
0000036966,HAS_STATE_OF_INCORPORATION,TN
0001136893,HAS_STATE_OF_INCORPORATION,
0000798354,HAS_STATE_OF_INCORPORATION,WI
0000035527,HAS_STATE_OF_INCORPORATION,OH
0001177609,HAS_STATE_OF_INCORPORATION,PA
0001035983,HAS_STATE_OF_INCORPORATION,
0000069891,HAS_STATE_OF_INCORPORATION,DE
0000850209,HAS_STATE_OF_INCORPORATION,NY
0000866374,HAS_STATE_OF_INCORPORATION,U0
0000910073,HAS_STATE_OF_INCORPORATION,DE
0001128928,HAS_STATE_OF_INCORPORATION,GA
0001124198,HAS_STATE_OF_INCORPORATION,DE
0000030625,HAS_STATE_OF_INCORPORATION,NY
0001175454,HAS_STATE_OF_INCORPORATION,DE
0000037785,HAS_STATE_OF_INCORPORATION,DE
0001408710,HAS_STATE_OF_INCORPORATION,E9
0000037808,HAS_STATE_OF_INCORPORATION,PA
0001507079,HAS_STATE_OF_INCORPORATION,DE
0001331875,HAS_STATE_OF_INCORPORATION,
0001039399,HAS_STATE_OF_INCORPORATION,DE
0001794669,HAS_STATE_OF_INCORPORATION,
0001754301,HAS_STATE_OF_INCORPORATION,DE
0001424929,HAS_STATE_OF_INCORPORATION,DE
0000921825,HAS_STATE_OF_INCORPORATION,MD
0001611647,HAS_STATE_OF_INCORPORATION,DE
0000034903,HAS_STATE_OF_INCORPORATION,MD
0000277509,HAS_STATE_OF_INCORPORATION,DE
0001727263,HAS_STATE_OF_INCORPORATION,DE
0001262039,HAS_STATE_OF_INCORPORATION,
0001965040,HAS_STATE_OF_INCORPORATION,
0001659166,HAS_STATE_OF_INCORPORATION,DE
0000039368,HAS_STATE_OF_INCORPORATION,MN
0000700564,HAS_STATE_OF_INCORPORATION,PA
0001999001,HAS_STATE_OF_INCORPORATION,DE
0000912728,HAS_STATE_OF_INCORPORATION,TN
0000020520,HAS_STATE_OF_INCORPORATION,
0001398659,HAS_STATE_OF_INCORPORATION,D0
0000039911,HAS_STATE_OF_INCORPORATION,DE
0000040211,HAS_STATE_OF_INCORPORATION,NY
0000868671,HAS_STATE_OF_INCORPORATION,MT
0000923120,HAS_STATE_OF_INCORPORATION,OR
0000040533,HAS_STATE_OF_INCORPORATION,DE
0001071255,HAS_STATE_OF_INCORPORATION,MN
0001743725,HAS_STATE_OF_INCORPORATION,DE
0000040545,HAS_STATE_OF_INCORPORATION,NY
0000043920,HAS_STATE_OF_INCORPORATION,DE
0000849399,HAS_STATE_OF_INCORPORATION,DE
0000923796,HAS_STATE_OF_INCORPORATION,FL
0000912463,HAS_STATE_OF_INCORPORATION,DE
0000050725,HAS_STATE_OF_INCORPORATION,DE
0000042888,HAS_STATE_OF_INCORPORATION,MN
0000104889,HAS_STATE_OF_INCORPORATION,DE
0000821002,HAS_STATE_OF_INCORPORATION,DE
0000882095,HAS_STATE_OF_INCORPORATION,DE
0000040704,HAS_STATE_OF_INCORPORATION,DE
0001192448,HAS_STATE_OF_INCORPORATION,DE
0000320335,HAS_STATE_OF_INCORPORATION,DE
0001575965,HAS_STATE_OF_INCORPORATION,PA
0000024741,HAS_STATE_OF_INCORPORATION,NY
0001467858,HAS_STATE_OF_INCORPORATION,
0001326380,HAS_STATE_OF_INCORPORATION,DE
0001237831,HAS_STATE_OF_INCORPORATION,DE
0001600438,HAS_STATE_OF_INCORPORATION,DE
0001526113,HAS_STATE_OF_INCORPORATION,NY
0001474735,HAS_STATE_OF_INCORPORATION,DE
0000355811,HAS_STATE_OF_INCORPORATION,MI
0001276520,HAS_STATE_OF_INCORPORATION,DE
0001771515,HAS_STATE_OF_INCORPORATION,DE
0001537054,HAS_STATE_OF_INCORPORATION,DE
0001672013,HAS_STATE_OF_INCORPORATION,DE
0001652044,HAS_STATE_OF_INCORPORATION,DE
0000040987,HAS_STATE_OF_INCORPORATION,GA
0001031203,HAS_STATE_OF_INCORPORATION,DE
0001408075,HAS_STATE_OF_INCORPORATION,DE
0001123360,HAS_STATE_OF_INCORPORATION,GA
0001373670,HAS_STATE_OF_INCORPORATION,DE
0001121788,HAS_STATE_OF_INCORPORATION,V8
0000886982,HAS_STATE_OF_INCORPORATION,DE
0001726978,HAS_STATE_OF_INCORPORATION,DE
0000042582,HAS_STATE_OF_INCORPORATION,OH
0001718512,HAS_STATE_OF_INCORPORATION,X0
0000892553,HAS_STATE_OF_INCORPORATION,DE
0001794515,HAS_STATE_OF_INCORPORATION,DE
0001052752,HAS_STATE_OF_INCORPORATION,MD
0000861459,HAS_STATE_OF_INCORPORATION,DE
0001528396,HAS_STATE_OF_INCORPORATION,DE
0000277135,HAS_STATE_OF_INCORPORATION,IL
0001852244,HAS_STATE_OF_INCORPORATION,DE
0001468174,HAS_STATE_OF_INCORPORATION,IL
0000313143,HAS_STATE_OF_INCORPORATION,MA
0001109242,HAS_STATE_OF_INCORPORATION,DE
0000045012,HAS_STATE_OF_INCORPORATION,DE
0001159036,HAS_STATE_OF_INCORPORATION,DE
0000046080,HAS_STATE_OF_INCORPORATION,RI
0001561894,HAS_STATE_OF_INCORPORATION,DE
0001834622,HAS_STATE_OF_INCORPORATION,
0000049196,HAS_STATE_OF_INCORPORATION,MD
0001359841,HAS_STATE_OF_INCORPORATION,MD
0000860730,HAS_STATE_OF_INCORPORATION,
0001691303,HAS_STATE_OF_INCORPORATION,DE
0001400810,HAS_STATE_OF_INCORPORATION,FL
0000731012,HAS_STATE_OF_INCORPORATION,PA
0000354950,HAS_STATE_OF_INCORPORATION,DE
0000916789,HAS_STATE_OF_INCORPORATION,D0
0000004447,HAS_STATE_OF_INCORPORATION,DE
0001046025,HAS_STATE_OF_INCORPORATION,WA
0001674168,HAS_STATE_OF_INCORPORATION,DE
0001417398,HAS_STATE_OF_INCORPORATION,IN
0000874766,HAS_STATE_OF_INCORPORATION,DE
0001501585,HAS_STATE_OF_INCORPORATION,DE
0001773751,HAS_STATE_OF_INCORPORATION,DE
0000921082,HAS_STATE_OF_INCORPORATION,MD
0001302215,HAS_STATE_OF_INCORPORATION,
0000851310,HAS_STATE_OF_INCORPORATION,DE
0001433642,HAS_STATE_OF_INCORPORATION,DE
0001585689,HAS_STATE_OF_INCORPORATION,DE
0000866829,HAS_STATE_OF_INCORPORATION,MN
0000850141,HAS_STATE_OF_INCORPORATION,DE
0000048287,HAS_STATE_OF_INCORPORATION,IA
0000793952,HAS_STATE_OF_INCORPORATION,WI
0000859737,HAS_STATE_OF_INCORPORATION,DE
0001331520,HAS_STATE_OF_INCORPORATION,AR
0000773840,HAS_STATE_OF_INCORPORATION,DE
0001128361,HAS_STATE_OF_INCORPORATION,DE
0000046765,HAS_STATE_OF_INCORPORATION,DE
0001645590,HAS_STATE_OF_INCORPORATION,DE
0000047217,HAS_STATE_OF_INCORPORATION,DE
0001428336,HAS_STATE_OF_INCORPORATION,DE
0001360604,HAS_STATE_OF_INCORPORATION,
0000012659,HAS_STATE_OF_INCORPORATION,MO
0000048465,HAS_STATE_OF_INCORPORATION,DE
0001802665,HAS_STATE_OF_INCORPORATION,DE
0001000228,HAS_STATE_OF_INCORPORATION,DE
0001066605,HAS_STATE_OF_INCORPORATION,DE
0001070750,HAS_STATE_OF_INCORPORATION,MD
0001095565,HAS_STATE_OF_INCORPORATION,TN
0000047111,HAS_STATE_OF_INCORPORATION,DE
0001265131,HAS_STATE_OF_INCORPORATION,MD
0000799233,HAS_STATE_OF_INCORPORATION,NV
0001657853,HAS_STATE_OF_INCORPORATION,DE
0000940942,HAS_STATE_OF_INCORPORATION,IL
0000049071,HAS_STATE_OF_INCORPORATION,DE
0000750577,HAS_STATE_OF_INCORPORATION,MS
0000046250,HAS_STATE_OF_INCORPORATION,MN
0000004281,HAS_STATE_OF_INCORPORATION,DE
0000717605,HAS_STATE_OF_INCORPORATION,DE
0001057060,HAS_STATE_OF_INCORPORATION,DE
0001800227,HAS_STATE_OF_INCORPORATION,DE
0000917520,HAS_STATE_OF_INCORPORATION,DE
0001381197,HAS_STATE_OF_INCORPORATION,DE
0000051143,HAS_STATE_OF_INCORPORATION,NY
0000315709,HAS_STATE_OF_INCORPORATION,TX
0001580905,HAS_STATE_OF_INCORPORATION,DE
0001571949,HAS_STATE_OF_INCORPORATION,DE
0001652535,HAS_STATE_OF_INCORPORATION,E9
0000883984,HAS_STATE_OF_INCORPORATION,DE
0001057877,HAS_STATE_OF_INCORPORATION,ID
0001405495,HAS_STATE_OF_INCORPORATION,
0000874716,HAS_STATE_OF_INCORPORATION,DE
0000832101,HAS_STATE_OF_INCORPORATION,DE
0000051253,HAS_STATE_OF_INCORPORATION,NY
0000764401,HAS_STATE_OF_INCORPORATION,NC
0001677576,HAS_STATE_OF_INCORPORATION,
0001110803,HAS_STATE_OF_INCORPORATION,DE
0000879169,HAS_STATE_OF_INCORPORATION,DE
0000776901,HAS_STATE_OF_INCORPORATION,MA
0001046257,HAS_STATE_OF_INCORPORATION,DE
0001497645,HAS_STATE_OF_INCORPORATION,MD
0001609550,HAS_STATE_OF_INCORPORATION,DE
0001679049,HAS_STATE_OF_INCORPORATION,1T
0000050863,HAS_STATE_OF_INCORPORATION,DE
0000896878,HAS_STATE_OF_INCORPORATION,DE
0001080014,HAS_STATE_OF_INCORPORATION,DE
0001687229,HAS_STATE_OF_INCORPORATION,
0001054905,HAS_STATE_OF_INCORPORATION,DE
0000051434,HAS_STATE_OF_INCORPORATION,NY
0000822663,HAS_STATE_OF_INCORPORATION,DE
0000051644,HAS_STATE_OF_INCORPORATION,DE
0001111928,HAS_STATE_OF_INCORPORATION,DE
0001478242,HAS_STATE_OF_INCORPORATION,DE
0001699150,HAS_STATE_OF_INCORPORATION,DE
0001418819,HAS_STATE_OF_INCORPORATION,NY
0001020569,HAS_STATE_OF_INCORPORATION,DE
0001466085,HAS_STATE_OF_INCORPORATION,MD
0001035267,HAS_STATE_OF_INCORPORATION,DE
0000749251,HAS_STATE_OF_INCORPORATION,DE
0001114483,HAS_STATE_OF_INCORPORATION,DE
0000780571,HAS_STATE_OF_INCORPORATION,WA
0000216228,HAS_STATE_OF_INCORPORATION,
0000049826,HAS_STATE_OF_INCORPORATION,DE
0000914208,HAS_STATE_OF_INCORPORATION,D0
0000807882,HAS_STATE_OF_INCORPORATION,DE
0001232524,HAS_STATE_OF_INCORPORATION,L2
0001689796,HAS_STATE_OF_INCORPORATION,MD
0000728535,HAS_STATE_OF_INCORPORATION,AR
0001158463,HAS_STATE_OF_INCORPORATION,DE
0000880117,HAS_STATE_OF_INCORPORATION,DE
0001433660,HAS_STATE_OF_INCORPORATION,DE
0000833444,HAS_STATE_OF_INCORPORATION,L2
0000096223,HAS_STATE_OF_INCORPORATION,NY
0001274173,HAS_STATE_OF_INCORPORATION,Y9
0000785956,HAS_STATE_OF_INCORPORATION,NJ
0000779152,HAS_STATE_OF_INCORPORATION,DE
0001037976,HAS_STATE_OF_INCORPORATION,MD
0000200406,HAS_STATE_OF_INCORPORATION,NJ
0001043604,HAS_STATE_OF_INCORPORATION,DE
0000745308,HAS_STATE_OF_INCORPORATION,FL
0000019617,HAS_STATE_OF_INCORPORATION,DE
0001822993,HAS_STATE_OF_INCORPORATION,DE
0000055067,HAS_STATE_OF_INCORPORATION,DE
0000886346,HAS_STATE_OF_INCORPORATION,DE
0000811596,HAS_STATE_OF_INCORPORATION,DE
0001395942,HAS_STATE_OF_INCORPORATION,DE
0000795266,HAS_STATE_OF_INCORPORATION,DE
0001357615,HAS_STATE_OF_INCORPORATION,DE
0001867072,HAS_STATE_OF_INCORPORATION,DE
0001418135,HAS_STATE_OF_INCORPORATION,DE
0000056047,HAS_STATE_OF_INCORPORATION,NV
0000091576,HAS_STATE_OF_INCORPORATION,OH
0001601046,HAS_STATE_OF_INCORPORATION,DE
0000056679,HAS_STATE_OF_INCORPORATION,DE
0001637459,HAS_STATE_OF_INCORPORATION,DE
0000879101,HAS_STATE_OF_INCORPORATION,MD
0000319201,HAS_STATE_OF_INCORPORATION,DE
0001959348,HAS_STATE_OF_INCORPORATION,DE
0000056978,HAS_STATE_OF_INCORPORATION,PA
0000055785,HAS_STATE_OF_INCORPORATION,DE
0001506307,HAS_STATE_OF_INCORPORATION,DE
0000860748,HAS_STATE_OF_INCORPORATION,DE
0000055242,HAS_STATE_OF_INCORPORATION,PA
0001170010,HAS_STATE_OF_INCORPORATION,VA
0001587523,HAS_STATE_OF_INCORPORATION,DE
0001955520,HAS_STATE_OF_INCORPORATION,DE
0001669162,HAS_STATE_OF_INCORPORATION,
0001492691,HAS_STATE_OF_INCORPORATION,
0000021344,HAS_STATE_OF_INCORPORATION,DE
0001315257,HAS_STATE_OF_INCORPORATION,PA
0000056873,HAS_STATE_OF_INCORPORATION,OH
0001025996,HAS_STATE_OF_INCORPORATION,MD
0001631596,HAS_STATE_OF_INCORPORATION,MD
0001286043,HAS_STATE_OF_INCORPORATION,MD
0001711279,HAS_STATE_OF_INCORPORATION,
0000885639,HAS_STATE_OF_INCORPORATION,WI
0001760965,HAS_STATE_OF_INCORPORATION,NC
0001069258,HAS_STATE_OF_INCORPORATION,DE
0001408100,HAS_STATE_OF_INCORPORATION,DE
0000081362,HAS_STATE_OF_INCORPORATION,PA
0000060086,HAS_STATE_OF_INCORPORATION,DE
0001023128,HAS_STATE_OF_INCORPORATION,OR
0001090425,HAS_STATE_OF_INCORPORATION,DE
0000057515,HAS_STATE_OF_INCORPORATION,OH
0001694028,HAS_STATE_OF_INCORPORATION,
0000763744,HAS_STATE_OF_INCORPORATION,DE
0001336920,HAS_STATE_OF_INCORPORATION,
0000842162,HAS_STATE_OF_INCORPORATION,DE
0000059527,HAS_STATE_OF_INCORPORATION,OH
0000058492,HAS_STATE_OF_INCORPORATION,MO
0000920760,HAS_STATE_OF_INCORPORATION,DE
0000889331,HAS_STATE_OF_INCORPORATION,DE
0001580670,HAS_STATE_OF_INCORPORATION,DE
0000886163,HAS_STATE_OF_INCORPORATION,DE
0000920148,HAS_STATE_OF_INCORPORATION,
0000202058,HAS_STATE_OF_INCORPORATION,DE
0001707925,HAS_STATE_OF_INCORPORATION,L2
0001633978,HAS_STATE_OF_INCORPORATION,DE
0001639691,HAS_STATE_OF_INCORPORATION,X0
0000721994,HAS_STATE_OF_INCORPORATION,IN
0001065696,HAS_STATE_OF_INCORPORATION,DE
0000059478,HAS_STATE_OF_INCORPORATION,IN
0001158895,HAS_STATE_OF_INCORPORATION,
0000936468,HAS_STATE_OF_INCORPORATION,MD
0000059558,HAS_STATE_OF_INCORPORATION,IN
0000836157,HAS_STATE_OF_INCORPORATION,DE
0000352541,HAS_STATE_OF_INCORPORATION,WI
0001521036,HAS_STATE_OF_INCORPORATION,DE
0000750004,HAS_STATE_OF_INCORPORATION,NV
0001434588,HAS_STATE_OF_INCORPORATION,DE
0000060667,HAS_STATE_OF_INCORPORATION,NC
0001596993,HAS_STATE_OF_INCORPORATION,1T
0000060519,HAS_STATE_OF_INCORPORATION,DE
0001235468,HAS_STATE_OF_INCORPORATION,DE
0000707549,HAS_STATE_OF_INCORPORATION,DE
0001157408,HAS_STATE_OF_INCORPORATION,DE
0000855658,HAS_STATE_OF_INCORPORATION,DE
0000853816,HAS_STATE_OF_INCORPORATION,DE
0000887905,HAS_STATE_OF_INCORPORATION,MD
0000018926,HAS_STATE_OF_INCORPORATION,LA
0000092380,HAS_STATE_OF_INCORPORATION,TX
0001300514,HAS_STATE_OF_INCORPORATION,NV
0001679273,HAS_STATE_OF_INCORPORATION,
0000910108,HAS_STATE_OF_INCORPORATION,MD
0001489393,HAS_STATE_OF_INCORPORATION,P7
0001335258,HAS_STATE_OF_INCORPORATION,DE
0000057131,HAS_STATE_OF_INCORPORATION,MI
0000794367,HAS_STATE_OF_INCORPORATION,DE
0001141391,HAS_STATE_OF_INCORPORATION,DE
0000912595,HAS_STATE_OF_INCORPORATION,TN
0000912242,HAS_STATE_OF_INCORPORATION,MD
0000871763,HAS_STATE_OF_INCORPORATION,WI
0001056696,HAS_STATE_OF_INCORPORATION,GA
0001048286,HAS_STATE_OF_INCORPORATION,DE
0001507605,HAS_STATE_OF_INCORPORATION,NV
0000062996,HAS_STATE_OF_INCORPORATION,DE
0000937556,HAS_STATE_OF_INCORPORATION,DE
0000063276,HAS_STATE_OF_INCORPORATION,DE
0000063296,HAS_STATE_OF_INCORPORATION,PA
0000003453,HAS_STATE_OF_INCORPORATION,HI
0001941365,HAS_STATE_OF_INCORPORATION,DE
0001596967,HAS_STATE_OF_INCORPORATION,DE
0000063908,HAS_STATE_OF_INCORPORATION,DE
0000827054,HAS_STATE_OF_INCORPORATION,DE
0000927653,HAS_STATE_OF_INCORPORATION,DE
0001059556,HAS_STATE_OF_INCORPORATION,DE
0000907242,HAS_STATE_OF_INCORPORATION,NV
0001853513,HAS_STATE_OF_INCORPORATION,DE
0000064996,HAS_STATE_OF_INCORPORATION,CA
0000893949,HAS_STATE_OF_INCORPORATION,FL
0001103982,HAS_STATE_OF_INCORPORATION,IL
0001613103,HAS_STATE_OF_INCORPORATION,
0000067716,HAS_STATE_OF_INCORPORATION,
0001668397,HAS_STATE_OF_INCORPORATION,DE
0001099219,HAS_STATE_OF_INCORPORATION,DE
0001326801,HAS_STATE_OF_INCORPORATION,DE
0001161728,HAS_STATE_OF_INCORPORATION,WI
0000789570,HAS_STATE_OF_INCORPORATION,DE
0000835011,HAS_STATE_OF_INCORPORATION,KS
0001698990,HAS_STATE_OF_INCORPORATION,DE
0000851968,HAS_STATE_OF_INCORPORATION,DE
0000799292,HAS_STATE_OF_INCORPORATION,OH
0000769520,HAS_STATE_OF_INCORPORATION,DE
0000063754,HAS_STATE_OF_INCORPORATION,MD
0001049502,HAS_STATE_OF_INCORPORATION,MA
0001278021,HAS_STATE_OF_INCORPORATION,
0000724004,HAS_STATE_OF_INCORPORATION,CO
0000089439,HAS_STATE_OF_INCORPORATION,DE
0000066382,HAS_STATE_OF_INCORPORATION,MI
0000916076,HAS_STATE_OF_INCORPORATION,NC
0000062709,HAS_STATE_OF_INCORPORATION,DE
0001578732,HAS_STATE_OF_INCORPORATION,
0000066740,HAS_STATE_OF_INCORPORATION,DE
0001032220,HAS_STATE_OF_INCORPORATION,VA
0000856982,HAS_STATE_OF_INCORPORATION,UT
0000876427,HAS_STATE_OF_INCORPORATION,NY
0000865752,HAS_STATE_OF_INCORPORATION,
0000764180,HAS_STATE_OF_INCORPORATION,VA
0000837465,HAS_STATE_OF_INCORPORATION,DE
0001179929,HAS_STATE_OF_INCORPORATION,DE
0001289419,HAS_STATE_OF_INCORPORATION,IL
0001285785,HAS_STATE_OF_INCORPORATION,
0001801368,HAS_STATE_OF_INCORPORATION,DE
0001510295,HAS_STATE_OF_INCORPORATION,DE
0001287865,HAS_STATE_OF_INCORPORATION,
0001280452,HAS_STATE_OF_INCORPORATION,DE
0001049521,HAS_STATE_OF_INCORPORATION,MA
0000310158,HAS_STATE_OF_INCORPORATION,NJ
0001682852,HAS_STATE_OF_INCORPORATION,DE
0000101778,HAS_STATE_OF_INCORPORATION,DE
0002017206,HAS_STATE_OF_INCORPORATION,MD
0000799167,HAS_STATE_OF_INCORPORATION,DE
0000895421,HAS_STATE_OF_INCORPORATION,DE
0000066570,HAS_STATE_OF_INCORPORATION,
0001408198,HAS_STATE_OF_INCORPORATION,DE
0000066004,HAS_STATE_OF_INCORPORATION,NJ
0000789019,HAS_STATE_OF_INCORPORATION,WA
0001636519,HAS_STATE_OF_INCORPORATION,NV
0000068505,HAS_STATE_OF_INCORPORATION,DE
0001003078,HAS_STATE_OF_INCORPORATION,NY
0000036270,HAS_STATE_OF_INCORPORATION,NY
0000891103,HAS_STATE_OF_INCORPORATION,DE
0001037646,HAS_STATE_OF_INCORPORATION,DE
0001520006,HAS_STATE_OF_INCORPORATION,TX
0000876437,HAS_STATE_OF_INCORPORATION,WI
0000833079,HAS_STATE_OF_INCORPORATION,MD
0000812011,HAS_STATE_OF_INCORPORATION,DE
0001104657,HAS_STATE_OF_INCORPORATION,OH
0001493594,HAS_STATE_OF_INCORPORATION,DE
0001598428,HAS_STATE_OF_INCORPORATION,OH
0000891014,HAS_STATE_OF_INCORPORATION,DE
0000015615,HAS_STATE_OF_INCORPORATION,FL
0000723125,HAS_STATE_OF_INCORPORATION,DE
0000717423,HAS_STATE_OF_INCORPORATION,DE
0001573516,HAS_STATE_OF_INCORPORATION,DE
0001350593,HAS_STATE_OF_INCORPORATION,DE
0001288469,HAS_STATE_OF_INCORPORATION,
0000899923,HAS_STATE_OF_INCORPORATION,DE
0000700923,HAS_STATE_OF_INCORPORATION,DE
0001834488,HAS_STATE_OF_INCORPORATION,
0001974138,HAS_STATE_OF_INCORPORATION,MD
0001593538,HAS_STATE_OF_INCORPORATION,DE
0001475841,HAS_STATE_OF_INCORPORATION,DE
0000914475,HAS_STATE_OF_INCORPORATION,DE
0000790359,HAS_STATE_OF_INCORPORATION,DE
0001513761,HAS_STATE_OF_INCORPORATION,D0
0001120193,HAS_STATE_OF_INCORPORATION,DE
0000072331,HAS_STATE_OF_INCORPORATION,OH
0000753308,HAS_STATE_OF_INCORPORATION,FL
0001164727,HAS_STATE_OF_INCORPORATION,DE
0001077183,HAS_STATE_OF_INCORPORATION,NV
0000711377,HAS_STATE_OF_INCORPORATION,MI
0001282637,HAS_STATE_OF_INCORPORATION,VA
0000070145,HAS_STATE_OF_INCORPORATION,NJ
0001065280,HAS_STATE_OF_INCORPORATION,DE
0001653477,HAS_STATE_OF_INCORPORATION,DE
0001047335,HAS_STATE_OF_INCORPORATION,DE
0001111711,HAS_STATE_OF_INCORPORATION,DE
0000356309,HAS_STATE_OF_INCORPORATION,NJ
0000320187,HAS_STATE_OF_INCORPORATION,OR
0001043219,HAS_STATE_OF_INCORPORATION,MD
0001547903,HAS_STATE_OF_INCORPORATION,CA
0000751364,HAS_STATE_OF_INCORPORATION,MD
0001133421,HAS_STATE_OF_INCORPORATION,
0001104485,HAS_STATE_OF_INCORPORATION,
0001021860,HAS_STATE_OF_INCORPORATION,DE
0001076930,HAS_STATE_OF_INCORPORATION,A3
0001373715,HAS_STATE_OF_INCORPORATION,
0000080172,HAS_STATE_OF_INCORPORATION,WI
0001164863,HAS_STATE_OF_INCORPORATION,NC
0001013871,HAS_STATE_OF_INCORPORATION,DE
0001618563,HAS_STATE_OF_INCORPORATION,MD
0000702165,HAS_STATE_OF_INCORPORATION,VA
0000932696,HAS_STATE_OF_INCORPORATION,DE
0001000753,HAS_STATE_OF_INCORPORATION,DE
0001002047,HAS_STATE_OF_INCORPORATION,CA
0001078075,HAS_STATE_OF_INCORPORATION,DE
0000073124,HAS_STATE_OF_INCORPORATION,DE
0000073309,HAS_STATE_OF_INCORPORATION,DE
0001045810,HAS_STATE_OF_INCORPORATION,DE
0001532961,HAS_STATE_OF_INCORPORATION,DE
0000906163,HAS_STATE_OF_INCORPORATION,VA
0000045876,HAS_STATE_OF_INCORPORATION,DE
0001757073,HAS_STATE_OF_INCORPORATION,DE
0001720635,HAS_STATE_OF_INCORPORATION,L2
0001471265,HAS_STATE_OF_INCORPORATION,MD
0001993004,HAS_STATE_OF_INCORPORATION,DE
0000814453,HAS_STATE_OF_INCORPORATION,DE
0001733998,HAS_STATE_OF_INCORPORATION,OR
0001564708,HAS_STATE_OF_INCORPORATION,DE
0001423221,HAS_STATE_OF_INCORPORATION,DE
0001413447,HAS_STATE_OF_INCORPORATION,
0001620393,HAS_STATE_OF_INCORPORATION,MD
0001142417,HAS_STATE_OF_INCORPORATION,DE
0001852131,HAS_STATE_OF_INCORPORATION,DE
0001273685,HAS_STATE_OF_INCORPORATION,MD
0000071691,HAS_STATE_OF_INCORPORATION,NY
0000726728,HAS_STATE_OF_INCORPORATION,MD
0001370946,HAS_STATE_OF_INCORPORATION,DE
0000878927,HAS_STATE_OF_INCORPORATION,VA
0001030469,HAS_STATE_OF_INCORPORATION,PR
0001021635,HAS_STATE_OF_INCORPORATION,OK
0001821825,HAS_STATE_OF_INCORPORATION,
0001587732,HAS_STATE_OF_INCORPORATION,OK
0000888491,HAS_STATE_OF_INCORPORATION,MD
0000812074,HAS_STATE_OF_INCORPORATION,DE
0000073756,HAS_STATE_OF_INCORPORATION,DE
0001039684,HAS_STATE_OF_INCORPORATION,OK
0001660134,HAS_STATE_OF_INCORPORATION,DE
0001005284,HAS_STATE_OF_INCORPORATION,PA
0001639300,HAS_STATE_OF_INCORPORATION,DE
0000074303,HAS_STATE_OF_INCORPORATION,VA
0000029989,HAS_STATE_OF_INCORPORATION,NY
0000926326,HAS_STATE_OF_INCORPORATION,DE
0000075252,HAS_STATE_OF_INCORPORATION,VA
0001097864,HAS_STATE_OF_INCORPORATION,DE
0000707179,HAS_STATE_OF_INCORPORATION,IN
0000704532,HAS_STATE_OF_INCORPORATION,DE
0001014739,HAS_STATE_OF_INCORPORATION,DE
0001296445,HAS_STATE_OF_INCORPORATION,DE
0001341439,HAS_STATE_OF_INCORPORATION,
0000074260,HAS_STATE_OF_INCORPORATION,DE
0000898173,HAS_STATE_OF_INCORPORATION,
0001039065,HAS_STATE_OF_INCORPORATION,DE
0000775158,HAS_STATE_OF_INCORPORATION,WI
0001781335,HAS_STATE_OF_INCORPORATION,DE
0001466593,HAS_STATE_OF_INCORPORATION,MN
0001579877,HAS_STATE_OF_INCORPORATION,MD
0001792580,HAS_STATE_OF_INCORPORATION,DE
0000075288,HAS_STATE_OF_INCORPORATION,GA
0000797468,HAS_STATE_OF_INCORPORATION,DE
0001019849,HAS_STATE_OF_INCORPORATION,DE
0001069899,HAS_STATE_OF_INCORPORATION,DE
0000813828,HAS_STATE_OF_INCORPORATION,DE
0000821483,HAS_STATE_OF_INCORPORATION,DE
0000076605,HAS_STATE_OF_INCORPORATION,IN
0001590955,HAS_STATE_OF_INCORPORATION,DE
0001845815,HAS_STATE_OF_INCORPORATION,DE
0000723531,HAS_STATE_OF_INCORPORATION,DE
0001068851,HAS_STATE_OF_INCORPORATION,TX
0001534504,HAS_STATE_OF_INCORPORATION,DE
0001295947,HAS_STATE_OF_INCORPORATION,
0000078814,HAS_STATE_OF_INCORPORATION,DE
0000075362,HAS_STATE_OF_INCORPORATION,DE
0001004980,HAS_STATE_OF_INCORPORATION,CA
0001338749,HAS_STATE_OF_INCORPORATION,DE
0001396814,HAS_STATE_OF_INCORPORATION,DE
0001591698,HAS_STATE_OF_INCORPORATION,DE
0001120914,HAS_STATE_OF_INCORPORATION,DE
0000765880,HAS_STATE_OF_INCORPORATION,MD
0001474098,HAS_STATE_OF_INCORPORATION,MD
0001476204,HAS_STATE_OF_INCORPORATION,MD
0000788784,HAS_STATE_OF_INCORPORATION,NJ
0001013857,HAS_STATE_OF_INCORPORATION,MA
0001321732,HAS_STATE_OF_INCORPORATION,DE
0000921738,HAS_STATE_OF_INCORPORATION,PA
0000077476,HAS_STATE_OF_INCORPORATION,NC
0000078003,HAS_STATE_OF_INCORPORATION,DE
0001126328,HAS_STATE_OF_INCORPORATION,DE
0001618673,HAS_STATE_OF_INCORPORATION,DE
0001178970,HAS_STATE_OF_INCORPORATION,DE
0000080424,HAS_STATE_OF_INCORPORATION,OH
0001551306,HAS_STATE_OF_INCORPORATION,DE
0000080661,HAS_STATE_OF_INCORPORATION,OH
0000076334,HAS_STATE_OF_INCORPORATION,OH
0001968915,HAS_STATE_OF_INCORPORATION,DE
0000822416,HAS_STATE_OF_INCORPORATION,MI
0001114995,HAS_STATE_OF_INCORPORATION,DE
0000931015,HAS_STATE_OF_INCORPORATION,DE
0001577916,HAS_STATE_OF_INCORPORATION,
0001230245,HAS_STATE_OF_INCORPORATION,DE
0001626115,HAS_STATE_OF_INCORPORATION,DE
0001617406,HAS_STATE_OF_INCORPORATION,DE
0000075677,HAS_STATE_OF_INCORPORATION,
0000031791,HAS_STATE_OF_INCORPORATION,MA
0000810136,HAS_STATE_OF_INCORPORATION,CT
0001525769,HAS_STATE_OF_INCORPORATION,DE
0001045609,HAS_STATE_OF_INCORPORATION,MD
0001761312,HAS_STATE_OF_INCORPORATION,DE
0001637207,HAS_STATE_OF_INCORPORATION,DE
0001022408,HAS_STATE_OF_INCORPORATION,DE
0000785786,HAS_STATE_OF_INCORPORATION,WI
0001413329,HAS_STATE_OF_INCORPORATION,VA
0001464423,HAS_STATE_OF_INCORPORATION,MD
0000713676,HAS_STATE_OF_INCORPORATION,PA
0001115055,HAS_STATE_OF_INCORPORATION,TN
0000077360,HAS_STATE_OF_INCORPORATION,L2
0000764622,HAS_STATE_OF_INCORPORATION,AZ
0000945841,HAS_STATE_OF_INCORPORATION,DE
0000784977,HAS_STATE_OF_INCORPORATION,OR
0001530950,HAS_STATE_OF_INCORPORATION,MO
0000833640,HAS_STATE_OF_INCORPORATION,CA
0000080420,HAS_STATE_OF_INCORPORATION,NV
0001028918,HAS_STATE_OF_INCORPORATION,DE
0000802481,HAS_STATE_OF_INCORPORATION,DE
0000079879,HAS_STATE_OF_INCORPORATION,PA
0000922224,HAS_STATE_OF_INCORPORATION,
0001658566,HAS_STATE_OF_INCORPORATION,DE
0001127703,HAS_STATE_OF_INCORPORATION,DE
0001185348,HAS_STATE_OF_INCORPORATION,DE
0001046568,HAS_STATE_OF_INCORPORATION,DE
0001808834,HAS_STATE_OF_INCORPORATION,GA
0001585364,HAS_STATE_OF_INCORPORATION,L2
0000876167,HAS_STATE_OF_INCORPORATION,DE
0001475922,HAS_STATE_OF_INCORPORATION,DE
0000805676,HAS_STATE_OF_INCORPORATION,OH
0001443669,HAS_STATE_OF_INCORPORATION,MN
0000884219,HAS_STATE_OF_INCORPORATION,DE
0001137774,HAS_STATE_OF_INCORPORATION,NJ
0001759655,HAS_STATE_OF_INCORPORATION,DE
0001393311,HAS_STATE_OF_INCORPORATION,MD
0001041803,HAS_STATE_OF_INCORPORATION,DE
0000275880,HAS_STATE_OF_INCORPORATION,DE
0001474432,HAS_STATE_OF_INCORPORATION,DE
0001534701,HAS_STATE_OF_INCORPORATION,DE
0000857005,HAS_STATE_OF_INCORPORATION,MA
0000889900,HAS_STATE_OF_INCORPORATION,DE
0001377121,HAS_STATE_OF_INCORPORATION,DE
0001680247,HAS_STATE_OF_INCORPORATION,TX
0000078239,HAS_STATE_OF_INCORPORATION,DE
0001050915,HAS_STATE_OF_INCORPORATION,DE
0001038357,HAS_STATE_OF_INCORPORATION,DE
0001633917,HAS_STATE_OF_INCORPORATION,
0000901491,HAS_STATE_OF_INCORPORATION,DE
0000804328,HAS_STATE_OF_INCORPORATION,DE
0001906324,HAS_STATE_OF_INCORPORATION,
0001107843,HAS_STATE_OF_INCORPORATION,DE
0001117297,HAS_STATE_OF_INCORPORATION,
0001604778,HAS_STATE_OF_INCORPORATION,DE
0000085961,HAS_STATE_OF_INCORPORATION,FL
0000733269,HAS_STATE_OF_INCORPORATION,DE
0001046102,HAS_STATE_OF_INCORPORATION,A6
0001324948,HAS_STATE_OF_INCORPORATION,
0001527590,HAS_STATE_OF_INCORPORATION,MD
0000884887,HAS_STATE_OF_INCORPORATION,
0001724521,HAS_STATE_OF_INCORPORATION,DE
0000890926,HAS_STATE_OF_INCORPORATION,DE
0000790526,HAS_STATE_OF_INCORPORATION,DE
0001095073,HAS_STATE_OF_INCORPORATION,D0
0000910606,HAS_STATE_OF_INCORPORATION,FL
0000872589,HAS_STATE_OF_INCORPORATION,NY
0000742278,HAS_STATE_OF_INCORPORATION,
0000744187,HAS_STATE_OF_INCORPORATION,DE
0001571283,HAS_STATE_OF_INCORPORATION,MD
0001740332,HAS_STATE_OF_INCORPORATION,DE
0001281761,HAS_STATE_OF_INCORPORATION,DE
0000898174,HAS_STATE_OF_INCORPORATION,MO
0000730272,HAS_STATE_OF_INCORPORATION,DE
0000085535,HAS_STATE_OF_INCORPORATION,DE
0000095029,HAS_STATE_OF_INCORPORATION,DE
0001528849,HAS_STATE_OF_INCORPORATION,DE
0000315213,HAS_STATE_OF_INCORPORATION,DE
0001040829,HAS_STATE_OF_INCORPORATION,DE
0000720005,HAS_STATE_OF_INCORPORATION,FL
0001037038,HAS_STATE_OF_INCORPORATION,DE
0000084246,HAS_STATE_OF_INCORPORATION,DE
0000917273,HAS_STATE_OF_INCORPORATION,DE
0000943819,HAS_STATE_OF_INCORPORATION,DE
0000913144,HAS_STATE_OF_INCORPORATION,D0
0000715072,HAS_STATE_OF_INCORPORATION,MS
0000912562,HAS_STATE_OF_INCORPORATION,DE
0000084748,HAS_STATE_OF_INCORPORATION,MA
0001635088,HAS_STATE_OF_INCORPORATION,D0
0001024478,HAS_STATE_OF_INCORPORATION,DE
0000084839,HAS_STATE_OF_INCORPORATION,DE
0000882835,HAS_STATE_OF_INCORPORATION,DE
0000745732,HAS_STATE_OF_INCORPORATION,DE
0000110621,HAS_STATE_OF_INCORPORATION,DE
0000315852,HAS_STATE_OF_INCORPORATION,DE
0000082811,HAS_STATE_OF_INCORPORATION,WI
0000861884,HAS_STATE_OF_INCORPORATION,DE
0001060391,HAS_STATE_OF_INCORPORATION,DE
0001469367,HAS_STATE_OF_INCORPORATION,DE
0001012019,HAS_STATE_OF_INCORPORATION,TX
0000930236,HAS_STATE_OF_INCORPORATION,MD
0001929561,HAS_STATE_OF_INCORPORATION,DE
0001849253,HAS_STATE_OF_INCORPORATION,DE
0000052827,HAS_STATE_OF_INCORPORATION,NC
0001597033,HAS_STATE_OF_INCORPORATION,DE
0001095651,HAS_STATE_OF_INCORPORATION,
0001172052,HAS_STATE_OF_INCORPORATION,DE
0001043509,HAS_STATE_OF_INCORPORATION,DE
0001177702,HAS_STATE_OF_INCORPORATION,DE
0001571123,HAS_STATE_OF_INCORPORATION,DE
0000949870,HAS_STATE_OF_INCORPORATION,MA
0000897723,HAS_STATE_OF_INCORPORATION,DE
0001415404,HAS_STATE_OF_INCORPORATION,NV
0001034054,HAS_STATE_OF_INCORPORATION,FL
0000730708,HAS_STATE_OF_INCORPORATION,FL
0001368458,HAS_STATE_OF_INCORPORATION,
0001492298,HAS_STATE_OF_INCORPORATION,MD
0000705432,HAS_STATE_OF_INCORPORATION,TX
0000829224,HAS_STATE_OF_INCORPORATION,WA
0000866729,HAS_STATE_OF_INCORPORATION,DE
0000316709,HAS_STATE_OF_INCORPORATION,DE
0000089089,HAS_STATE_OF_INCORPORATION,TX
0000094049,HAS_STATE_OF_INCORPORATION,DE
0000918965,HAS_STATE_OF_INCORPORATION,
0000895447,HAS_STATE_OF_INCORPORATION,IN
0001490978,HAS_STATE_OF_INCORPORATION,DE
0001419612,HAS_STATE_OF_INCORPORATION,DE
0001012100,HAS_STATE_OF_INCORPORATION,DE
0000350894,HAS_STATE_OF_INCORPORATION,PA
0001320414,HAS_STATE_OF_INCORPORATION,
0000720672,HAS_STATE_OF_INCORPORATION,DE
0001430723,HAS_STATE_OF_INCORPORATION,DE
0001575515,HAS_STATE_OF_INCORPORATION,DE
0000090498,HAS_STATE_OF_INCORPORATION,AR
0001616533,HAS_STATE_OF_INCORPORATION,DE
0001206264,HAS_STATE_OF_INCORPORATION,DE
0001620533,HAS_STATE_OF_INCORPORATION,
0001822479,HAS_STATE_OF_INCORPORATION,DE
0000354963,HAS_STATE_OF_INCORPORATION,VA
0001295810,HAS_STATE_OF_INCORPORATION,MD
0000913241,HAS_STATE_OF_INCORPORATION,DE
0000089800,HAS_STATE_OF_INCORPORATION,OH
0000832988,HAS_STATE_OF_INCORPORATION,
0000230557,HAS_STATE_OF_INCORPORATION,NJ
0000894315,HAS_STATE_OF_INCORPORATION,OH
0001451809,HAS_STATE_OF_INCORPORATION,
0000719739,HAS_STATE_OF_INCORPORATION,DE
0000091419,HAS_STATE_OF_INCORPORATION,OH
0000766829,HAS_STATE_OF_INCORPORATION,CA
0000899715,HAS_STATE_OF_INCORPORATION,NC
0001065837,HAS_STATE_OF_INCORPORATION,DE
0000090896,HAS_STATE_OF_INCORPORATION,IN
0000793733,HAS_STATE_OF_INCORPORATION,UT
0001038074,HAS_STATE_OF_INCORPORATION,DE
0000087347,HAS_STATE_OF_INCORPORATION,P8
0001040971,HAS_STATE_OF_INCORPORATION,MD
0000849869,HAS_STATE_OF_INCORPORATION,DE
0001032033,HAS_STATE_OF_INCORPORATION,DE
0001023459,HAS_STATE_OF_INCORPORATION,
0001856485,HAS_STATE_OF_INCORPORATION,DE
0000893538,HAS_STATE_OF_INCORPORATION,DE
0000825542,HAS_STATE_OF_INCORPORATION,OH
0000093389,HAS_STATE_OF_INCORPORATION,NY
0001702744,HAS_STATE_OF_INCORPORATION,
0000088941,HAS_STATE_OF_INCORPORATION,DE
0000091440,HAS_STATE_OF_INCORPORATION,DE
0001743907,HAS_STATE_OF_INCORPORATION,DE
0001692063,HAS_STATE_OF_INCORPORATION,WI
0000913760,HAS_STATE_OF_INCORPORATION,DE
0000883241,HAS_STATE_OF_INCORPORATION,DE
0000018349,HAS_STATE_OF_INCORPORATION,X1
0001177394,HAS_STATE_OF_INCORPORATION,DE
0000092122,HAS_STATE_OF_INCORPORATION,DE
0000091767,HAS_STATE_OF_INCORPORATION,SC
0001314727,HAS_STATE_OF_INCORPORATION,DE
0001063761,HAS_STATE_OF_INCORPORATION,DE
0000064040,HAS_STATE_OF_INCORPORATION,NY
0001576018,HAS_STATE_OF_INCORPORATION,D0
0001092699,HAS_STATE_OF_INCORPORATION,
0000877422,HAS_STATE_OF_INCORPORATION,MI
0000088205,HAS_STATE_OF_INCORPORATION,DE
0001126956,HAS_STATE_OF_INCORPORATION,MO
0001032208,HAS_STATE_OF_INCORPORATION,CA
0000873303,HAS_STATE_OF_INCORPORATION,DE
0000764038,HAS_STATE_OF_INCORPORATION,SC
0000920371,HAS_STATE_OF_INCORPORATION,DE
0001549346,HAS_STATE_OF_INCORPORATION,DE
0001477294,HAS_STATE_OF_INCORPORATION,
0000718937,HAS_STATE_OF_INCORPORATION,DE
0001479094,HAS_STATE_OF_INCORPORATION,
0000719220,HAS_STATE_OF_INCORPORATION,PA
0000094344,HAS_STATE_OF_INCORPORATION,DE
0001473844,HAS_STATE_OF_INCORPORATION,TX
0001796022,HAS_STATE_OF_INCORPORATION,
0001013934,HAS_STATE_OF_INCORPORATION,MD
0000874238,HAS_STATE_OF_INCORPORATION,DE
0000093751,HAS_STATE_OF_INCORPORATION,MA
0001465128,HAS_STATE_OF_INCORPORATION,
0001137789,HAS_STATE_OF_INCORPORATION,
0000016918,HAS_STATE_OF_INCORPORATION,DE
0001356576,HAS_STATE_OF_INCORPORATION,DE
0000093556,HAS_STATE_OF_INCORPORATION,CT
0000004127,HAS_STATE_OF_INCORPORATION,DE
0001692115,HAS_STATE_OF_INCORPORATION,DE
0001514705,HAS_STATE_OF_INCORPORATION,
0000310354,HAS_STATE_OF_INCORPORATION,DE
0000310142,HAS_STATE_OF_INCORPORATION,WI
0001601712,HAS_STATE_OF_INCORPORATION,NY
0000310764,HAS_STATE_OF_INCORPORATION,MI
0000817720,HAS_STATE_OF_INCORPORATION,DE
0000096021,HAS_STATE_OF_INCORPORATION,DE
0000732717,HAS_STATE_OF_INCORPORATION,DE
0001724965,HAS_STATE_OF_INCORPORATION,DE
0000024545,HAS_STATE_OF_INCORPORATION,DE
0001295401,HAS_STATE_OF_INCORPORATION,DE
0001077428,HAS_STATE_OF_INCORPORATION,
0000816761,HAS_STATE_OF_INCORPORATION,
0001260221,HAS_STATE_OF_INCORPORATION,DE
0001051512,HAS_STATE_OF_INCORPORATION,DE
0000098222,HAS_STATE_OF_INCORPORATION,DE
0001094285,HAS_STATE_OF_INCORPORATION,DE
0000842023,HAS_STATE_OF_INCORPORATION,MN
0001385157,HAS_STATE_OF_INCORPORATION,
0000097210,HAS_STATE_OF_INCORPORATION,MA
0000097216,HAS_STATE_OF_INCORPORATION,DE
0000092230,HAS_STATE_OF_INCORPORATION,NC
0001539638,HAS_STATE_OF_INCORPORATION,TX
0000096943,HAS_STATE_OF_INCORPORATION,DE
0000039899,HAS_STATE_OF_INCORPORATION,DE
0000027419,HAS_STATE_OF_INCORPORATION,MN
0001001316,HAS_STATE_OF_INCORPORATION,DE
0000070318,HAS_STATE_OF_INCORPORATION,NV
0000944695,HAS_STATE_OF_INCORPORATION,DE
0000730263,HAS_STATE_OF_INCORPORATION,DE
0000903129,HAS_STATE_OF_INCORPORATION,MI
0001556739,HAS_STATE_OF_INCORPORATION,DE
0001320695,HAS_STATE_OF_INCORPORATION,DE
0000715787,HAS_STATE_OF_INCORPORATION,GA
0000109198,HAS_STATE_OF_INCORPORATION,DE
0000098362,HAS_STATE_OF_INCORPORATION,OH
0001756262,HAS_STATE_OF_INCORPORATION,MA
0001562476,HAS_STATE_OF_INCORPORATION,DE
0000097745,HAS_STATE_OF_INCORPORATION,DE
0001005817,HAS_STATE_OF_INCORPORATION,NY
0001283699,HAS_STATE_OF_INCORPORATION,DE
0000097134,HAS_STATE_OF_INCORPORATION,MN
0001438133,HAS_STATE_OF_INCORPORATION,DE
0001361658,HAS_STATE_OF_INCORPORATION,DE
0000794170,HAS_STATE_OF_INCORPORATION,DE
0001561680,HAS_STATE_OF_INCORPORATION,DE
0001116132,HAS_STATE_OF_INCORPORATION,MD
0000098677,HAS_STATE_OF_INCORPORATION,VA
0001069878,HAS_STATE_OF_INCORPORATION,DE
0001389170,HAS_STATE_OF_INCORPORATION,
0001526520,HAS_STATE_OF_INCORPORATION,DE
0000864749,HAS_STATE_OF_INCORPORATION,DE
0000036146,HAS_STATE_OF_INCORPORATION,MS
0000099780,HAS_STATE_OF_INCORPORATION,DE
0001476150,HAS_STATE_OF_INCORPORATION,
0001113169,HAS_STATE_OF_INCORPORATION,MD
0000357301,HAS_STATE_OF_INCORPORATION,NY
0001371285,HAS_STATE_OF_INCORPORATION,DE
0000086312,HAS_STATE_OF_INCORPORATION,MN
0000916365,HAS_STATE_OF_INCORPORATION,DE
0001318605,HAS_STATE_OF_INCORPORATION,TX
0000100493,HAS_STATE_OF_INCORPORATION,DE
0001466258,HAS_STATE_OF_INCORPORATION,L2
0000737758,HAS_STATE_OF_INCORPORATION,MN
0000831641,HAS_STATE_OF_INCORPORATION,DE
0002018064,HAS_STATE_OF_INCORPORATION,DE
0001116942,HAS_STATE_OF_INCORPORATION,DE
0000946581,HAS_STATE_OF_INCORPORATION,DE
0000899751,HAS_STATE_OF_INCORPORATION,IL
0001465740,HAS_STATE_OF_INCORPORATION,MD
0000097476,HAS_STATE_OF_INCORPORATION,DE
0001108426,HAS_STATE_OF_INCORPORATION,NM
0001289460,HAS_STATE_OF_INCORPORATION,DE
0000217346,HAS_STATE_OF_INCORPORATION,DE
0000860731,HAS_STATE_OF_INCORPORATION,DE
0001336917,HAS_STATE_OF_INCORPORATION,MD
0000100517,HAS_STATE_OF_INCORPORATION,DE
0000729986,HAS_STATE_OF_INCORPORATION,WV
0000857855,HAS_STATE_OF_INCORPORATION,GA
0001275014,HAS_STATE_OF_INCORPORATION,DE
0000074208,HAS_STATE_OF_INCORPORATION,MD
0001611547,HAS_STATE_OF_INCORPORATION,MD
0000101199,HAS_STATE_OF_INCORPORATION,
0000912767,HAS_STATE_OF_INCORPORATION,MI
0000914156,HAS_STATE_OF_INCORPORATION,DE
0000884614,HAS_STATE_OF_INCORPORATION,PA
0000352915,HAS_STATE_OF_INCORPORATION,DE
0000798783,HAS_STATE_OF_INCORPORATION,MD
0001403568,HAS_STATE_OF_INCORPORATION,
0000101382,HAS_STATE_OF_INCORPORATION,MO
0000717954,HAS_STATE_OF_INCORPORATION,MA
0001020859,HAS_STATE_OF_INCORPORATION,DE
0000731766,HAS_STATE_OF_INCORPORATION,DE
0001620280,HAS_STATE_OF_INCORPORATION,MD
0000005513,HAS_STATE_OF_INCORPORATION,DE
0000100885,HAS_STATE_OF_INCORPORATION,UT
0000933036,HAS_STATE_OF_INCORPORATION,DE
0001090727,HAS_STATE_OF_INCORPORATION,DE
0000912615,HAS_STATE_OF_INCORPORATION,PA
0001067701,HAS_STATE_OF_INCORPORATION,DE
0000036104,HAS_STATE_OF_INCORPORATION,DE
0001665918,HAS_STATE_OF_INCORPORATION,IL
0000896264,HAS_STATE_OF_INCORPORATION,UT
0000885978,HAS_STATE_OF_INCORPORATION,NV
0001082554,HAS_STATE_OF_INCORPORATION,DE
0000755001,HAS_STATE_OF_INCORPORATION,NH
0000102037,HAS_STATE_OF_INCORPORATION,VA
0001403161,HAS_STATE_OF_INCORPORATION,DE
0001524358,HAS_STATE_OF_INCORPORATION,X1
0000314808,HAS_STATE_OF_INCORPORATION,
0001501570,HAS_STATE_OF_INCORPORATION,TX
0001111335,HAS_STATE_OF_INCORPORATION,DE
0000887359,HAS_STATE_OF_INCORPORATION,MI
0001570827,HAS_STATE_OF_INCORPORATION,DE
0001384101,HAS_STATE_OF_INCORPORATION,DE
0000103145,HAS_STATE_OF_INCORPORATION,DE
0000103379,HAS_STATE_OF_INCORPORATION,PA
0000912093,HAS_STATE_OF_INCORPORATION,DE
0001705696,HAS_STATE_OF_INCORPORATION,MD
0000751978,HAS_STATE_OF_INCORPORATION,DE
0001706431,HAS_STATE_OF_INCORPORATION,DE
0001592386,HAS_STATE_OF_INCORPORATION,DE
0001035002,HAS_STATE_OF_INCORPORATION,DE
0000714310,HAS_STATE_OF_INCORPORATION,NJ
0001396009,HAS_STATE_OF_INCORPORATION,NJ
0000102729,HAS_STATE_OF_INCORPORATION,DE
0000899689,HAS_STATE_OF_INCORPORATION,MD
0001602065,HAS_STATE_OF_INCORPORATION,DE
0001786842,HAS_STATE_OF_INCORPORATION,DE
0001535929,HAS_STATE_OF_INCORPORATION,DE
0000924901,HAS_STATE_OF_INCORPORATION,MD
0001682745,HAS_STATE_OF_INCORPORATION,
0001442145,HAS_STATE_OF_INCORPORATION,DE
0001014473,HAS_STATE_OF_INCORPORATION,DE
0000883237,HAS_STATE_OF_INCORPORATION,DE
0000875320,HAS_STATE_OF_INCORPORATION,MA
0000797721,HAS_STATE_OF_INCORPORATION,DE
0001856437,HAS_STATE_OF_INCORPORATION,
0000103730,HAS_STATE_OF_INCORPORATION,DE
0001967649,HAS_STATE_OF_INCORPORATION,DE
0001528129,HAS_STATE_OF_INCORPORATION,DE
0001525221,HAS_STATE_OF_INCORPORATION,
0000740260,HAS_STATE_OF_INCORPORATION,DE
0001792044,HAS_STATE_OF_INCORPORATION,DE
0001674910,HAS_STATE_OF_INCORPORATION,
0000070866,HAS_STATE_OF_INCORPORATION,MD
0000732712,HAS_STATE_OF_INCORPORATION,DE
0000943452,HAS_STATE_OF_INCORPORATION,DE
0000311094,HAS_STATE_OF_INCORPORATION,CA
0000936528,HAS_STATE_OF_INCORPORATION,WA
0001212545,HAS_STATE_OF_INCORPORATION,DE
0001000697,HAS_STATE_OF_INCORPORATION,DE
0001618921,HAS_STATE_OF_INCORPORATION,DE
0001437107,HAS_STATE_OF_INCORPORATION,DE
0000801337,HAS_STATE_OF_INCORPORATION,DE
0000929008,HAS_STATE_OF_INCORPORATION,
0001497770,HAS_STATE_OF_INCORPORATION,MD
0000106040,HAS_STATE_OF_INCORPORATION,DE
0000105132,HAS_STATE_OF_INCORPORATION,DE
0000783325,HAS_STATE_OF_INCORPORATION,WI
0000766704,HAS_STATE_OF_INCORPORATION,DE
0000030697,HAS_STATE_OF_INCORPORATION,DE
0000793074,HAS_STATE_OF_INCORPORATION,NE
0001309108,HAS_STATE_OF_INCORPORATION,DE
0000072971,HAS_STATE_OF_INCORPORATION,DE
0001603923,HAS_STATE_OF_INCORPORATION,
0000107687,HAS_STATE_OF_INCORPORATION,MN
0001722684,HAS_STATE_OF_INCORPORATION,DE
0001699136,HAS_STATE_OF_INCORPORATION,
0000106640,HAS_STATE_OF_INCORPORATION,DE
0001636222,HAS_STATE_OF_INCORPORATION,DE
0000789460,HAS_STATE_OF_INCORPORATION,FL
0001262823,HAS_STATE_OF_INCORPORATION,DE
0000107140,HAS_STATE_OF_INCORPORATION,NY
0000823768,HAS_STATE_OF_INCORPORATION,DE
0000107263,HAS_STATE_OF_INCORPORATION,DE
0001319161,HAS_STATE_OF_INCORPORATION,DE
0001604028,HAS_STATE_OF_INCORPORATION,DE
0000104169,HAS_STATE_OF_INCORPORATION,DE
0000108516,HAS_STATE_OF_INCORPORATION,OH
0001025378,HAS_STATE_OF_INCORPORATION,MD
0000011544,HAS_STATE_OF_INCORPORATION,DE
0001732845,HAS_STATE_OF_INCORPORATION,DE
0000108385,HAS_STATE_OF_INCORPORATION,SC
0001968487,HAS_STATE_OF_INCORPORATION,OH
0001647088,HAS_STATE_OF_INCORPORATION,DE
0000828944,HAS_STATE_OF_INCORPORATION,DE
0000105016,HAS_STATE_OF_INCORPORATION,FL
0001175535,HAS_STATE_OF_INCORPORATION,TX
0000105770,HAS_STATE_OF_INCORPORATION,PA
0000880631,HAS_STATE_OF_INCORPORATION,DE
0001015328,HAS_STATE_OF_INCORPORATION,IL
0000078128,HAS_STATE_OF_INCORPORATION,PA
0000795403,HAS_STATE_OF_INCORPORATION,DE
0001365135,HAS_STATE_OF_INCORPORATION,DE
0000108312,HAS_STATE_OF_INCORPORATION,DE
0000110471,HAS_STATE_OF_INCORPORATION,MI
0000106535,HAS_STATE_OF_INCORPORATION,WA
0001174922,HAS_STATE_OF_INCORPORATION,
0000072903,HAS_STATE_OF_INCORPORATION,MN
0001616000,HAS_STATE_OF_INCORPORATION,FL
0001326732,HAS_STATE_OF_INCORPORATION,DE
0000034088,HAS_STATE_OF_INCORPORATION,NJ
0001767258,HAS_STATE_OF_INCORPORATION,NV
0001166003,HAS_STATE_OF_INCORPORATION,
0000818479,HAS_STATE_OF_INCORPORATION,DE
0001770450,HAS_STATE_OF_INCORPORATION,CT
0001524472,HAS_STATE_OF_INCORPORATION,IN
0001345016,HAS_STATE_OF_INCORPORATION,DE
0001670592,HAS_STATE_OF_INCORPORATION,DE
0001856314,HAS_STATE_OF_INCORPORATION,DE
0001041061,HAS_STATE_OF_INCORPORATION,NC
0001136869,HAS_STATE_OF_INCORPORATION,DE
0000877212,HAS_STATE_OF_INCORPORATION,
0001084048,HAS_STATE_OF_INCORPORATION,
0000109380,HAS_STATE_OF_INCORPORATION,UT
0001555280,HAS_STATE_OF_INCORPORATION,
0001439288,HAS_STATE_OF_INCORPORATION,DE
