Company,IS_PARTIAL_OWNER_OF,Company
0001090872,IS_PARTIAL_OWNER_OF,0001601046
0001090872,IS_PARTIAL_OWNER_OF,0001352341
0000006201,IS_PARTIAL_OWNER_OF,0000810332
0000006201,IS_PARTIAL_OWNER_OF,0001173495
0001551152,IS_PARTIAL_OWNER_OF,0001358762
0001140859,IS_PARTIAL_OWNER_OF,0001388195
0001144980,IS_PARTIAL_OWNER_OF,0001144980
0000815094,IS_PARTIAL_OWNER_OF,0001024520
0000815094,IS_PARTIAL_OWNER_OF,0000815094
0000001800,IS_PARTIAL_OWNER_OF,0001603978
0000001800,IS_PARTIAL_OWNER_OF,0001623613
0000001800,IS_PARTIAL_OWNER_OF,0001551152
0000001800,IS_PARTIAL_OWNER_OF,0001298521
0000001800,IS_PARTIAL_OWNER_OF,0001441848
0000001800,IS_PARTIAL_OWNER_OF,0001168335
0000001800,IS_PARTIAL_OWNER_OF,0000902622
0000001800,IS_PARTIAL_OWNER_OF,0001274057
0000947484,IS_PARTIAL_OWNER_OF,0001275214
0000947484,IS_PARTIAL_OWNER_OF,0001601669
0000935036,IS_PARTIAL_OWNER_OF,0000888953
0000868857,IS_PARTIAL_OWNER_OF,0001887944
0001467373,IS_PARTIAL_OWNER_OF,0001160951
0000796343,IS_PARTIAL_OWNER_OF,0001449278
0000796343,IS_PARTIAL_OWNER_OF,0001084332
0000796343,IS_PARTIAL_OWNER_OF,0001357525
0001803696,IS_PARTIAL_OWNER_OF,0001788999
0000007084,IS_PARTIAL_OWNER_OF,0000806592
0000007084,IS_PARTIAL_OWNER_OF,0000075208
0000008670,IS_PARTIAL_OWNER_OF,0001609702
0000769397,IS_PARTIAL_OWNER_OF,0001103234
0000874761,IS_PARTIAL_OWNER_OF,0001868941
0001042046,IS_PARTIAL_OWNER_OF,0001539894
0001042046,IS_PARTIAL_OWNER_OF,0001611110
0001042046,IS_PARTIAL_OWNER_OF,0001454389
0001042046,IS_PARTIAL_OWNER_OF,0001128725
0001042046,IS_PARTIAL_OWNER_OF,0001301106
0001042046,IS_PARTIAL_OWNER_OF,0000316770
0001042046,IS_PARTIAL_OWNER_OF,0001195933
0001042046,IS_PARTIAL_OWNER_OF,0000894651
0001042046,IS_PARTIAL_OWNER_OF,0000062737
0001273813,IS_PARTIAL_OWNER_OF,0001930147
0000005272,IS_PARTIAL_OWNER_OF,0001735964
0000005272,IS_PARTIAL_OWNER_OF,0001517518
0000005272,IS_PARTIAL_OWNER_OF,0001725472
0000005272,IS_PARTIAL_OWNER_OF,0001572616
0000005272,IS_PARTIAL_OWNER_OF,0001889539
0000005272,IS_PARTIAL_OWNER_OF,0001604477
0000005272,IS_PARTIAL_OWNER_OF,0000098222
0000005272,IS_PARTIAL_OWNER_OF,0000806628
0000005272,IS_PARTIAL_OWNER_OF,0001293613
0000005272,IS_PARTIAL_OWNER_OF,0001500096
0000005272,IS_PARTIAL_OWNER_OF,0001570318
0000005272,IS_PARTIAL_OWNER_OF,0001488775
0000005272,IS_PARTIAL_OWNER_OF,0001584207
0000005272,IS_PARTIAL_OWNER_OF,0001393818
0000005272,IS_PARTIAL_OWNER_OF,0000862510
0000005272,IS_PARTIAL_OWNER_OF,0001268533
0000005272,IS_PARTIAL_OWNER_OF,0001383529
0000005272,IS_PARTIAL_OWNER_OF,0001006837
0000005272,IS_PARTIAL_OWNER_OF,0000909815
0000005272,IS_PARTIAL_OWNER_OF,0001108727
0000005272,IS_PARTIAL_OWNER_OF,0001129981
0000005272,IS_PARTIAL_OWNER_OF,0000077543
0000005272,IS_PARTIAL_OWNER_OF,0000911583
0000005272,IS_PARTIAL_OWNER_OF,0000949240
0000066756,IS_PARTIAL_OWNER_OF,0000066756
0000066756,IS_PARTIAL_OWNER_OF,0001281949
0000899051,IS_PARTIAL_OWNER_OF,0000922812
0001034670,IS_PARTIAL_OWNER_OF,0001733186
0001623925,IS_PARTIAL_OWNER_OF,0001598968
0000006951,IS_PARTIAL_OWNER_OF,0001395848
0000006951,IS_PARTIAL_OWNER_OF,0000934550
0000002488,IS_PARTIAL_OWNER_OF,0001322705
0001004434,IS_PARTIAL_OWNER_OF,0001609212
0000318154,IS_PARTIAL_OWNER_OF,0001885522
0000318154,IS_PARTIAL_OWNER_OF,0001827087
0000318154,IS_PARTIAL_OWNER_OF,0001651308
0000318154,IS_PARTIAL_OWNER_OF,0001645666
0000318154,IS_PARTIAL_OWNER_OF,0001476170
0000318154,IS_PARTIAL_OWNER_OF,0001361248
0000318154,IS_PARTIAL_OWNER_OF,0001571498
0000318154,IS_PARTIAL_OWNER_OF,0001131907
0000318154,IS_PARTIAL_OWNER_OF,0000889057
0000820027,IS_PARTIAL_OWNER_OF,0001386198
0000820027,IS_PARTIAL_OWNER_OF,0001210679
0001053507,IS_PARTIAL_OWNER_OF,0001780312
0001018724,IS_PARTIAL_OWNER_OF,0001874178
0001018724,IS_PARTIAL_OWNER_OF,0000894081
0001018724,IS_PARTIAL_OWNER_OF,0001086467
0001018724,IS_PARTIAL_OWNER_OF,0001077926
0000315293,IS_PARTIAL_OWNER_OF,0001179755
0000784199,IS_PARTIAL_OWNER_OF,0000863680
0000002969,IS_PARTIAL_OWNER_OF,0001660690
0001433195,IS_PARTIAL_OWNER_OF,0001433195
0001521332,IS_PARTIAL_OWNER_OF,0001707092
0001433270,IS_PARTIAL_OWNER_OF,0001623925
0001433270,IS_PARTIAL_OWNER_OF,0001598968
0001035443,IS_PARTIAL_OWNER_OF,0001822691
0001035443,IS_PARTIAL_OWNER_OF,0001697532
0001035443,IS_PARTIAL_OWNER_OF,0001429386
0001584509,IS_PARTIAL_OWNER_OF,0001967649
0001389050,IS_PARTIAL_OWNER_OF,0001635881
0001389050,IS_PARTIAL_OWNER_OF,0001367064
0000007789,IS_PARTIAL_OWNER_OF,0000007789
0001674862,IS_PARTIAL_OWNER_OF,0001674862
0001674862,IS_PARTIAL_OWNER_OF,0001674910
0000731802,IS_PARTIAL_OWNER_OF,0001012569
0000718877,IS_PARTIAL_OWNER_OF,0001823878
0001606498,IS_PARTIAL_OWNER_OF,0001606498
0001299709,IS_PARTIAL_OWNER_OF,0001299709
0000004962,IS_PARTIAL_OWNER_OF,0001820872
0000004962,IS_PARTIAL_OWNER_OF,0001066026
0000004962,IS_PARTIAL_OWNER_OF,0000820027
0001144215,IS_PARTIAL_OWNER_OF,0001408287
0000008947,IS_PARTIAL_OWNER_OF,0000055805
0000012927,IS_PARTIAL_OWNER_OF,0000026537
0000070858,IS_PARTIAL_OWNER_OF,0001140411
0000070858,IS_PARTIAL_OWNER_OF,0001170299
0000070858,IS_PARTIAL_OWNER_OF,0001170300
0000070858,IS_PARTIAL_OWNER_OF,0001737995
0000070858,IS_PARTIAL_OWNER_OF,0001199004
0000070858,IS_PARTIAL_OWNER_OF,0001137887
0000070858,IS_PARTIAL_OWNER_OF,0001425627
0000070858,IS_PARTIAL_OWNER_OF,0001083839
0000070858,IS_PARTIAL_OWNER_OF,0000844790
0000070858,IS_PARTIAL_OWNER_OF,0000008504
0000070858,IS_PARTIAL_OWNER_OF,0001140392
0000070858,IS_PARTIAL_OWNER_OF,0001181506
0000070858,IS_PARTIAL_OWNER_OF,0001181504
0000070858,IS_PARTIAL_OWNER_OF,0001854458
0000070858,IS_PARTIAL_OWNER_OF,0000901243
0000070858,IS_PARTIAL_OWNER_OF,0001232860
0000070858,IS_PARTIAL_OWNER_OF,0001774342
0000070858,IS_PARTIAL_OWNER_OF,0001080720
0000070858,IS_PARTIAL_OWNER_OF,0001487610
0000070858,IS_PARTIAL_OWNER_OF,0001160990
0000070858,IS_PARTIAL_OWNER_OF,0001219360
0000070858,IS_PARTIAL_OWNER_OF,0001244183
0000070858,IS_PARTIAL_OWNER_OF,0001170311
0000070858,IS_PARTIAL_OWNER_OF,0001851230
0000070858,IS_PARTIAL_OWNER_OF,0001842916
0000070858,IS_PARTIAL_OWNER_OF,0001777482
0000070858,IS_PARTIAL_OWNER_OF,0001723701
0000070858,IS_PARTIAL_OWNER_OF,0000882300
0000070858,IS_PARTIAL_OWNER_OF,0001196876
0000070858,IS_PARTIAL_OWNER_OF,0001196872
0000070858,IS_PARTIAL_OWNER_OF,0001666071
0000070858,IS_PARTIAL_OWNER_OF,0000835333
0000070858,IS_PARTIAL_OWNER_OF,0000921671
0000070858,IS_PARTIAL_OWNER_OF,0001655544
0000070858,IS_PARTIAL_OWNER_OF,0001074688
0000070858,IS_PARTIAL_OWNER_OF,0001074692
0000070858,IS_PARTIAL_OWNER_OF,0000107454
0000070858,IS_PARTIAL_OWNER_OF,0001196867
0000070858,IS_PARTIAL_OWNER_OF,0001196869
0000070858,IS_PARTIAL_OWNER_OF,0001196871
0000070858,IS_PARTIAL_OWNER_OF,0001196875
0000070858,IS_PARTIAL_OWNER_OF,0001196877
0000070858,IS_PARTIAL_OWNER_OF,0001343793
0000070858,IS_PARTIAL_OWNER_OF,0001162028
0000070858,IS_PARTIAL_OWNER_OF,0001607997
0000070858,IS_PARTIAL_OWNER_OF,0000902748
0000070858,IS_PARTIAL_OWNER_OF,0001183829
0000070858,IS_PARTIAL_OWNER_OF,0001565381
0000070858,IS_PARTIAL_OWNER_OF,0001479046
0000070858,IS_PARTIAL_OWNER_OF,0000102426
0000070858,IS_PARTIAL_OWNER_OF,0001074691
0000070858,IS_PARTIAL_OWNER_OF,0001564584
0000070858,IS_PARTIAL_OWNER_OF,0001557915
0000070858,IS_PARTIAL_OWNER_OF,0001159038
0000070858,IS_PARTIAL_OWNER_OF,0001412495
0000070858,IS_PARTIAL_OWNER_OF,0001169031
0000070858,IS_PARTIAL_OWNER_OF,0000901824
0000070858,IS_PARTIAL_OWNER_OF,0001051004
0000070858,IS_PARTIAL_OWNER_OF,0000885601
0000070858,IS_PARTIAL_OWNER_OF,0001074686
0000070858,IS_PARTIAL_OWNER_OF,0001167470
0000070858,IS_PARTIAL_OWNER_OF,0000883265
0000070858,IS_PARTIAL_OWNER_OF,0001137440
0000070858,IS_PARTIAL_OWNER_OF,0000892992
0000070858,IS_PARTIAL_OWNER_OF,0000894239
0000070858,IS_PARTIAL_OWNER_OF,0001219120
0000070858,IS_PARTIAL_OWNER_OF,0000911308
0000070858,IS_PARTIAL_OWNER_OF,0000882153
0000070858,IS_PARTIAL_OWNER_OF,0000882150
0000070858,IS_PARTIAL_OWNER_OF,0001181249
0000070858,IS_PARTIAL_OWNER_OF,0001038186
0000070858,IS_PARTIAL_OWNER_OF,0000887394
0000070858,IS_PARTIAL_OWNER_OF,0001087786
0000070858,IS_PARTIAL_OWNER_OF,0001178841
0000070858,IS_PARTIAL_OWNER_OF,0000070858
0000070858,IS_PARTIAL_OWNER_OF,0000895422
0000070858,IS_PARTIAL_OWNER_OF,0001087783
0000070858,IS_PARTIAL_OWNER_OF,0000879535
0000070858,IS_PARTIAL_OWNER_OF,0000897419
0000070858,IS_PARTIAL_OWNER_OF,0000884216
0000070858,IS_PARTIAL_OWNER_OF,0000882152
0000070858,IS_PARTIAL_OWNER_OF,0000888410
0000070858,IS_PARTIAL_OWNER_OF,0000874506
0000070858,IS_PARTIAL_OWNER_OF,0000890393
0000070858,IS_PARTIAL_OWNER_OF,0000082534
0000070858,IS_PARTIAL_OWNER_OF,0001159039
0000070858,IS_PARTIAL_OWNER_OF,0001090117
0000070858,IS_PARTIAL_OWNER_OF,0000907573
0000070858,IS_PARTIAL_OWNER_OF,0000868440
0000070858,IS_PARTIAL_OWNER_OF,0000882151
0000070858,IS_PARTIAL_OWNER_OF,0001232863
0000070858,IS_PARTIAL_OWNER_OF,0000899752
0000070858,IS_PARTIAL_OWNER_OF,0001215664
0000070858,IS_PARTIAL_OWNER_OF,0000891037
0000070858,IS_PARTIAL_OWNER_OF,0001214935
0000070858,IS_PARTIAL_OWNER_OF,0000835948
0000070858,IS_PARTIAL_OWNER_OF,0001162030
0000070858,IS_PARTIAL_OWNER_OF,0001038190
0000070858,IS_PARTIAL_OWNER_OF,0000862716
0000070858,IS_PARTIAL_OWNER_OF,0000891038
0000070858,IS_PARTIAL_OWNER_OF,0000897269
0000070858,IS_PARTIAL_OWNER_OF,0000890196
0000070858,IS_PARTIAL_OWNER_OF,0001045126
0000070858,IS_PARTIAL_OWNER_OF,0000891188
0000070858,IS_PARTIAL_OWNER_OF,0001145728
0000070858,IS_PARTIAL_OWNER_OF,0001501378
0000070858,IS_PARTIAL_OWNER_OF,0001501377
0000070858,IS_PARTIAL_OWNER_OF,0001501376
0000070858,IS_PARTIAL_OWNER_OF,0001034665
0000070858,IS_PARTIAL_OWNER_OF,0001053988
0000070858,IS_PARTIAL_OWNER_OF,0001280936
0000070858,IS_PARTIAL_OWNER_OF,0001163792
0000070858,IS_PARTIAL_OWNER_OF,0001334510
0000070858,IS_PARTIAL_OWNER_OF,0001305767
0000070858,IS_PARTIAL_OWNER_OF,0000902274
0000070858,IS_PARTIAL_OWNER_OF,0000885712
0000070858,IS_PARTIAL_OWNER_OF,0001161070
0000070858,IS_PARTIAL_OWNER_OF,0001181250
0000070858,IS_PARTIAL_OWNER_OF,0001127706
0000070858,IS_PARTIAL_OWNER_OF,0000878198
0000070858,IS_PARTIAL_OWNER_OF,0001090116
0000070858,IS_PARTIAL_OWNER_OF,0000883269
0000070858,IS_PARTIAL_OWNER_OF,0001137888
0000070858,IS_PARTIAL_OWNER_OF,0001137390
0000070858,IS_PARTIAL_OWNER_OF,0000897427
0000070858,IS_PARTIAL_OWNER_OF,0001074687
0000070858,IS_PARTIAL_OWNER_OF,0001178840
0000070858,IS_PARTIAL_OWNER_OF,0000902722
0000070858,IS_PARTIAL_OWNER_OF,0001280226
0000070858,IS_PARTIAL_OWNER_OF,0000896061
0000070858,IS_PARTIAL_OWNER_OF,0000890898
0000070858,IS_PARTIAL_OWNER_OF,0000870780
0000070858,IS_PARTIAL_OWNER_OF,0000856226
0000070858,IS_PARTIAL_OWNER_OF,0001167467
0000070858,IS_PARTIAL_OWNER_OF,0001227857
0000070858,IS_PARTIAL_OWNER_OF,0001202806
0000070858,IS_PARTIAL_OWNER_OF,0001166258
0000070858,IS_PARTIAL_OWNER_OF,0000880843
0000070858,IS_PARTIAL_OWNER_OF,0001287480
0000070858,IS_PARTIAL_OWNER_OF,0001181187
0000070858,IS_PARTIAL_OWNER_OF,0000902731
0000070858,IS_PARTIAL_OWNER_OF,0000878200
0000070858,IS_PARTIAL_OWNER_OF,0001245648
0000070858,IS_PARTIAL_OWNER_OF,0001074690
0000070858,IS_PARTIAL_OWNER_OF,0001137392
0000070858,IS_PARTIAL_OWNER_OF,0001331948
0000070858,IS_PARTIAL_OWNER_OF,0001258623
0000070858,IS_PARTIAL_OWNER_OF,0001187520
0000070858,IS_PARTIAL_OWNER_OF,0001229876
0000070858,IS_PARTIAL_OWNER_OF,0001195737
0000070858,IS_PARTIAL_OWNER_OF,0001288992
0000070858,IS_PARTIAL_OWNER_OF,0000872064
0000070858,IS_PARTIAL_OWNER_OF,0001169028
0000070858,IS_PARTIAL_OWNER_OF,0001059386
0000070858,IS_PARTIAL_OWNER_OF,0000869405
0000070858,IS_PARTIAL_OWNER_OF,0001087787
0000070858,IS_PARTIAL_OWNER_OF,0000818972
0000070858,IS_PARTIAL_OWNER_OF,0001181024
0000070858,IS_PARTIAL_OWNER_OF,0001179126
0000070858,IS_PARTIAL_OWNER_OF,0001177214
0000070858,IS_PARTIAL_OWNER_OF,0001231160
0000070858,IS_PARTIAL_OWNER_OF,0001090119
0000070858,IS_PARTIAL_OWNER_OF,0000894351
0000070858,IS_PARTIAL_OWNER_OF,0001074540
0000070858,IS_PARTIAL_OWNER_OF,0000857361
0000070858,IS_PARTIAL_OWNER_OF,0001169029
0000070858,IS_PARTIAL_OWNER_OF,0001165383
0000070858,IS_PARTIAL_OWNER_OF,0001181505
0000070858,IS_PARTIAL_OWNER_OF,0001196366
0000070858,IS_PARTIAL_OWNER_OF,0001258943
0000070858,IS_PARTIAL_OWNER_OF,0001137885
0000070858,IS_PARTIAL_OWNER_OF,0001131063
0000070858,IS_PARTIAL_OWNER_OF,0001196874
0000070858,IS_PARTIAL_OWNER_OF,0000856227
0000070858,IS_PARTIAL_OWNER_OF,0000897424
0000070858,IS_PARTIAL_OWNER_OF,0001223026
0000070858,IS_PARTIAL_OWNER_OF,0000855887
0000070858,IS_PARTIAL_OWNER_OF,0000860188
0000070858,IS_PARTIAL_OWNER_OF,0000899761
0000070858,IS_PARTIAL_OWNER_OF,0000839122
0000070858,IS_PARTIAL_OWNER_OF,0000880845
0000070858,IS_PARTIAL_OWNER_OF,0001071899
0000070858,IS_PARTIAL_OWNER_OF,0001058234
0000070858,IS_PARTIAL_OWNER_OF,0000874143
0000070858,IS_PARTIAL_OWNER_OF,0001261166
0000070858,IS_PARTIAL_OWNER_OF,0001158728
0000070858,IS_PARTIAL_OWNER_OF,0000890897
0000070858,IS_PARTIAL_OWNER_OF,0000902719
0000070858,IS_PARTIAL_OWNER_OF,0001162027
0000070858,IS_PARTIAL_OWNER_OF,0000878242
0000070858,IS_PARTIAL_OWNER_OF,0000868449
0000070858,IS_PARTIAL_OWNER_OF,0001074685
0000070858,IS_PARTIAL_OWNER_OF,0001140410
0000070858,IS_PARTIAL_OWNER_OF,0000878201
0000070858,IS_PARTIAL_OWNER_OF,0000885734
0000070858,IS_PARTIAL_OWNER_OF,0000833251
0000070858,IS_PARTIAL_OWNER_OF,0001293613
0000070858,IS_PARTIAL_OWNER_OF,0001210123
0000070858,IS_PARTIAL_OWNER_OF,0001391461
0000070858,IS_PARTIAL_OWNER_OF,0000849998
0000070858,IS_PARTIAL_OWNER_OF,0000902750
0000070858,IS_PARTIAL_OWNER_OF,0001235511
0000070858,IS_PARTIAL_OWNER_OF,0000870778
0000070858,IS_PARTIAL_OWNER_OF,0001296250
0000070858,IS_PARTIAL_OWNER_OF,0000879819
0000070858,IS_PARTIAL_OWNER_OF,0001137391
0000070858,IS_PARTIAL_OWNER_OF,0000900422
0000070858,IS_PARTIAL_OWNER_OF,0000877463
0000070858,IS_PARTIAL_OWNER_OF,0000908993
0000070858,IS_PARTIAL_OWNER_OF,0001260729
0000070858,IS_PARTIAL_OWNER_OF,0000897421
0000070858,IS_PARTIAL_OWNER_OF,0001159040
0000070858,IS_PARTIAL_OWNER_OF,0000880893
0000070858,IS_PARTIAL_OWNER_OF,0001137393
0000070858,IS_PARTIAL_OWNER_OF,0001213169
0000070858,IS_PARTIAL_OWNER_OF,0000884152
0000070858,IS_PARTIAL_OWNER_OF,0001176196
0000070858,IS_PARTIAL_OWNER_OF,0001395057
0000070858,IS_PARTIAL_OWNER_OF,0001227073
0000070858,IS_PARTIAL_OWNER_OF,0001171471
0000070858,IS_PARTIAL_OWNER_OF,0001169027
0000070858,IS_PARTIAL_OWNER_OF,0000895531
0000070858,IS_PARTIAL_OWNER_OF,0000897422
0000070858,IS_PARTIAL_OWNER_OF,0001379384
0000070858,IS_PARTIAL_OWNER_OF,0001087788
0000070858,IS_PARTIAL_OWNER_OF,0001190935
0000070858,IS_PARTIAL_OWNER_OF,0001176197
0000070858,IS_PARTIAL_OWNER_OF,0001224450
0000070858,IS_PARTIAL_OWNER_OF,0001178839
0000070858,IS_PARTIAL_OWNER_OF,0000794685
0000070858,IS_PARTIAL_OWNER_OF,0001265419
0000070858,IS_PARTIAL_OWNER_OF,0001090118
0000070858,IS_PARTIAL_OWNER_OF,0001263994
0000070858,IS_PARTIAL_OWNER_OF,0001319869
0000070858,IS_PARTIAL_OWNER_OF,0000825345
0000070858,IS_PARTIAL_OWNER_OF,0000898618
0000070858,IS_PARTIAL_OWNER_OF,0001333179
0000070858,IS_PARTIAL_OWNER_OF,0000861185
0000070858,IS_PARTIAL_OWNER_OF,0000898496
0000070858,IS_PARTIAL_OWNER_OF,0000898659
0000070858,IS_PARTIAL_OWNER_OF,0000885125
0000070858,IS_PARTIAL_OWNER_OF,0000876982
0000070858,IS_PARTIAL_OWNER_OF,0000842891
0000070858,IS_PARTIAL_OWNER_OF,0000880161
0000070858,IS_PARTIAL_OWNER_OF,0000894146
0000070858,IS_PARTIAL_OWNER_OF,0000883412
0000070858,IS_PARTIAL_OWNER_OF,0001116937
0000070858,IS_PARTIAL_OWNER_OF,0001266585
0000070858,IS_PARTIAL_OWNER_OF,0001089821
0000070858,IS_PARTIAL_OWNER_OF,0000874142
0000070858,IS_PARTIAL_OWNER_OF,0001074769
0000070858,IS_PARTIAL_OWNER_OF,0000806628
0000070858,IS_PARTIAL_OWNER_OF,0001364742
0000070858,IS_PARTIAL_OWNER_OF,0000890515
0000070858,IS_PARTIAL_OWNER_OF,0000862313
0000070858,IS_PARTIAL_OWNER_OF,0000897951
0000070858,IS_PARTIAL_OWNER_OF,0001267890
0000070858,IS_PARTIAL_OWNER_OF,0001177218
0000070858,IS_PARTIAL_OWNER_OF,0001294178
0000070858,IS_PARTIAL_OWNER_OF,0001157842
0000070858,IS_PARTIAL_OWNER_OF,0000885711
0000070858,IS_PARTIAL_OWNER_OF,0000878180
0000070858,IS_PARTIAL_OWNER_OF,0000905000
0000070858,IS_PARTIAL_OWNER_OF,0001090120
0000070858,IS_PARTIAL_OWNER_OF,0001174164
0000070858,IS_PARTIAL_OWNER_OF,0001254634
0000070858,IS_PARTIAL_OWNER_OF,0001161069
0000070858,IS_PARTIAL_OWNER_OF,0000882071
0000070858,IS_PARTIAL_OWNER_OF,0000879826
0000070858,IS_PARTIAL_OWNER_OF,0001166572
0000070858,IS_PARTIAL_OWNER_OF,0000860730
0000070858,IS_PARTIAL_OWNER_OF,0001171012
0000070858,IS_PARTIAL_OWNER_OF,0001364479
0000070858,IS_PARTIAL_OWNER_OF,0000894242
0000070858,IS_PARTIAL_OWNER_OF,0000844172
0000070858,IS_PARTIAL_OWNER_OF,0001176194
0000070858,IS_PARTIAL_OWNER_OF,0000879361
0000070858,IS_PARTIAL_OWNER_OF,0001089094
0000070858,IS_PARTIAL_OWNER_OF,0001074952
0000070858,IS_PARTIAL_OWNER_OF,0001255821
0000070858,IS_PARTIAL_OWNER_OF,0000899782
0000070858,IS_PARTIAL_OWNER_OF,0000877649
0000070858,IS_PARTIAL_OWNER_OF,0000895528
0000070858,IS_PARTIAL_OWNER_OF,0000912022
0000070858,IS_PARTIAL_OWNER_OF,0000880892
0000070858,IS_PARTIAL_OWNER_OF,0000314132
0000070858,IS_PARTIAL_OWNER_OF,0001410471
0000070858,IS_PARTIAL_OWNER_OF,0001348259
0000070858,IS_PARTIAL_OWNER_OF,0001399793
0000070858,IS_PARTIAL_OWNER_OF,0001119896
0000070858,IS_PARTIAL_OWNER_OF,0001391975
0000070858,IS_PARTIAL_OWNER_OF,0001251390
0000070858,IS_PARTIAL_OWNER_OF,0001391976
0000070858,IS_PARTIAL_OWNER_OF,0001251391
0000070858,IS_PARTIAL_OWNER_OF,0001213980
0000070858,IS_PARTIAL_OWNER_OF,0001036052
0000070858,IS_PARTIAL_OWNER_OF,0001103076
0000070858,IS_PARTIAL_OWNER_OF,0001116075
0000070858,IS_PARTIAL_OWNER_OF,0001383812
0000070858,IS_PARTIAL_OWNER_OF,0001304623
0000070858,IS_PARTIAL_OWNER_OF,0001021770
0000070858,IS_PARTIAL_OWNER_OF,0000074585
0000070858,IS_PARTIAL_OWNER_OF,0000914712
0000070858,IS_PARTIAL_OWNER_OF,0001289850
0000070858,IS_PARTIAL_OWNER_OF,0001115143
0000070858,IS_PARTIAL_OWNER_OF,0001142417
0000070858,IS_PARTIAL_OWNER_OF,0001035985
0000070858,IS_PARTIAL_OWNER_OF,0001056673
0000070858,IS_PARTIAL_OWNER_OF,0000230131
0000010456,IS_PARTIAL_OWNER_OF,0001527096
0000010456,IS_PARTIAL_OWNER_OF,0001620546
0000010456,IS_PARTIAL_OWNER_OF,0000891293
0000010456,IS_PARTIAL_OWNER_OF,0001130598
0000010456,IS_PARTIAL_OWNER_OF,0001293310
0000701985,IS_PARTIAL_OWNER_OF,0001856437
0000701985,IS_PARTIAL_OWNER_OF,0001483510
0000701985,IS_PARTIAL_OWNER_OF,0000881905
0000701985,IS_PARTIAL_OWNER_OF,0001137067
0000764478,IS_PARTIAL_OWNER_OF,0001327098
0000014930,IS_PARTIAL_OWNER_OF,0001057060
0000078890,IS_PARTIAL_OWNER_OF,0001436040
0000913142,IS_PARTIAL_OWNER_OF,0000913142
0000010795,IS_PARTIAL_OWNER_OF,0001872789
0000038777,IS_PARTIAL_OWNER_OF,0001517518
0000038777,IS_PARTIAL_OWNER_OF,0002008602
0000038777,IS_PARTIAL_OWNER_OF,0001794041
0000038777,IS_PARTIAL_OWNER_OF,0001547341
0000038777,IS_PARTIAL_OWNER_OF,0000828803
0000038777,IS_PARTIAL_OWNER_OF,0001819559
0000038777,IS_PARTIAL_OWNER_OF,0001762562
0000038777,IS_PARTIAL_OWNER_OF,0000943861
0000038777,IS_PARTIAL_OWNER_OF,0001282648
0000038777,IS_PARTIAL_OWNER_OF,0001504167
0000038777,IS_PARTIAL_OWNER_OF,0001379895
0000038777,IS_PARTIAL_OWNER_OF,0000030419
0000038777,IS_PARTIAL_OWNER_OF,0000906338
0000038777,IS_PARTIAL_OWNER_OF,0000356942
0000014693,IS_PARTIAL_OWNER_OF,0001835256
0001101215,IS_PARTIAL_OWNER_OF,0001870997
0001094831,IS_PARTIAL_OWNER_OF,0001690680
0000875045,IS_PARTIAL_OWNER_OF,0001358762
0000875045,IS_PARTIAL_OWNER_OF,0001001233
0000875045,IS_PARTIAL_OWNER_OF,0001597553
0000875045,IS_PARTIAL_OWNER_OF,0001714899
0000875045,IS_PARTIAL_OWNER_OF,0001681689
0000875045,IS_PARTIAL_OWNER_OF,0001061027
0000875045,IS_PARTIAL_OWNER_OF,0000921114
0001390777,IS_PARTIAL_OWNER_OF,0001578620
0001701605,IS_PARTIAL_OWNER_OF,0001577526
0002012383,IS_PARTIAL_OWNER_OF,0001864843
0001048477,IS_PARTIAL_OWNER_OF,0001369568
0001048477,IS_PARTIAL_OWNER_OF,0000920465
0000014272,IS_PARTIAL_OWNER_OF,0001280600
0000014272,IS_PARTIAL_OWNER_OF,0001274913
0000014272,IS_PARTIAL_OWNER_OF,0001129425
0000014272,IS_PARTIAL_OWNER_OF,0001164888
0000014272,IS_PARTIAL_OWNER_OF,0001452575
0000014272,IS_PARTIAL_OWNER_OF,0000761237
0000014272,IS_PARTIAL_OWNER_OF,0001131517
0001067983,IS_PARTIAL_OWNER_OF,0000927066
0001067983,IS_PARTIAL_OWNER_OF,0001014473
0001067983,IS_PARTIAL_OWNER_OF,0000908937
0001067983,IS_PARTIAL_OWNER_OF,0001082114
0001067983,IS_PARTIAL_OWNER_OF,0000047217
0001067983,IS_PARTIAL_OWNER_OF,0000797468
0001067983,IS_PARTIAL_OWNER_OF,0001560385
0001067983,IS_PARTIAL_OWNER_OF,0000832428
0001067983,IS_PARTIAL_OWNER_OF,0001640147
0001067983,IS_PARTIAL_OWNER_OF,0000070858
0001067983,IS_PARTIAL_OWNER_OF,0000036104
0001067983,IS_PARTIAL_OWNER_OF,0001390777
0001067983,IS_PARTIAL_OWNER_OF,0000092380
0001067983,IS_PARTIAL_OWNER_OF,0001570585
0001067983,IS_PARTIAL_OWNER_OF,0000027904
0001067983,IS_PARTIAL_OWNER_OF,0001616862
0001067983,IS_PARTIAL_OWNER_OF,0000072971
0001067983,IS_PARTIAL_OWNER_OF,0001534701
0001067983,IS_PARTIAL_OWNER_OF,0001637459
0001067983,IS_PARTIAL_OWNER_OF,0000104889
0001067983,IS_PARTIAL_OWNER_OF,0000216539
0001067983,IS_PARTIAL_OWNER_OF,0000105729
0001067983,IS_PARTIAL_OWNER_OF,0001403385
0001067983,IS_PARTIAL_OWNER_OF,0001059556
0001067983,IS_PARTIAL_OWNER_OF,0000934612
0001067983,IS_PARTIAL_OWNER_OF,0000757011
0001067983,IS_PARTIAL_OWNER_OF,0000820027
0001067983,IS_PARTIAL_OWNER_OF,0000041499
0001067983,IS_PARTIAL_OWNER_OF,0000776867
0001049782,IS_PARTIAL_OWNER_OF,0001109525
0001109354,IS_PARTIAL_OWNER_OF,0001689657
0000079282,IS_PARTIAL_OWNER_OF,0000079282
0000885725,IS_PARTIAL_OWNER_OF,0001127537
0000885725,IS_PARTIAL_OWNER_OF,0001398090
0000885725,IS_PARTIAL_OWNER_OF,0001123695
0000885725,IS_PARTIAL_OWNER_OF,0001351509
0000885725,IS_PARTIAL_OWNER_OF,0001003929
0000885725,IS_PARTIAL_OWNER_OF,0000864683
0000885725,IS_PARTIAL_OWNER_OF,0000886235
0001064728,IS_PARTIAL_OWNER_OF,0001376812
0001064728,IS_PARTIAL_OWNER_OF,0001144945
0000908255,IS_PARTIAL_OWNER_OF,0001968915
0000908255,IS_PARTIAL_OWNER_OF,0001757932
0001486957,IS_PARTIAL_OWNER_OF,0001630805
0000906553,IS_PARTIAL_OWNER_OF,0001001865
0000831001,IS_PARTIAL_OWNER_OF,0001856485
0000831001,IS_PARTIAL_OWNER_OF,0001074952
0000831001,IS_PARTIAL_OWNER_OF,0000894351
0000831001,IS_PARTIAL_OWNER_OF,0001195738
0000831001,IS_PARTIAL_OWNER_OF,0001131062
0000831001,IS_PARTIAL_OWNER_OF,0001093428
0000831001,IS_PARTIAL_OWNER_OF,0001393662
0000831001,IS_PARTIAL_OWNER_OF,0001573166
0000831001,IS_PARTIAL_OWNER_OF,0001573698
0000831001,IS_PARTIAL_OWNER_OF,0001288992
0000831001,IS_PARTIAL_OWNER_OF,0001518557
0000831001,IS_PARTIAL_OWNER_OF,0000888410
0000831001,IS_PARTIAL_OWNER_OF,0000890393
0000831001,IS_PARTIAL_OWNER_OF,0000884216
0000831001,IS_PARTIAL_OWNER_OF,0000882150
0000831001,IS_PARTIAL_OWNER_OF,0000844172
0000831001,IS_PARTIAL_OWNER_OF,0000891038
0000831001,IS_PARTIAL_OWNER_OF,0000882152
0000831001,IS_PARTIAL_OWNER_OF,0000882153
0000831001,IS_PARTIAL_OWNER_OF,0000882151
0000831001,IS_PARTIAL_OWNER_OF,0000883412
0000831001,IS_PARTIAL_OWNER_OF,0000901824
0000831001,IS_PARTIAL_OWNER_OF,0000894146
0000831001,IS_PARTIAL_OWNER_OF,0000898618
0000831001,IS_PARTIAL_OWNER_OF,0000895531
0000831001,IS_PARTIAL_OWNER_OF,0000908993
0000831001,IS_PARTIAL_OWNER_OF,0001199004
0000831001,IS_PARTIAL_OWNER_OF,0001202806
0000831001,IS_PARTIAL_OWNER_OF,0001089638
0000831001,IS_PARTIAL_OWNER_OF,0001181506
0000831001,IS_PARTIAL_OWNER_OF,0001127706
0000831001,IS_PARTIAL_OWNER_OF,0000878242
0000831001,IS_PARTIAL_OWNER_OF,0001087786
0000831001,IS_PARTIAL_OWNER_OF,0001475922
0000831001,IS_PARTIAL_OWNER_OF,0001137888
0000831001,IS_PARTIAL_OWNER_OF,0001195737
0000831001,IS_PARTIAL_OWNER_OF,0000885734
0000831001,IS_PARTIAL_OWNER_OF,0000880059
0000831001,IS_PARTIAL_OWNER_OF,0001165383
0000831001,IS_PARTIAL_OWNER_OF,0000879819
0000831001,IS_PARTIAL_OWNER_OF,0001145728
0000831001,IS_PARTIAL_OWNER_OF,0000885712
0000831001,IS_PARTIAL_OWNER_OF,0001379384
0000831001,IS_PARTIAL_OWNER_OF,0001074692
0000831001,IS_PARTIAL_OWNER_OF,0000878198
0000831001,IS_PARTIAL_OWNER_OF,0001137887
0000831001,IS_PARTIAL_OWNER_OF,0001195739
0000831001,IS_PARTIAL_OWNER_OF,0001158730
0000831001,IS_PARTIAL_OWNER_OF,0001090117
0000831001,IS_PARTIAL_OWNER_OF,0001083839
0000831001,IS_PARTIAL_OWNER_OF,0001177219
0000831001,IS_PARTIAL_OWNER_OF,0001196366
0000831001,IS_PARTIAL_OWNER_OF,0001074769
0000831001,IS_PARTIAL_OWNER_OF,0000869405
0000831001,IS_PARTIAL_OWNER_OF,0001158728
0000831001,IS_PARTIAL_OWNER_OF,0000870780
0000831001,IS_PARTIAL_OWNER_OF,0001266585
0000831001,IS_PARTIAL_OWNER_OF,0000897424
0000831001,IS_PARTIAL_OWNER_OF,0000890897
0000831001,IS_PARTIAL_OWNER_OF,0000857361
0000831001,IS_PARTIAL_OWNER_OF,0001161069
0000831001,IS_PARTIAL_OWNER_OF,0001177216
0000831001,IS_PARTIAL_OWNER_OF,0000899752
0000831001,IS_PARTIAL_OWNER_OF,0000880843
0000831001,IS_PARTIAL_OWNER_OF,0000878180
0000831001,IS_PARTIAL_OWNER_OF,0001177218
0000831001,IS_PARTIAL_OWNER_OF,0001161070
0000831001,IS_PARTIAL_OWNER_OF,0001090116
0000831001,IS_PARTIAL_OWNER_OF,0001158729
0000831001,IS_PARTIAL_OWNER_OF,0001166572
0000831001,IS_PARTIAL_OWNER_OF,0001196362
0000831001,IS_PARTIAL_OWNER_OF,0001090122
0000831001,IS_PARTIAL_OWNER_OF,0001087783
0000831001,IS_PARTIAL_OWNER_OF,0001090119
0000831001,IS_PARTIAL_OWNER_OF,0001177214
0000831001,IS_PARTIAL_OWNER_OF,0001090118
0000831001,IS_PARTIAL_OWNER_OF,0001177212
0000831001,IS_PARTIAL_OWNER_OF,0000892992
0000831001,IS_PARTIAL_OWNER_OF,0000911308
0000831001,IS_PARTIAL_OWNER_OF,0000886043
0000831001,IS_PARTIAL_OWNER_OF,0001087788
0000831001,IS_PARTIAL_OWNER_OF,0000801961
0000831001,IS_PARTIAL_OWNER_OF,0001131063
0000831001,IS_PARTIAL_OWNER_OF,0001087787
0000831001,IS_PARTIAL_OWNER_OF,0001293613
0000831001,IS_PARTIAL_OWNER_OF,0000839533
0000831001,IS_PARTIAL_OWNER_OF,0000846596
0000831001,IS_PARTIAL_OWNER_OF,0001172168
0000831001,IS_PARTIAL_OWNER_OF,0001265708
0000831001,IS_PARTIAL_OWNER_OF,0001158289
0000831001,IS_PARTIAL_OWNER_OF,0001289213
0000831001,IS_PARTIAL_OWNER_OF,0001137885
0000831001,IS_PARTIAL_OWNER_OF,0001227476
0000831001,IS_PARTIAL_OWNER_OF,0001087785
0000831001,IS_PARTIAL_OWNER_OF,0001176433
0000831001,IS_PARTIAL_OWNER_OF,0001160990
0000831001,IS_PARTIAL_OWNER_OF,0001200446
0000831001,IS_PARTIAL_OWNER_OF,0001216583
0000831001,IS_PARTIAL_OWNER_OF,0000837951
0000831001,IS_PARTIAL_OWNER_OF,0001276533
0000831001,IS_PARTIAL_OWNER_OF,0001255821
0000831001,IS_PARTIAL_OWNER_OF,0001219360
0000831001,IS_PARTIAL_OWNER_OF,0001254634
0000831001,IS_PARTIAL_OWNER_OF,0001268884
0000831001,IS_PARTIAL_OWNER_OF,0000826020
0000831001,IS_PARTIAL_OWNER_OF,0001116937
0000831001,IS_PARTIAL_OWNER_OF,0000921671
0000831001,IS_PARTIAL_OWNER_OF,0000882300
0000831001,IS_PARTIAL_OWNER_OF,0001260729
0000831001,IS_PARTIAL_OWNER_OF,0000794685
0000831001,IS_PARTIAL_OWNER_OF,0000857694
0000831001,IS_PARTIAL_OWNER_OF,0001233087
0000831001,IS_PARTIAL_OWNER_OF,0001074688
0000831001,IS_PARTIAL_OWNER_OF,0000847411
0000831001,IS_PARTIAL_OWNER_OF,0000845606
0000831001,IS_PARTIAL_OWNER_OF,0001275214
0000831001,IS_PARTIAL_OWNER_OF,0000809844
0000831001,IS_PARTIAL_OWNER_OF,0001222719
0000831001,IS_PARTIAL_OWNER_OF,0001396277
0000831001,IS_PARTIAL_OWNER_OF,0001092896
0000831001,IS_PARTIAL_OWNER_OF,0000880893
0000831001,IS_PARTIAL_OWNER_OF,0001169029
0000831001,IS_PARTIAL_OWNER_OF,0000883269
0000831001,IS_PARTIAL_OWNER_OF,0001181187
0000831001,IS_PARTIAL_OWNER_OF,0001181024
0000831001,IS_PARTIAL_OWNER_OF,0001089094
0000831001,IS_PARTIAL_OWNER_OF,0000883265
0000831001,IS_PARTIAL_OWNER_OF,0000890518
0000831001,IS_PARTIAL_OWNER_OF,0001169027
0000831001,IS_PARTIAL_OWNER_OF,0001059386
0000831001,IS_PARTIAL_OWNER_OF,0001167470
0000831001,IS_PARTIAL_OWNER_OF,0001089821
0000831001,IS_PARTIAL_OWNER_OF,0001137440
0000831001,IS_PARTIAL_OWNER_OF,0001169031
0000831001,IS_PARTIAL_OWNER_OF,0001391461
0000831001,IS_PARTIAL_OWNER_OF,0001169034
0000831001,IS_PARTIAL_OWNER_OF,0001137391
0000831001,IS_PARTIAL_OWNER_OF,0001137393
0000831001,IS_PARTIAL_OWNER_OF,0001181027
0000831001,IS_PARTIAL_OWNER_OF,0001167467
0000831001,IS_PARTIAL_OWNER_OF,0001137392
0000831001,IS_PARTIAL_OWNER_OF,0001181026
0000831001,IS_PARTIAL_OWNER_OF,0001162030
0000831001,IS_PARTIAL_OWNER_OF,0001162028
0000831001,IS_PARTIAL_OWNER_OF,0001162027
0000831001,IS_PARTIAL_OWNER_OF,0001169028
0000831001,IS_PARTIAL_OWNER_OF,0001376812
0000831001,IS_PARTIAL_OWNER_OF,0000889609
0000831001,IS_PARTIAL_OWNER_OF,0001369639
0000831001,IS_PARTIAL_OWNER_OF,0001368879
0000831001,IS_PARTIAL_OWNER_OF,0000054883
0000831001,IS_PARTIAL_OWNER_OF,0001328571
0000831001,IS_PARTIAL_OWNER_OF,0000750901
0000831001,IS_PARTIAL_OWNER_OF,0000881791
0000831001,IS_PARTIAL_OWNER_OF,0001141719
0000831001,IS_PARTIAL_OWNER_OF,0001059926
0000831001,IS_PARTIAL_OWNER_OF,0001299393
0000831001,IS_PARTIAL_OWNER_OF,0001068963
0000831001,IS_PARTIAL_OWNER_OF,0001130385
0000831001,IS_PARTIAL_OWNER_OF,0000918999
0000831001,IS_PARTIAL_OWNER_OF,0001283721
0000831001,IS_PARTIAL_OWNER_OF,0000899751
0000831001,IS_PARTIAL_OWNER_OF,0001270131
0000831001,IS_PARTIAL_OWNER_OF,0001045280
0000831001,IS_PARTIAL_OWNER_OF,0001046995
0000831001,IS_PARTIAL_OWNER_OF,0001227862
0000831001,IS_PARTIAL_OWNER_OF,0001111721
0000831001,IS_PARTIAL_OWNER_OF,0001093779
0000831001,IS_PARTIAL_OWNER_OF,0001161963
0000831001,IS_PARTIAL_OWNER_OF,0000061138
0000831001,IS_PARTIAL_OWNER_OF,0000919482
0000831001,IS_PARTIAL_OWNER_OF,0001158846
0000831001,IS_PARTIAL_OWNER_OF,0000887730
0000831001,IS_PARTIAL_OWNER_OF,0001228509
0000831001,IS_PARTIAL_OWNER_OF,0001036960
0000831001,IS_PARTIAL_OWNER_OF,0001096325
0000831001,IS_PARTIAL_OWNER_OF,0000314132
0000831001,IS_PARTIAL_OWNER_OF,0000893955
0000016058,IS_PARTIAL_OWNER_OF,0000313353
0000023217,IS_PARTIAL_OWNER_OF,0001679273
0000023217,IS_PARTIAL_OWNER_OF,0000802481
0000721371,IS_PARTIAL_OWNER_OF,0001457543
0000721371,IS_PARTIAL_OWNER_OF,0001123361
0001406666,IS_PARTIAL_OWNER_OF,0001406666
0000723612,IS_PARTIAL_OWNER_OF,0000049615
0000723612,IS_PARTIAL_OWNER_OF,0001361658
0000723612,IS_PARTIAL_OWNER_OF,0001355001
0000723612,IS_PARTIAL_OWNER_OF,0000077776
0000723612,IS_PARTIAL_OWNER_OF,0001085770
0000018230,IS_PARTIAL_OWNER_OF,0000926763
0000861842,IS_PARTIAL_OWNER_OF,0001001171
0000896159,IS_PARTIAL_OWNER_OF,0001273813
0001138118,IS_PARTIAL_OWNER_OF,0001828723
0001051470,IS_PARTIAL_OWNER_OF,0001010286
0000813672,IS_PARTIAL_OWNER_OF,0001121936
0000860546,IS_PARTIAL_OWNER_OF,0001487101
0001402057,IS_PARTIAL_OWNER_OF,0000899171
0001324404,IS_PARTIAL_OWNER_OF,0000879575
0000039263,IS_PARTIAL_OWNER_OF,0000745344
0001527166,IS_PARTIAL_OWNER_OF,0002025410
0001527166,IS_PARTIAL_OWNER_OF,0001838987
0001527166,IS_PARTIAL_OWNER_OF,0001517767
0001527166,IS_PARTIAL_OWNER_OF,0001049502
0001527166,IS_PARTIAL_OWNER_OF,0001831828
0001527166,IS_PARTIAL_OWNER_OF,0001484565
0001527166,IS_PARTIAL_OWNER_OF,0001788028
0001527166,IS_PARTIAL_OWNER_OF,0001828522
0001527166,IS_PARTIAL_OWNER_OF,0001906324
0001527166,IS_PARTIAL_OWNER_OF,0001828443
0001527166,IS_PARTIAL_OWNER_OF,0001794515
0001527166,IS_PARTIAL_OWNER_OF,0001793294
0001527166,IS_PARTIAL_OWNER_OF,0001404123
0001527166,IS_PARTIAL_OWNER_OF,0001752474
0001527166,IS_PARTIAL_OWNER_OF,0000895126
0001527166,IS_PARTIAL_OWNER_OF,0001332639
0001527166,IS_PARTIAL_OWNER_OF,0000764811
0001527166,IS_PARTIAL_OWNER_OF,0001490892
0001527166,IS_PARTIAL_OWNER_OF,0001517228
0001527166,IS_PARTIAL_OWNER_OF,0001392522
0001527166,IS_PARTIAL_OWNER_OF,0001648428
0001527166,IS_PARTIAL_OWNER_OF,0000791770
0001527166,IS_PARTIAL_OWNER_OF,0001645926
0001527166,IS_PARTIAL_OWNER_OF,0000921503
0001527166,IS_PARTIAL_OWNER_OF,0001616862
0001527166,IS_PARTIAL_OWNER_OF,0001561528
0001527166,IS_PARTIAL_OWNER_OF,0001573097
0001527166,IS_PARTIAL_OWNER_OF,0001378718
0001527166,IS_PARTIAL_OWNER_OF,0001544206
0001527166,IS_PARTIAL_OWNER_OF,0001012620
0001527166,IS_PARTIAL_OWNER_OF,0001166389
0001527166,IS_PARTIAL_OWNER_OF,0000721693
0001527166,IS_PARTIAL_OWNER_OF,0000701347
0001527166,IS_PARTIAL_OWNER_OF,0001483830
0001527166,IS_PARTIAL_OWNER_OF,0001411207
0001527166,IS_PARTIAL_OWNER_OF,0001443646
0001527166,IS_PARTIAL_OWNER_OF,0001492633
0001527166,IS_PARTIAL_OWNER_OF,0001357204
0001527166,IS_PARTIAL_OWNER_OF,0001402436
0001527166,IS_PARTIAL_OWNER_OF,0001143155
0001527166,IS_PARTIAL_OWNER_OF,0001364479
0001527166,IS_PARTIAL_OWNER_OF,0001504008
0001527166,IS_PARTIAL_OWNER_OF,0001471261
0001527166,IS_PARTIAL_OWNER_OF,0000716006
0001527166,IS_PARTIAL_OWNER_OF,0001520048
0000851205,IS_PARTIAL_OWNER_OF,0000851205
0000020212,IS_PARTIAL_OWNER_OF,0000020212
0001486159,IS_PARTIAL_OWNER_OF,0001136352
0001486159,IS_PARTIAL_OWNER_OF,0001652133
0001091667,IS_PARTIAL_OWNER_OF,0001158172
0000936395,IS_PARTIAL_OWNER_OF,0001391636
0000020286,IS_PARTIAL_OWNER_OF,0001235007
0000020286,IS_PARTIAL_OWNER_OF,0000035527
0001166691,IS_PARTIAL_OWNER_OF,0001828972
0001166691,IS_PARTIAL_OWNER_OF,0001484769
0001166691,IS_PARTIAL_OWNER_OF,0001639825
0001166691,IS_PARTIAL_OWNER_OF,0000870826
0001166691,IS_PARTIAL_OWNER_OF,0001442505
0001166691,IS_PARTIAL_OWNER_OF,0001285551
0001166691,IS_PARTIAL_OWNER_OF,0001085776
0001166691,IS_PARTIAL_OWNER_OF,0001053112
0001166691,IS_PARTIAL_OWNER_OF,0001062292
0001166691,IS_PARTIAL_OWNER_OF,0000828750
0001156375,IS_PARTIAL_OWNER_OF,0001292426
0000026172,IS_PARTIAL_OWNER_OF,0001921963
0000811156,IS_PARTIAL_OWNER_OF,0000811156
0001385280,IS_PARTIAL_OWNER_OF,0001377630
0001130310,IS_PARTIAL_OWNER_OF,0001591763
0001130310,IS_PARTIAL_OWNER_OF,0001188303
0001710366,IS_PARTIAL_OWNER_OF,0001637558
0001284812,IS_PARTIAL_OWNER_OF,0001302868
0001070412,IS_PARTIAL_OWNER_OF,0001710366
0001070412,IS_PARTIAL_OWNER_OF,0001610418
0001070412,IS_PARTIAL_OWNER_OF,0001637558
0001070412,IS_PARTIAL_OWNER_OF,0001335793
0001050377,IS_PARTIAL_OWNER_OF,0001050377
0000820318,IS_PARTIAL_OWNER_OF,0000820318
0000711404,IS_PARTIAL_OWNER_OF,0000711404
0001163165,IS_PARTIAL_OWNER_OF,0001865187
0001163165,IS_PARTIAL_OWNER_OF,0001534701
0001024305,IS_PARTIAL_OWNER_OF,0000843494
0000016732,IS_PARTIAL_OWNER_OF,0000057528
0000023194,IS_PARTIAL_OWNER_OF,0000904080
0000023194,IS_PARTIAL_OWNER_OF,0001304069
0001108524,IS_PARTIAL_OWNER_OF,0001566895
0001108524,IS_PARTIAL_OWNER_OF,0001585521
0001108524,IS_PARTIAL_OWNER_OF,0001420850
0000772406,IS_PARTIAL_OWNER_OF,0000772406
0000858877,IS_PARTIAL_OWNER_OF,0001316016
0000858877,IS_PARTIAL_OWNER_OF,0001374684
0000858877,IS_PARTIAL_OWNER_OF,0001361470
0000858877,IS_PARTIAL_OWNER_OF,0001259515
0000858877,IS_PARTIAL_OWNER_OF,0001129260
0000858877,IS_PARTIAL_OWNER_OF,0001391672
0000858877,IS_PARTIAL_OWNER_OF,0001205727
0000858877,IS_PARTIAL_OWNER_OF,0001137399
0000858877,IS_PARTIAL_OWNER_OF,0001158324
0001057352,IS_PARTIAL_OWNER_OF,0001353209
0001596783,IS_PARTIAL_OWNER_OF,0000821995
0001058290,IS_PARTIAL_OWNER_OF,0001058290
0000025232,IS_PARTIAL_OWNER_OF,0001677761
0001376139,IS_PARTIAL_OWNER_OF,0001694426
0001376139,IS_PARTIAL_OWNER_OF,0001425292
0000093410,IS_PARTIAL_OWNER_OF,0001647513
0000093410,IS_PARTIAL_OWNER_OF,0000879215
0000093410,IS_PARTIAL_OWNER_OF,0001379895
0000026324,IS_PARTIAL_OWNER_OF,0000854860
0000025445,IS_PARTIAL_OWNER_OF,0001944013
0000025445,IS_PARTIAL_OWNER_OF,0000706864
0000715957,IS_PARTIAL_OWNER_OF,0001603286
0000027904,IS_PARTIAL_OWNER_OF,0001819516
0000027904,IS_PARTIAL_OWNER_OF,0001856314
0000027904,IS_PARTIAL_OWNER_OF,0000027904
0000027904,IS_PARTIAL_OWNER_OF,0001159154
0000027904,IS_PARTIAL_OWNER_OF,0001173495
0000315189,IS_PARTIAL_OWNER_OF,0001650729
0000315189,IS_PARTIAL_OWNER_OF,0000854398
0001022079,IS_PARTIAL_OWNER_OF,0001428156
0001022079,IS_PARTIAL_OWNER_OF,0000926617
0000313616,IS_PARTIAL_OWNER_OF,0001967680
0000313616,IS_PARTIAL_OWNER_OF,0001850079
0000313616,IS_PARTIAL_OWNER_OF,0001757073
0000313616,IS_PARTIAL_OWNER_OF,0001659166
0000313616,IS_PARTIAL_OWNER_OF,0000054991
0000313616,IS_PARTIAL_OWNER_OF,0001097149
0000313616,IS_PARTIAL_OWNER_OF,0000096879
0001915657,IS_PARTIAL_OWNER_OF,0001283140
0001744489,IS_PARTIAL_OWNER_OF,0001484769
0001089063,IS_PARTIAL_OWNER_OF,0001327098
0001089063,IS_PARTIAL_OWNER_OF,0001137067
0001261333,IS_PARTIAL_OWNER_OF,0001261333
0000868780,IS_PARTIAL_OWNER_OF,0000868780
0000029905,IS_PARTIAL_OWNER_OF,0001723089
0000029905,IS_PARTIAL_OWNER_OF,0001587523
0000029905,IS_PARTIAL_OWNER_OF,0000029905
0001751788,IS_PARTIAL_OWNER_OF,0001592016
0001298946,IS_PARTIAL_OWNER_OF,0001298946
0000940944,IS_PARTIAL_OWNER_OF,0001650132
0000940944,IS_PARTIAL_OWNER_OF,0000940944
0000936340,IS_PARTIAL_OWNER_OF,0001842022
0000936340,IS_PARTIAL_OWNER_OF,0001093691
0001326160,IS_PARTIAL_OWNER_OF,0001373835
0000927066,IS_PARTIAL_OWNER_OF,0001527096
0001090012,IS_PARTIAL_OWNER_OF,0001592000
0001090012,IS_PARTIAL_OWNER_OF,0001179060
0001688568,IS_PARTIAL_OWNER_OF,0001724670
0001065088,IS_PARTIAL_OWNER_OF,0001099590
0001065088,IS_PARTIAL_OWNER_OF,0001633917
0001065088,IS_PARTIAL_OWNER_OF,0001088022
0000031462,IS_PARTIAL_OWNER_OF,0000708484
0000033185,IS_PARTIAL_OWNER_OF,0001095277
0000785161,IS_PARTIAL_OWNER_OF,0001803737
0001156039,IS_PARTIAL_OWNER_OF,0001580185
0000915389,IS_PARTIAL_OWNER_OF,0001113099
0000032604,IS_PARTIAL_OWNER_OF,0001897982
0000032604,IS_PARTIAL_OWNER_OF,0001049502
0001420800,IS_PARTIAL_OWNER_OF,0001877322
0001420800,IS_PARTIAL_OWNER_OF,0001091883
0001125376,IS_PARTIAL_OWNER_OF,0001766400
0001125376,IS_PARTIAL_OWNER_OF,0001590717
0001101302,IS_PARTIAL_OWNER_OF,0001101302
0001101302,IS_PARTIAL_OWNER_OF,0001095099
0001096752,IS_PARTIAL_OWNER_OF,0001632790
0001096752,IS_PARTIAL_OWNER_OF,0000842699
0001045450,IS_PARTIAL_OWNER_OF,0001045450
0001333986,IS_PARTIAL_OWNER_OF,0001109448
0001333986,IS_PARTIAL_OWNER_OF,0000825313
0001333986,IS_PARTIAL_OWNER_OF,0001275214
0000033213,IS_PARTIAL_OWNER_OF,0001747009
0000033213,IS_PARTIAL_OWNER_OF,0001620928
0000033213,IS_PARTIAL_OWNER_OF,0001632933
0000033213,IS_PARTIAL_OWNER_OF,0001540947
0000033213,IS_PARTIAL_OWNER_OF,0000889005
0001099800,IS_PARTIAL_OWNER_OF,0000764579
0001297989,IS_PARTIAL_OWNER_OF,0001297989
0001324424,IS_PARTIAL_OWNER_OF,0001820872
0001324424,IS_PARTIAL_OWNER_OF,0001526520
0001289490,IS_PARTIAL_OWNER_OF,0001585389
0000037996,IS_PARTIAL_OWNER_OF,0001874178
0000037996,IS_PARTIAL_OWNER_OF,0001574135
0000037996,IS_PARTIAL_OWNER_OF,0001075056
0001472787,IS_PARTIAL_OWNER_OF,0001825024
0001472787,IS_PARTIAL_OWNER_OF,0000036047
0001539838,IS_PARTIAL_OWNER_OF,0001841425
0001539838,IS_PARTIAL_OWNER_OF,0001748773
0001539838,IS_PARTIAL_OWNER_OF,0001602065
0001519751,IS_PARTIAL_OWNER_OF,0001941365
0000840489,IS_PARTIAL_OWNER_OF,0001529864
0000831259,IS_PARTIAL_OWNER_OF,0000101594
0000831259,IS_PARTIAL_OWNER_OF,0001565146
0000831259,IS_PARTIAL_OWNER_OF,0000064279
0000708955,IS_PARTIAL_OWNER_OF,0000708955
0001136893,IS_PARTIAL_OWNER_OF,0001429775
0001136893,IS_PARTIAL_OWNER_OF,0001028461
0000035527,IS_PARTIAL_OWNER_OF,0001533932
0000866374,IS_PARTIAL_OWNER_OF,0001852131
0001124198,IS_PARTIAL_OWNER_OF,0001822966
0000037785,IS_PARTIAL_OWNER_OF,0001742924
0000037785,IS_PARTIAL_OWNER_OF,0000037785
0000037808,IS_PARTIAL_OWNER_OF,0000713975
0000037808,IS_PARTIAL_OWNER_OF,0001267969
0001331875,IS_PARTIAL_OWNER_OF,0001934850
0001331875,IS_PARTIAL_OWNER_OF,0001830188
0001331875,IS_PARTIAL_OWNER_OF,0001704720
0001331875,IS_PARTIAL_OWNER_OF,0001415301
0001331875,IS_PARTIAL_OWNER_OF,0001627014
0001331875,IS_PARTIAL_OWNER_OF,0001046859
0001331875,IS_PARTIAL_OWNER_OF,0000103884
0001331875,IS_PARTIAL_OWNER_OF,0000864233
0001331875,IS_PARTIAL_OWNER_OF,0000748592
0001659166,IS_PARTIAL_OWNER_OF,0002041385
0001659166,IS_PARTIAL_OWNER_OF,0001786842
0000039368,IS_PARTIAL_OWNER_OF,0000867347
0000020520,IS_PARTIAL_OWNER_OF,0000889949
0000020520,IS_PARTIAL_OWNER_OF,0001011737
0000040533,IS_PARTIAL_OWNER_OF,0001646383
0000040533,IS_PARTIAL_OWNER_OF,0001032863
0001071255,IS_PARTIAL_OWNER_OF,0001283843
0000040545,IS_PARTIAL_OWNER_OF,0001969180
0000040545,IS_PARTIAL_OWNER_OF,0001996810
0000040545,IS_PARTIAL_OWNER_OF,0001966776
0000040545,IS_PARTIAL_OWNER_OF,0001932393
0000040545,IS_PARTIAL_OWNER_OF,0000943452
0000040545,IS_PARTIAL_OWNER_OF,0001754668
0000040545,IS_PARTIAL_OWNER_OF,0001227636
0000040545,IS_PARTIAL_OWNER_OF,0001574135
0000040545,IS_PARTIAL_OWNER_OF,0001701605
0000040545,IS_PARTIAL_OWNER_OF,0001455684
0000040545,IS_PARTIAL_OWNER_OF,0001077183
0000040545,IS_PARTIAL_OWNER_OF,0001601712
0000040545,IS_PARTIAL_OWNER_OF,0001499832
0000040545,IS_PARTIAL_OWNER_OF,0001167178
0000040545,IS_PARTIAL_OWNER_OF,0001398659
0000040545,IS_PARTIAL_OWNER_OF,0001338613
0000040545,IS_PARTIAL_OWNER_OF,0001175108
0000040545,IS_PARTIAL_OWNER_OF,0001124804
0000040545,IS_PARTIAL_OWNER_OF,0001074767
0000040545,IS_PARTIAL_OWNER_OF,0001001185
0000040545,IS_PARTIAL_OWNER_OF,0000082811
0000040545,IS_PARTIAL_OWNER_OF,0000052466
0000040545,IS_PARTIAL_OWNER_OF,0001018152
0000040545,IS_PARTIAL_OWNER_OF,0001276520
0000040545,IS_PARTIAL_OWNER_OF,0000870826
0000040545,IS_PARTIAL_OWNER_OF,0001271193
0000040545,IS_PARTIAL_OWNER_OF,0000014280
0000040545,IS_PARTIAL_OWNER_OF,0001086774
0000040545,IS_PARTIAL_OWNER_OF,0000718909
0000040545,IS_PARTIAL_OWNER_OF,0000910606
0000040545,IS_PARTIAL_OWNER_OF,0001119307
0000040545,IS_PARTIAL_OWNER_OF,0001103345
0000040545,IS_PARTIAL_OWNER_OF,0001002125
0000040545,IS_PARTIAL_OWNER_OF,0001083753
0000040545,IS_PARTIAL_OWNER_OF,0000844985
0000040545,IS_PARTIAL_OWNER_OF,0000899849
0000849399,IS_PARTIAL_OWNER_OF,0001061646
0000042888,IS_PARTIAL_OWNER_OF,0000928420
0000104889,IS_PARTIAL_OWNER_OF,0001289863
0000104889,IS_PARTIAL_OWNER_OF,0001632127
0000882095,IS_PARTIAL_OWNER_OF,0001724521
0000882095,IS_PARTIAL_OWNER_OF,0001509745
0000882095,IS_PARTIAL_OWNER_OF,0001840233
0000882095,IS_PARTIAL_OWNER_OF,0001994702
0000882095,IS_PARTIAL_OWNER_OF,0001786205
0000882095,IS_PARTIAL_OWNER_OF,0001426800
0000882095,IS_PARTIAL_OWNER_OF,0001754068
0000882095,IS_PARTIAL_OWNER_OF,0001760542
0000882095,IS_PARTIAL_OWNER_OF,0001640455
0000882095,IS_PARTIAL_OWNER_OF,0001070336
0000024741,IS_PARTIAL_OWNER_OF,0001056794
0001467858,IS_PARTIAL_OWNER_OF,0001819142
0001467858,IS_PARTIAL_OWNER_OF,0001864448
0001467858,IS_PARTIAL_OWNER_OF,0000804269
0001326380,IS_PARTIAL_OWNER_OF,0001096199
0000355811,IS_PARTIAL_OWNER_OF,0000807707
0001652044,IS_PARTIAL_OWNER_OF,0001544522
0001652044,IS_PARTIAL_OWNER_OF,0001894562
0001652044,IS_PARTIAL_OWNER_OF,0001539850
0001652044,IS_PARTIAL_OWNER_OF,0001840574
0001652044,IS_PARTIAL_OWNER_OF,0001836833
0001652044,IS_PARTIAL_OWNER_OF,0001562088
0001652044,IS_PARTIAL_OWNER_OF,0001653482
0001652044,IS_PARTIAL_OWNER_OF,0001824920
0001652044,IS_PARTIAL_OWNER_OF,0001568651
0001652044,IS_PARTIAL_OWNER_OF,0001535527
0001652044,IS_PARTIAL_OWNER_OF,0001690585
0001652044,IS_PARTIAL_OWNER_OF,0001724521
0001652044,IS_PARTIAL_OWNER_OF,0001693664
0001652044,IS_PARTIAL_OWNER_OF,0001501697
0001652044,IS_PARTIAL_OWNER_OF,0001701108
0001652044,IS_PARTIAL_OWNER_OF,0001412270
0000886982,IS_PARTIAL_OWNER_OF,0001809987
0000886982,IS_PARTIAL_OWNER_OF,0001645070
0000886982,IS_PARTIAL_OWNER_OF,0001029125
0000886982,IS_PARTIAL_OWNER_OF,0000811240
0000886982,IS_PARTIAL_OWNER_OF,0001835856
0000886982,IS_PARTIAL_OWNER_OF,0001850051
0000886982,IS_PARTIAL_OWNER_OF,0001883962
0000886982,IS_PARTIAL_OWNER_OF,0001941365
0000886982,IS_PARTIAL_OWNER_OF,0001849475
0000886982,IS_PARTIAL_OWNER_OF,0001662574
0000886982,IS_PARTIAL_OWNER_OF,0001682149
0000886982,IS_PARTIAL_OWNER_OF,0001833498
0000886982,IS_PARTIAL_OWNER_OF,0001866816
0000886982,IS_PARTIAL_OWNER_OF,0001638287
0000886982,IS_PARTIAL_OWNER_OF,0001819496
0000886982,IS_PARTIAL_OWNER_OF,0001823086
0000886982,IS_PARTIAL_OWNER_OF,0001907982
0000886982,IS_PARTIAL_OWNER_OF,0001867072
0000886982,IS_PARTIAL_OWNER_OF,0001653909
0000886982,IS_PARTIAL_OWNER_OF,0000876883
0000886982,IS_PARTIAL_OWNER_OF,0001432133
0000886982,IS_PARTIAL_OWNER_OF,0001846510
0000886982,IS_PARTIAL_OWNER_OF,0001580560
0000886982,IS_PARTIAL_OWNER_OF,0001697851
0000886982,IS_PARTIAL_OWNER_OF,0001759655
0000886982,IS_PARTIAL_OWNER_OF,0001664998
0000886982,IS_PARTIAL_OWNER_OF,0001110611
0000886982,IS_PARTIAL_OWNER_OF,0001772921
0000886982,IS_PARTIAL_OWNER_OF,0001041859
0000886982,IS_PARTIAL_OWNER_OF,0001000229
0000886982,IS_PARTIAL_OWNER_OF,0001280263
0000886982,IS_PARTIAL_OWNER_OF,0000318996
0000886982,IS_PARTIAL_OWNER_OF,0000886163
0000886982,IS_PARTIAL_OWNER_OF,0001517375
0000886982,IS_PARTIAL_OWNER_OF,0001655020
0000886982,IS_PARTIAL_OWNER_OF,0000886982
0000886982,IS_PARTIAL_OWNER_OF,0000879682
0000886982,IS_PARTIAL_OWNER_OF,0000314808
0000886982,IS_PARTIAL_OWNER_OF,0001634038
0000886982,IS_PARTIAL_OWNER_OF,0001722482
0000886982,IS_PARTIAL_OWNER_OF,0001592000
0000886982,IS_PARTIAL_OWNER_OF,0001455863
0000886982,IS_PARTIAL_OWNER_OF,0001071255
0000886982,IS_PARTIAL_OWNER_OF,0001179060
0000886982,IS_PARTIAL_OWNER_OF,0001617977
0000886982,IS_PARTIAL_OWNER_OF,0001552033
0000886982,IS_PARTIAL_OWNER_OF,0001572694
0000886982,IS_PARTIAL_OWNER_OF,0001402366
0000886982,IS_PARTIAL_OWNER_OF,0001136869
0000886982,IS_PARTIAL_OWNER_OF,0001620459
0000886982,IS_PARTIAL_OWNER_OF,0001237746
0000886982,IS_PARTIAL_OWNER_OF,0001496268
0000886982,IS_PARTIAL_OWNER_OF,0001492674
0000886982,IS_PARTIAL_OWNER_OF,0001393726
0000886982,IS_PARTIAL_OWNER_OF,0001576169
0000886982,IS_PARTIAL_OWNER_OF,0001314223
0000886982,IS_PARTIAL_OWNER_OF,0001584509
0000886982,IS_PARTIAL_OWNER_OF,0001448893
0000886982,IS_PARTIAL_OWNER_OF,0001578086
0000886982,IS_PARTIAL_OWNER_OF,0000814549
0000886982,IS_PARTIAL_OWNER_OF,0001439095
0000886982,IS_PARTIAL_OWNER_OF,0001383871
0000886982,IS_PARTIAL_OWNER_OF,0001237831
0000886982,IS_PARTIAL_OWNER_OF,0001292900
0000886982,IS_PARTIAL_OWNER_OF,0001326801
0000886982,IS_PARTIAL_OWNER_OF,0001273931
0000886982,IS_PARTIAL_OWNER_OF,0001506307
0000886982,IS_PARTIAL_OWNER_OF,0001096738
0000886982,IS_PARTIAL_OWNER_OF,0001142750
0000886982,IS_PARTIAL_OWNER_OF,0001487990
0000886982,IS_PARTIAL_OWNER_OF,0000880059
0000886982,IS_PARTIAL_OWNER_OF,0001111335
0000886982,IS_PARTIAL_OWNER_OF,0000847431
0000886982,IS_PARTIAL_OWNER_OF,0001471261
0000886982,IS_PARTIAL_OWNER_OF,0001395942
0000886982,IS_PARTIAL_OWNER_OF,0000029534
0000886982,IS_PARTIAL_OWNER_OF,0001468174
0000886982,IS_PARTIAL_OWNER_OF,0001065049
0000886982,IS_PARTIAL_OWNER_OF,0000810332
0000886982,IS_PARTIAL_OWNER_OF,0000891504
0000886982,IS_PARTIAL_OWNER_OF,0000050725
0000886982,IS_PARTIAL_OWNER_OF,0000700923
0000886982,IS_PARTIAL_OWNER_OF,0000056868
0000886982,IS_PARTIAL_OWNER_OF,0001376139
0000886982,IS_PARTIAL_OWNER_OF,0001125845
0000886982,IS_PARTIAL_OWNER_OF,0000074783
0000886982,IS_PARTIAL_OWNER_OF,0001025953
0000886982,IS_PARTIAL_OWNER_OF,0001348259
0000886982,IS_PARTIAL_OWNER_OF,0001385544
0000886982,IS_PARTIAL_OWNER_OF,0001391127
0000886982,IS_PARTIAL_OWNER_OF,0001072342
0000886982,IS_PARTIAL_OWNER_OF,0001325460
0000886982,IS_PARTIAL_OWNER_OF,0000918946
0000886982,IS_PARTIAL_OWNER_OF,0001133494
0000886982,IS_PARTIAL_OWNER_OF,0001133324
0000886982,IS_PARTIAL_OWNER_OF,0000054502
0000886982,IS_PARTIAL_OWNER_OF,0001174746
0000886982,IS_PARTIAL_OWNER_OF,0001352801
0000886982,IS_PARTIAL_OWNER_OF,0001144528
0000886982,IS_PARTIAL_OWNER_OF,0000912908
0000886982,IS_PARTIAL_OWNER_OF,0000773660
0000886982,IS_PARTIAL_OWNER_OF,0001104730
0000886982,IS_PARTIAL_OWNER_OF,0001044490
0000886982,IS_PARTIAL_OWNER_OF,0001112748
0000886982,IS_PARTIAL_OWNER_OF,0001239111
0000886982,IS_PARTIAL_OWNER_OF,0001318274
0000886982,IS_PARTIAL_OWNER_OF,0001311370
0000886982,IS_PARTIAL_OWNER_OF,0000216039
0000886982,IS_PARTIAL_OWNER_OF,0001295230
0000886982,IS_PARTIAL_OWNER_OF,0001271625
0000886982,IS_PARTIAL_OWNER_OF,0001172139
0000886982,IS_PARTIAL_OWNER_OF,0001298341
0000886982,IS_PARTIAL_OWNER_OF,0001107389
0000886982,IS_PARTIAL_OWNER_OF,0001057436
0000886982,IS_PARTIAL_OWNER_OF,0000030419
0000886982,IS_PARTIAL_OWNER_OF,0000717605
0000886982,IS_PARTIAL_OWNER_OF,0001037038
0000886982,IS_PARTIAL_OWNER_OF,0000799088
0000886982,IS_PARTIAL_OWNER_OF,0001141299
0000886982,IS_PARTIAL_OWNER_OF,0001087955
0000886982,IS_PARTIAL_OWNER_OF,0001013243
0000886982,IS_PARTIAL_OWNER_OF,0000930548
0000886982,IS_PARTIAL_OWNER_OF,0000874265
0000886982,IS_PARTIAL_OWNER_OF,0000107832
0000886982,IS_PARTIAL_OWNER_OF,0000795665
0000886982,IS_PARTIAL_OWNER_OF,0001101239
0000886982,IS_PARTIAL_OWNER_OF,0000924174
0000886982,IS_PARTIAL_OWNER_OF,0000820608
0001468174,IS_PARTIAL_OWNER_OF,0001692412
0000313143,IS_PARTIAL_OWNER_OF,0001009463
0000045012,IS_PARTIAL_OWNER_OF,0001357615
0000354950,IS_PARTIAL_OWNER_OF,0001573097
0000916789,IS_PARTIAL_OWNER_OF,0001100779
0000004447,IS_PARTIAL_OWNER_OF,0001789832
0000004447,IS_PARTIAL_OWNER_OF,0001619739
0001585689,IS_PARTIAL_OWNER_OF,0001617406
0001585689,IS_PARTIAL_OWNER_OF,0001674168
0000866829,IS_PARTIAL_OWNER_OF,0001364100
0000793952,IS_PARTIAL_OWNER_OF,0001898795
0000859737,IS_PARTIAL_OWNER_OF,0000750901
0000773840,IS_PARTIAL_OWNER_OF,0001819438
0000773840,IS_PARTIAL_OWNER_OF,0001735707
0000773840,IS_PARTIAL_OWNER_OF,0001740332
0000773840,IS_PARTIAL_OWNER_OF,0001673985
0000773840,IS_PARTIAL_OWNER_OF,0000922932
0000046765,IS_PARTIAL_OWNER_OF,0000008411
0001645590,IS_PARTIAL_OWNER_OF,0001704254
0001645590,IS_PARTIAL_OWNER_OF,0001688568
0000047217,IS_PARTIAL_OWNER_OF,0001645590
0000047217,IS_PARTIAL_OWNER_OF,0001084750
0000047217,IS_PARTIAL_OWNER_OF,0000867058
0000047217,IS_PARTIAL_OWNER_OF,0001095266
0000047217,IS_PARTIAL_OWNER_OF,0000888358
0001000228,IS_PARTIAL_OWNER_OF,0001752836
0000047111,IS_PARTIAL_OWNER_OF,0001640313
0001265131,IS_PARTIAL_OWNER_OF,0000878520
0000004281,IS_PARTIAL_OWNER_OF,0001790982
0000004281,IS_PARTIAL_OWNER_OF,0001675149
0001800227,IS_PARTIAL_OWNER_OF,0001837686
0001800227,IS_PARTIAL_OWNER_OF,0000789570
0001800227,IS_PARTIAL_OWNER_OF,0001705110
0000917520,IS_PARTIAL_OWNER_OF,0001637761
0000051143,IS_PARTIAL_OWNER_OF,0001867072
0001571949,IS_PARTIAL_OWNER_OF,0001820302
0000832101,IS_PARTIAL_OWNER_OF,0000723889
0001110803,IS_PARTIAL_OWNER_OF,0001699031
0001110803,IS_PARTIAL_OWNER_OF,0000913275
0000879169,IS_PARTIAL_OWNER_OF,0001651311
0000879169,IS_PARTIAL_OWNER_OF,0001098972
0001046257,IS_PARTIAL_OWNER_OF,0001046257
0000050863,IS_PARTIAL_OWNER_OF,0001910139
0000050863,IS_PARTIAL_OWNER_OF,0001463972
0000050863,IS_PARTIAL_OWNER_OF,0001783317
0000050863,IS_PARTIAL_OWNER_OF,0001650575
0000050863,IS_PARTIAL_OWNER_OF,0001535379
0000050863,IS_PARTIAL_OWNER_OF,0001408278
0000050863,IS_PARTIAL_OWNER_OF,0000833829
0000050863,IS_PARTIAL_OWNER_OF,0001442505
0000050863,IS_PARTIAL_OWNER_OF,0001124610
0000050863,IS_PARTIAL_OWNER_OF,0001285551
0001080014,IS_PARTIAL_OWNER_OF,0001724344
0001080014,IS_PARTIAL_OWNER_OF,0000921114
0001080014,IS_PARTIAL_OWNER_OF,0001583107
0000051434,IS_PARTIAL_OWNER_OF,0000051434
0000051434,IS_PARTIAL_OWNER_OF,0001856485
0000051434,IS_PARTIAL_OWNER_OF,0001599489
0000051644,IS_PARTIAL_OWNER_OF,0001024787
0001478242,IS_PARTIAL_OWNER_OF,0001595262
0001114483,IS_PARTIAL_OWNER_OF,0001648893
0000216228,IS_PARTIAL_OWNER_OF,0001524471
0000216228,IS_PARTIAL_OWNER_OF,0001524472
0000914208,IS_PARTIAL_OWNER_OF,0001976927
0000914208,IS_PARTIAL_OWNER_OF,0001756761
0000914208,IS_PARTIAL_OWNER_OF,0001618835
0000914208,IS_PARTIAL_OWNER_OF,0001437071
0000833444,IS_PARTIAL_OWNER_OF,0001546640
0000833444,IS_PARTIAL_OWNER_OF,0000800459
0000833444,IS_PARTIAL_OWNER_OF,0001385187
0000833444,IS_PARTIAL_OWNER_OF,0001385157
0000096223,IS_PARTIAL_OWNER_OF,0001959604
0000096223,IS_PARTIAL_OWNER_OF,0001959568
0000096223,IS_PARTIAL_OWNER_OF,0001944558
0000096223,IS_PARTIAL_OWNER_OF,0001832136
0000096223,IS_PARTIAL_OWNER_OF,0001844642
0000096223,IS_PARTIAL_OWNER_OF,0001825720
0000096223,IS_PARTIAL_OWNER_OF,0001768012
0000096223,IS_PARTIAL_OWNER_OF,0001822492
0000096223,IS_PARTIAL_OWNER_OF,0001779020
0000096223,IS_PARTIAL_OWNER_OF,0001534992
0000096223,IS_PARTIAL_OWNER_OF,0001641197
0000096223,IS_PARTIAL_OWNER_OF,0001661920
0000096223,IS_PARTIAL_OWNER_OF,0001653247
0000096223,IS_PARTIAL_OWNER_OF,0000833795
0000096223,IS_PARTIAL_OWNER_OF,0001569391
0000096223,IS_PARTIAL_OWNER_OF,0000109177
0000096223,IS_PARTIAL_OWNER_OF,0001562151
0000096223,IS_PARTIAL_OWNER_OF,0000089439
0000096223,IS_PARTIAL_OWNER_OF,0001111632
0000096223,IS_PARTIAL_OWNER_OF,0000793964
0000096223,IS_PARTIAL_OWNER_OF,0001084580
0000096223,IS_PARTIAL_OWNER_OF,0000804269
0000096223,IS_PARTIAL_OWNER_OF,0000794323
0000096223,IS_PARTIAL_OWNER_OF,0000906525
0000096223,IS_PARTIAL_OWNER_OF,0000913760
0000096223,IS_PARTIAL_OWNER_OF,0000799088
0000096223,IS_PARTIAL_OWNER_OF,0000003642
0000096223,IS_PARTIAL_OWNER_OF,0001195454
0001274173,IS_PARTIAL_OWNER_OF,0000907654
0001037976,IS_PARTIAL_OWNER_OF,0001314152
0000200406,IS_PARTIAL_OWNER_OF,0001855175
0000200406,IS_PARTIAL_OWNER_OF,0001944048
0000200406,IS_PARTIAL_OWNER_OF,0001735438
0000200406,IS_PARTIAL_OWNER_OF,0001235912
0000200406,IS_PARTIAL_OWNER_OF,0001805890
0000200406,IS_PARTIAL_OWNER_OF,0001695357
0000200406,IS_PARTIAL_OWNER_OF,0001609550
0000200406,IS_PARTIAL_OWNER_OF,0001377121
0000200406,IS_PARTIAL_OWNER_OF,0001070336
0000200406,IS_PARTIAL_OWNER_OF,0001444380
0000200406,IS_PARTIAL_OWNER_OF,0001598646
0000200406,IS_PARTIAL_OWNER_OF,0001341235
0000200406,IS_PARTIAL_OWNER_OF,0001404644
0000200406,IS_PARTIAL_OWNER_OF,0001457612
0000200406,IS_PARTIAL_OWNER_OF,0001279695
0000200406,IS_PARTIAL_OWNER_OF,0001296391
0000200406,IS_PARTIAL_OWNER_OF,0000944809
0000200406,IS_PARTIAL_OWNER_OF,0001033660
0000200406,IS_PARTIAL_OWNER_OF,0001016006
0000200406,IS_PARTIAL_OWNER_OF,0001145404
0000200406,IS_PARTIAL_OWNER_OF,0001173657
0000200406,IS_PARTIAL_OWNER_OF,0001083132
0000200406,IS_PARTIAL_OWNER_OF,0000858155
0001043604,IS_PARTIAL_OWNER_OF,0001088454
0000019617,IS_PARTIAL_OWNER_OF,0001812447
0000019617,IS_PARTIAL_OWNER_OF,0001034665
0000019617,IS_PARTIAL_OWNER_OF,0000887394
0000019617,IS_PARTIAL_OWNER_OF,0000897269
0000019617,IS_PARTIAL_OWNER_OF,0001071899
0000019617,IS_PARTIAL_OWNER_OF,0001176194
0000019617,IS_PARTIAL_OWNER_OF,0000894242
0000019617,IS_PARTIAL_OWNER_OF,0001181187
0000019617,IS_PARTIAL_OWNER_OF,0001137393
0000019617,IS_PARTIAL_OWNER_OF,0000835948
0000019617,IS_PARTIAL_OWNER_OF,0001826671
0000019617,IS_PARTIAL_OWNER_OF,0001941536
0000019617,IS_PARTIAL_OWNER_OF,0001708055
0000019617,IS_PARTIAL_OWNER_OF,0001707502
0000019617,IS_PARTIAL_OWNER_OF,0001281922
0000019617,IS_PARTIAL_OWNER_OF,0000943861
0000019617,IS_PARTIAL_OWNER_OF,0001397403
0000019617,IS_PARTIAL_OWNER_OF,0001464343
0000019617,IS_PARTIAL_OWNER_OF,0001161069
0000019617,IS_PARTIAL_OWNER_OF,0000918112
0000019617,IS_PARTIAL_OWNER_OF,0000730469
0000019617,IS_PARTIAL_OWNER_OF,0000777001
0000019617,IS_PARTIAL_OWNER_OF,0000922717
0000019617,IS_PARTIAL_OWNER_OF,0001129981
0000019617,IS_PARTIAL_OWNER_OF,0001058444
0000019617,IS_PARTIAL_OWNER_OF,0001227728
0000019617,IS_PARTIAL_OWNER_OF,0001136655
0000019617,IS_PARTIAL_OWNER_OF,0001292900
0000019617,IS_PARTIAL_OWNER_OF,0001172139
0000019617,IS_PARTIAL_OWNER_OF,0000814457
0000019617,IS_PARTIAL_OWNER_OF,0001297633
0000019617,IS_PARTIAL_OWNER_OF,0000074585
0000019617,IS_PARTIAL_OWNER_OF,0000914712
0000019617,IS_PARTIAL_OWNER_OF,0001091973
0000019617,IS_PARTIAL_OWNER_OF,0001060736
0000019617,IS_PARTIAL_OWNER_OF,0001173657
0000019617,IS_PARTIAL_OWNER_OF,0001172480
0000019617,IS_PARTIAL_OWNER_OF,0001157972
0000019617,IS_PARTIAL_OWNER_OF,0001131517
0000019617,IS_PARTIAL_OWNER_OF,0001084869
0000019617,IS_PARTIAL_OWNER_OF,0001003642
0000019617,IS_PARTIAL_OWNER_OF,0001115285
0000019617,IS_PARTIAL_OWNER_OF,0000925528
0000019617,IS_PARTIAL_OWNER_OF,0000722723
0000019617,IS_PARTIAL_OWNER_OF,0001125057
0000019617,IS_PARTIAL_OWNER_OF,0001101052
0000019617,IS_PARTIAL_OWNER_OF,0001022820
0000019617,IS_PARTIAL_OWNER_OF,0001021113
0000019617,IS_PARTIAL_OWNER_OF,0000947577
0000019617,IS_PARTIAL_OWNER_OF,0001214816
0000019617,IS_PARTIAL_OWNER_OF,0001040593
0000055067,IS_PARTIAL_OWNER_OF,0001959348
0001395942,IS_PARTIAL_OWNER_OF,0001745041
0000879101,IS_PARTIAL_OWNER_OF,0001646972
0000879101,IS_PARTIAL_OWNER_OF,0000012779
0000879101,IS_PARTIAL_OWNER_OF,0000948975
0000319201,IS_PARTIAL_OWNER_OF,0000828119
0000319201,IS_PARTIAL_OWNER_OF,0000884498
0000055785,IS_PARTIAL_OWNER_OF,0001606498
0000055785,IS_PARTIAL_OWNER_OF,0001296435
0001506307,IS_PARTIAL_OWNER_OF,0001410838
0000860748,IS_PARTIAL_OWNER_OF,0001044590
0000860748,IS_PARTIAL_OWNER_OF,0001377269
0000860748,IS_PARTIAL_OWNER_OF,0001280948
0000021344,IS_PARTIAL_OWNER_OF,0000865752
0000021344,IS_PARTIAL_OWNER_OF,0000909954
0000021344,IS_PARTIAL_OWNER_OF,0000317540
0000056873,IS_PARTIAL_OWNER_OF,0001536035
0000056873,IS_PARTIAL_OWNER_OF,0001401688
0000060086,IS_PARTIAL_OWNER_OF,0000021175
0000060086,IS_PARTIAL_OWNER_OF,0001424847
0000060086,IS_PARTIAL_OWNER_OF,0001328598
0000060086,IS_PARTIAL_OWNER_OF,0001336047
0000060086,IS_PARTIAL_OWNER_OF,0000949039
0000060086,IS_PARTIAL_OWNER_OF,0000815093
0001023128,IS_PARTIAL_OWNER_OF,0001762322
0001090425,IS_PARTIAL_OWNER_OF,0001025169
0001336920,IS_PARTIAL_OWNER_OF,0001571123
0000920760,IS_PARTIAL_OWNER_OF,0002017206
0000920760,IS_PARTIAL_OWNER_OF,0001722438
0000920760,IS_PARTIAL_OWNER_OF,0001828105
0000886163,IS_PARTIAL_OWNER_OF,0001919246
0000886163,IS_PARTIAL_OWNER_OF,0001893653
0000886163,IS_PARTIAL_OWNER_OF,0001478121
0000886163,IS_PARTIAL_OWNER_OF,0001607678
0000886163,IS_PARTIAL_OWNER_OF,0000886163
0000920148,IS_PARTIAL_OWNER_OF,0001965040
0000920148,IS_PARTIAL_OWNER_OF,0001076481
0000920148,IS_PARTIAL_OWNER_OF,0001168197
0000920148,IS_PARTIAL_OWNER_OF,0001107216
0000920148,IS_PARTIAL_OWNER_OF,0001094961
0000202058,IS_PARTIAL_OWNER_OF,0001138830
0000202058,IS_PARTIAL_OWNER_OF,0000097052
0000202058,IS_PARTIAL_OWNER_OF,0001377789
0000202058,IS_PARTIAL_OWNER_OF,0000944163
0000059478,IS_PARTIAL_OWNER_OF,0001722271
0000059478,IS_PARTIAL_OWNER_OF,0001714798
0000059478,IS_PARTIAL_OWNER_OF,0001821323
0000059478,IS_PARTIAL_OWNER_OF,0001599901
0000059478,IS_PARTIAL_OWNER_OF,0001557883
0000059478,IS_PARTIAL_OWNER_OF,0001739104
0000059478,IS_PARTIAL_OWNER_OF,0001509745
0000059478,IS_PARTIAL_OWNER_OF,0001403752
0000059478,IS_PARTIAL_OWNER_OF,0001348649
0000059478,IS_PARTIAL_OWNER_OF,0001636282
0000059478,IS_PARTIAL_OWNER_OF,0001587221
0000059478,IS_PARTIAL_OWNER_OF,0001512762
0000059478,IS_PARTIAL_OWNER_OF,0001401914
0000059478,IS_PARTIAL_OWNER_OF,0001463729
0000059478,IS_PARTIAL_OWNER_OF,0001082554
0000059478,IS_PARTIAL_OWNER_OF,0000874015
0000059478,IS_PARTIAL_OWNER_OF,0000902622
0000936468,IS_PARTIAL_OWNER_OF,0001835512
0000936468,IS_PARTIAL_OWNER_OF,0001006269
0000352541,IS_PARTIAL_OWNER_OF,0001255474
0001521036,IS_PARTIAL_OWNER_OF,0000728387
0000750004,IS_PARTIAL_OWNER_OF,0001760717
0000060667,IS_PARTIAL_OWNER_OF,0000060667
0000018926,IS_PARTIAL_OWNER_OF,0001058444
0000018926,IS_PARTIAL_OWNER_OF,0000045919
0000871763,IS_PARTIAL_OWNER_OF,0000948850
0000871763,IS_PARTIAL_OWNER_OF,0000802806
0001048286,IS_PARTIAL_OWNER_OF,0001535929
0001048286,IS_PARTIAL_OWNER_OF,0001524358
0001048286,IS_PARTIAL_OWNER_OF,0001298946
0000062996,IS_PARTIAL_OWNER_OF,0001633931
0000062996,IS_PARTIAL_OWNER_OF,0000842633
0000937556,IS_PARTIAL_OWNER_OF,0001933567
0000063296,IS_PARTIAL_OWNER_OF,0000719164
0000063908,IS_PARTIAL_OWNER_OF,0001058090
0000827054,IS_PARTIAL_OWNER_OF,0000855906
0000927653,IS_PARTIAL_OWNER_OF,0001756497
0000927653,IS_PARTIAL_OWNER_OF,0000927653
0001059556,IS_PARTIAL_OWNER_OF,0001059556
0001059556,IS_PARTIAL_OWNER_OF,0001038222
0001103982,IS_PARTIAL_OWNER_OF,0001418135
0001103982,IS_PARTIAL_OWNER_OF,0001545158
0001613103,IS_PARTIAL_OWNER_OF,0001814114
0001613103,IS_PARTIAL_OWNER_OF,0001609550
0000067716,IS_PARTIAL_OWNER_OF,0002015845
0000067716,IS_PARTIAL_OWNER_OF,0001955520
0001099219,IS_PARTIAL_OWNER_OF,0001685040
0001099219,IS_PARTIAL_OWNER_OF,0000898174
0000789570,IS_PARTIAL_OWNER_OF,0001823878
0000789570,IS_PARTIAL_OWNER_OF,0001656936
0001698990,IS_PARTIAL_OWNER_OF,0001565146
0000724004,IS_PARTIAL_OWNER_OF,0000724004
0000062709,IS_PARTIAL_OWNER_OF,0001576169
0000062709,IS_PARTIAL_OWNER_OF,0001214816
0000066740,IS_PARTIAL_OWNER_OF,0001964738
0000066740,IS_PARTIAL_OWNER_OF,0001289434
0000066740,IS_PARTIAL_OWNER_OF,0001070361
0000764180,IS_PARTIAL_OWNER_OF,0001656472
0000764180,IS_PARTIAL_OWNER_OF,0001413329
0000764180,IS_PARTIAL_OWNER_OF,0001103982
0001510295,IS_PARTIAL_OWNER_OF,0001507615
0001510295,IS_PARTIAL_OWNER_OF,0001552000
0000310158,IS_PARTIAL_OWNER_OF,0001527753
0000310158,IS_PARTIAL_OWNER_OF,0001708493
0000310158,IS_PARTIAL_OWNER_OF,0001821825
0000310158,IS_PARTIAL_OWNER_OF,0001807901
0000310158,IS_PARTIAL_OWNER_OF,0001019695
0000310158,IS_PARTIAL_OWNER_OF,0001426332
0000310158,IS_PARTIAL_OWNER_OF,0001382101
0000310158,IS_PARTIAL_OWNER_OF,0001566044
0000310158,IS_PARTIAL_OWNER_OF,0001651308
0000310158,IS_PARTIAL_OWNER_OF,0001293818
0000101778,IS_PARTIAL_OWNER_OF,0001510295
0000895421,IS_PARTIAL_OWNER_OF,0000894351
0000895421,IS_PARTIAL_OWNER_OF,0001828852
0000895421,IS_PARTIAL_OWNER_OF,0001267602
0000895421,IS_PARTIAL_OWNER_OF,0001178697
0000895421,IS_PARTIAL_OWNER_OF,0001766478
0000895421,IS_PARTIAL_OWNER_OF,0001716947
0000895421,IS_PARTIAL_OWNER_OF,0001664703
0000895421,IS_PARTIAL_OWNER_OF,0001157762
0000895421,IS_PARTIAL_OWNER_OF,0001660484
0000895421,IS_PARTIAL_OWNER_OF,0001074691
0000895421,IS_PARTIAL_OWNER_OF,0001509253
0000895421,IS_PARTIAL_OWNER_OF,0000097472
0000895421,IS_PARTIAL_OWNER_OF,0000789868
0000895421,IS_PARTIAL_OWNER_OF,0001232863
0000895421,IS_PARTIAL_OWNER_OF,0001181187
0000895421,IS_PARTIAL_OWNER_OF,0001181024
0000895421,IS_PARTIAL_OWNER_OF,0001137392
0000895421,IS_PARTIAL_OWNER_OF,0001169028
0000895421,IS_PARTIAL_OWNER_OF,0001176197
0000895421,IS_PARTIAL_OWNER_OF,0000890196
0000895421,IS_PARTIAL_OWNER_OF,0000890515
0000895421,IS_PARTIAL_OWNER_OF,0001074952
0000895421,IS_PARTIAL_OWNER_OF,0001090117
0000895421,IS_PARTIAL_OWNER_OF,0001353970
0000895421,IS_PARTIAL_OWNER_OF,0001398551
0000895421,IS_PARTIAL_OWNER_OF,0001222922
0000895421,IS_PARTIAL_OWNER_OF,0001208208
0000895421,IS_PARTIAL_OWNER_OF,0000769874
0000895421,IS_PARTIAL_OWNER_OF,0001166258
0000895421,IS_PARTIAL_OWNER_OF,0000826020
0000895421,IS_PARTIAL_OWNER_OF,0000902719
0000895421,IS_PARTIAL_OWNER_OF,0000845606
0000895421,IS_PARTIAL_OWNER_OF,0000902731
0000895421,IS_PARTIAL_OWNER_OF,0001170895
0000895421,IS_PARTIAL_OWNER_OF,0000847411
0000895421,IS_PARTIAL_OWNER_OF,0000899752
0000895421,IS_PARTIAL_OWNER_OF,0001171471
0000895421,IS_PARTIAL_OWNER_OF,0001090122
0000895421,IS_PARTIAL_OWNER_OF,0001157842
0000895421,IS_PARTIAL_OWNER_OF,0001275214
0000895421,IS_PARTIAL_OWNER_OF,0000837951
0000895421,IS_PARTIAL_OWNER_OF,0001116937
0000895421,IS_PARTIAL_OWNER_OF,0001070732
0000895421,IS_PARTIAL_OWNER_OF,0001174164
0000895421,IS_PARTIAL_OWNER_OF,0001245648
0000895421,IS_PARTIAL_OWNER_OF,0001224450
0000895421,IS_PARTIAL_OWNER_OF,0001074436
0000895421,IS_PARTIAL_OWNER_OF,0001323648
0000895421,IS_PARTIAL_OWNER_OF,0000912544
0000895421,IS_PARTIAL_OWNER_OF,0001408198
0000895421,IS_PARTIAL_OWNER_OF,0001287701
0000895421,IS_PARTIAL_OWNER_OF,0000874443
0000895421,IS_PARTIAL_OWNER_OF,0001405277
0000895421,IS_PARTIAL_OWNER_OF,0000912888
0000895421,IS_PARTIAL_OWNER_OF,0001393612
0000895421,IS_PARTIAL_OWNER_OF,0001261482
0000895421,IS_PARTIAL_OWNER_OF,0001010958
0000895421,IS_PARTIAL_OWNER_OF,0000918958
0000895421,IS_PARTIAL_OWNER_OF,0000716054
0000895421,IS_PARTIAL_OWNER_OF,0001237941
0000895421,IS_PARTIAL_OWNER_OF,0001337675
0000895421,IS_PARTIAL_OWNER_OF,0001130166
0000895421,IS_PARTIAL_OWNER_OF,0001137778
0000895421,IS_PARTIAL_OWNER_OF,0001319229
0000895421,IS_PARTIAL_OWNER_OF,0001007330
0000895421,IS_PARTIAL_OWNER_OF,0001325460
0000895421,IS_PARTIAL_OWNER_OF,0001174746
0000895421,IS_PARTIAL_OWNER_OF,0001143967
0000895421,IS_PARTIAL_OWNER_OF,0000943320
0000895421,IS_PARTIAL_OWNER_OF,0001141103
0000895421,IS_PARTIAL_OWNER_OF,0000727273
0000895421,IS_PARTIAL_OWNER_OF,0001295230
0000895421,IS_PARTIAL_OWNER_OF,0000755199
0000895421,IS_PARTIAL_OWNER_OF,0000878483
0000895421,IS_PARTIAL_OWNER_OF,0001175597
0000895421,IS_PARTIAL_OWNER_OF,0001065860
0000895421,IS_PARTIAL_OWNER_OF,0001022329
0000789019,IS_PARTIAL_OWNER_OF,0001823878
0000789019,IS_PARTIAL_OWNER_OF,0001326801
0000789019,IS_PARTIAL_OWNER_OF,0000730464
0000789019,IS_PARTIAL_OWNER_OF,0001108906
0000789019,IS_PARTIAL_OWNER_OF,0001332245
0000789019,IS_PARTIAL_OWNER_OF,0001058811
0001636519,IS_PARTIAL_OWNER_OF,0001795250
0001636519,IS_PARTIAL_OWNER_OF,0001499832
0000068505,IS_PARTIAL_OWNER_OF,0001351636
0000068505,IS_PARTIAL_OWNER_OF,0001129260
0000068505,IS_PARTIAL_OWNER_OF,0001495569
0000068505,IS_PARTIAL_OWNER_OF,0001285551
0000068505,IS_PARTIAL_OWNER_OF,0000878436
0000068505,IS_PARTIAL_OWNER_OF,0001272547
0000068505,IS_PARTIAL_OWNER_OF,0001085707
0000891103,IS_PARTIAL_OWNER_OF,0001800227
0000891103,IS_PARTIAL_OWNER_OF,0001412270
0000891103,IS_PARTIAL_OWNER_OF,0001705110
0000891103,IS_PARTIAL_OWNER_OF,0001575189
0000891103,IS_PARTIAL_OWNER_OF,0001163932
0000891103,IS_PARTIAL_OWNER_OF,0001125914
0000891103,IS_PARTIAL_OWNER_OF,0001434729
0000891103,IS_PARTIAL_OWNER_OF,0001434620
0000891103,IS_PARTIAL_OWNER_OF,0001006637
0000891103,IS_PARTIAL_OWNER_OF,0001434621
0000891103,IS_PARTIAL_OWNER_OF,0001324424
0000015615,IS_PARTIAL_OWNER_OF,0001704760
0000015615,IS_PARTIAL_OWNER_OF,0000912728
0000717423,IS_PARTIAL_OWNER_OF,0001573516
0000899923,IS_PARTIAL_OWNER_OF,0001459450
0000914475,IS_PARTIAL_OWNER_OF,0001640266
0000753308,IS_PARTIAL_OWNER_OF,0001930679
0000753308,IS_PARTIAL_OWNER_OF,0001890107
0001164727,IS_PARTIAL_OWNER_OF,0001208038
0001111711,IS_PARTIAL_OWNER_OF,0001629995
0001111711,IS_PARTIAL_OWNER_OF,0001420783
0000751364,IS_PARTIAL_OWNER_OF,0000751364
0001133421,IS_PARTIAL_OWNER_OF,0001501585
0001133421,IS_PARTIAL_OWNER_OF,0001118941
0001133421,IS_PARTIAL_OWNER_OF,0001267097
0001021860,IS_PARTIAL_OWNER_OF,0001599617
0001076930,IS_PARTIAL_OWNER_OF,0000873603
0001013871,IS_PARTIAL_OWNER_OF,0001567683
0000073124,IS_PARTIAL_OWNER_OF,0001531134
0000073124,IS_PARTIAL_OWNER_OF,0001301483
0000073124,IS_PARTIAL_OWNER_OF,0000034471
0001045810,IS_PARTIAL_OWNER_OF,0001832483
0001564708,IS_PARTIAL_OWNER_OF,0001595974
0001413447,IS_PARTIAL_OWNER_OF,0001438423
0001413447,IS_PARTIAL_OWNER_OF,0000859475
0001413447,IS_PARTIAL_OWNER_OF,0000915778
0000726728,IS_PARTIAL_OWNER_OF,0001873923
0001021635,IS_PARTIAL_OWNER_OF,0001591763
0000888491,IS_PARTIAL_OWNER_OF,0000860546
0001039684,IS_PARTIAL_OWNER_OF,0000909281
0000707179,IS_PARTIAL_OWNER_OF,0001015856
0001341439,IS_PARTIAL_OWNER_OF,0001117106
0001341439,IS_PARTIAL_OWNER_OF,0001356104
0001341439,IS_PARTIAL_OWNER_OF,0001001113
0001341439,IS_PARTIAL_OWNER_OF,0000867347
0001341439,IS_PARTIAL_OWNER_OF,0001080306
0000074260,IS_PARTIAL_OWNER_OF,0000876437
0000074260,IS_PARTIAL_OWNER_OF,0000935724
0000797468,IS_PARTIAL_OWNER_OF,0001423902
0000797468,IS_PARTIAL_OWNER_OF,0001845437
0000797468,IS_PARTIAL_OWNER_OF,0001070423
0000797468,IS_PARTIAL_OWNER_OF,0001609253
0000797468,IS_PARTIAL_OWNER_OF,0001581990
0000797468,IS_PARTIAL_OWNER_OF,0001159119
0000797468,IS_PARTIAL_OWNER_OF,0000898444
0000797468,IS_PARTIAL_OWNER_OF,0000842635
0000813828,IS_PARTIAL_OWNER_OF,0001579877
0000813828,IS_PARTIAL_OWNER_OF,0001015577
0000813828,IS_PARTIAL_OWNER_OF,0001015789
0000813828,IS_PARTIAL_OWNER_OF,0001339947
0000813828,IS_PARTIAL_OWNER_OF,0000927720
0000813828,IS_PARTIAL_OWNER_OF,0000945688
0000813828,IS_PARTIAL_OWNER_OF,0001068969
0000813828,IS_PARTIAL_OWNER_OF,0001258655
0000813828,IS_PARTIAL_OWNER_OF,0000771950
0000813828,IS_PARTIAL_OWNER_OF,0001085734
0001534504,IS_PARTIAL_OWNER_OF,0001582568
0000075362,IS_PARTIAL_OWNER_OF,0001012019
0001338749,IS_PARTIAL_OWNER_OF,0001441236
0001396814,IS_PARTIAL_OWNER_OF,0001561921
0000765880,IS_PARTIAL_OWNER_OF,0001677203
0001013857,IS_PARTIAL_OWNER_OF,0001042134
0000921738,IS_PARTIAL_OWNER_OF,0001575965
0000077476,IS_PARTIAL_OWNER_OF,0001084230
0000077476,IS_PARTIAL_OWNER_OF,0001076405
0000078003,IS_PARTIAL_OWNER_OF,0001855644
0000078003,IS_PARTIAL_OWNER_OF,0001796280
0000078003,IS_PARTIAL_OWNER_OF,0001782223
0000078003,IS_PARTIAL_OWNER_OF,0001826892
0000078003,IS_PARTIAL_OWNER_OF,0001805387
0000078003,IS_PARTIAL_OWNER_OF,0001792044
0000078003,IS_PARTIAL_OWNER_OF,0001672619
0000078003,IS_PARTIAL_OWNER_OF,0001773427
0000078003,IS_PARTIAL_OWNER_OF,0001662774
0000078003,IS_PARTIAL_OWNER_OF,0001737287
0000078003,IS_PARTIAL_OWNER_OF,0001649904
0000078003,IS_PARTIAL_OWNER_OF,0000883984
0000078003,IS_PARTIAL_OWNER_OF,0001527599
0000078003,IS_PARTIAL_OWNER_OF,0001404644
0000078003,IS_PARTIAL_OWNER_OF,0001419600
0000078003,IS_PARTIAL_OWNER_OF,0001305253
0000078003,IS_PARTIAL_OWNER_OF,0001175505
0000078003,IS_PARTIAL_OWNER_OF,0001555280
0000078003,IS_PARTIAL_OWNER_OF,0001047699
0000078003,IS_PARTIAL_OWNER_OF,0000887023
0000078003,IS_PARTIAL_OWNER_OF,0000902622
0000078003,IS_PARTIAL_OWNER_OF,0001319197
0000078003,IS_PARTIAL_OWNER_OF,0001314102
0000078003,IS_PARTIAL_OWNER_OF,0001019695
0000078003,IS_PARTIAL_OWNER_OF,0000802724
0001126328,IS_PARTIAL_OWNER_OF,0001316645
0001126328,IS_PARTIAL_OWNER_OF,0001090403
0001126328,IS_PARTIAL_OWNER_OF,0001126328
0000076334,IS_PARTIAL_OWNER_OF,0001042598
0000822416,IS_PARTIAL_OWNER_OF,0000822416
0000713676,IS_PARTIAL_OWNER_OF,0001825720
0000713676,IS_PARTIAL_OWNER_OF,0001323520
0001530950,IS_PARTIAL_OWNER_OF,0001772016
0001530950,IS_PARTIAL_OWNER_OF,0001843716
0001028918,IS_PARTIAL_OWNER_OF,0001028918
0000802481,IS_PARTIAL_OWNER_OF,0001292215
0000922224,IS_PARTIAL_OWNER_OF,0001622536
0001808834,IS_PARTIAL_OWNER_OF,0001821393
0001585364,IS_PARTIAL_OWNER_OF,0001445283
0001585364,IS_PARTIAL_OWNER_OF,0001559053
0000884219,IS_PARTIAL_OWNER_OF,0001273931
0001137774,IS_PARTIAL_OWNER_OF,0001989582
0001137774,IS_PARTIAL_OWNER_OF,0001923622
0001137774,IS_PARTIAL_OWNER_OF,0001547341
0001137774,IS_PARTIAL_OWNER_OF,0001875084
0001137774,IS_PARTIAL_OWNER_OF,0001293613
0001137774,IS_PARTIAL_OWNER_OF,0001526329
0001137774,IS_PARTIAL_OWNER_OF,0001517518
0001137774,IS_PARTIAL_OWNER_OF,0001490286
0001137774,IS_PARTIAL_OWNER_OF,0001570318
0001137774,IS_PARTIAL_OWNER_OF,0001488775
0001137774,IS_PARTIAL_OWNER_OF,0001363890
0001137774,IS_PARTIAL_OWNER_OF,0001268533
0001137774,IS_PARTIAL_OWNER_OF,0001322652
0001137774,IS_PARTIAL_OWNER_OF,0001554697
0001137774,IS_PARTIAL_OWNER_OF,0001534880
0001137774,IS_PARTIAL_OWNER_OF,0001057436
0001137774,IS_PARTIAL_OWNER_OF,0001158265
0001137774,IS_PARTIAL_OWNER_OF,0000833845
0001393311,IS_PARTIAL_OWNER_OF,0000866368
0001393311,IS_PARTIAL_OWNER_OF,0000202953
0001393311,IS_PARTIAL_OWNER_OF,0000277925
0001393311,IS_PARTIAL_OWNER_OF,0000225775
0001474432,IS_PARTIAL_OWNER_OF,0001474432
0001534701,IS_PARTIAL_OWNER_OF,0001338065
0001534701,IS_PARTIAL_OWNER_OF,0001572910
0000889900,IS_PARTIAL_OWNER_OF,0000751288
0000078239,IS_PARTIAL_OWNER_OF,0000078239
0001038357,IS_PARTIAL_OWNER_OF,0001680247
0001038357,IS_PARTIAL_OWNER_OF,0001407463
0000901491,IS_PARTIAL_OWNER_OF,0000901491
0000804328,IS_PARTIAL_OWNER_OF,0001891027
0000804328,IS_PARTIAL_OWNER_OF,0001585521
0000804328,IS_PARTIAL_OWNER_OF,0001135271
0000890926,IS_PARTIAL_OWNER_OF,0001170593
0000872589,IS_PARTIAL_OWNER_OF,0001656536
0000872589,IS_PARTIAL_OWNER_OF,0001501756
0001281761,IS_PARTIAL_OWNER_OF,0001343602
0001281761,IS_PARTIAL_OWNER_OF,0001302246
0001281761,IS_PARTIAL_OWNER_OF,0001275902
0001281761,IS_PARTIAL_OWNER_OF,0001227122
0000085535,IS_PARTIAL_OWNER_OF,0001502377
0000085535,IS_PARTIAL_OWNER_OF,0001162177
0000720005,IS_PARTIAL_OWNER_OF,0001165921
0000943819,IS_PARTIAL_OWNER_OF,0000943819
0000913144,IS_PARTIAL_OWNER_OF,0001371285
0000913144,IS_PARTIAL_OWNER_OF,0001171500
0001635088,IS_PARTIAL_OWNER_OF,0001447028
0001635088,IS_PARTIAL_OWNER_OF,0001764013
0001635088,IS_PARTIAL_OWNER_OF,0001740547
0001635088,IS_PARTIAL_OWNER_OF,0001636050
0001635088,IS_PARTIAL_OWNER_OF,0001679082
0001849253,IS_PARTIAL_OWNER_OF,0001849253
0000052827,IS_PARTIAL_OWNER_OF,0000052827
0000052827,IS_PARTIAL_OWNER_OF,0001597672
0001095651,IS_PARTIAL_OWNER_OF,0001095651
0001095651,IS_PARTIAL_OWNER_OF,0001953366
0001095651,IS_PARTIAL_OWNER_OF,0001688852
0000897723,IS_PARTIAL_OWNER_OF,0000897723
0001415404,IS_PARTIAL_OWNER_OF,0000913665
0001368458,IS_PARTIAL_OWNER_OF,0001368457
0000705432,IS_PARTIAL_OWNER_OF,0000705432
0000829224,IS_PARTIAL_OWNER_OF,0001512673
0000316709,IS_PARTIAL_OWNER_OF,0001213980
0000316709,IS_PARTIAL_OWNER_OF,0001071620
0000316709,IS_PARTIAL_OWNER_OF,0001251390
0000316709,IS_PARTIAL_OWNER_OF,0001251391
0000316709,IS_PARTIAL_OWNER_OF,0001116075
0000316709,IS_PARTIAL_OWNER_OF,0001103076
0000316709,IS_PARTIAL_OWNER_OF,0001119896
0000316709,IS_PARTIAL_OWNER_OF,0001036052
0000094049,IS_PARTIAL_OWNER_OF,0000094049
0000350894,IS_PARTIAL_OWNER_OF,0001968178
0000720672,IS_PARTIAL_OWNER_OF,0001578348
0000720672,IS_PARTIAL_OWNER_OF,0001544206
0001620533,IS_PARTIAL_OWNER_OF,0001620533
0001295810,IS_PARTIAL_OWNER_OF,0001295810
0000913241,IS_PARTIAL_OWNER_OF,0001171032
0000894315,IS_PARTIAL_OWNER_OF,0002027317
0000894315,IS_PARTIAL_OWNER_OF,0001735184
0000719739,IS_PARTIAL_OWNER_OF,0000949858
0000719739,IS_PARTIAL_OWNER_OF,0001788882
0000719739,IS_PARTIAL_OWNER_OF,0000357108
0000087347,IS_PARTIAL_OWNER_OF,0001849820
0000087347,IS_PARTIAL_OWNER_OF,0001694028
0000087347,IS_PARTIAL_OWNER_OF,0000909413
0001040971,IS_PARTIAL_OWNER_OF,0001287701
0001032033,IS_PARTIAL_OWNER_OF,0001593538
0000825542,IS_PARTIAL_OWNER_OF,0001316644
0000883241,IS_PARTIAL_OWNER_OF,0001121980
0000018349,IS_PARTIAL_OWNER_OF,0001401521
0000018349,IS_PARTIAL_OWNER_OF,0000721683
0001177394,IS_PARTIAL_OWNER_OF,0001803599
0001063761,IS_PARTIAL_OWNER_OF,0001869198
0001063761,IS_PARTIAL_OWNER_OF,0001839127
0001063761,IS_PARTIAL_OWNER_OF,0001594686
0001063761,IS_PARTIAL_OWNER_OF,0000914713
0001576018,IS_PARTIAL_OWNER_OF,0001373670
0000088205,IS_PARTIAL_OWNER_OF,0001641991
0000764038,IS_PARTIAL_OWNER_OF,0000764038
0001465128,IS_PARTIAL_OWNER_OF,0001579471
0001137789,IS_PARTIAL_OWNER_OF,0001540400
0000016918,IS_PARTIAL_OWNER_OF,0001737927
0000016918,IS_PARTIAL_OWNER_OF,0000742685
0000093556,IS_PARTIAL_OWNER_OF,0001347022
0000004127,IS_PARTIAL_OWNER_OF,0001104042
0001692115,IS_PARTIAL_OWNER_OF,0001981599
0001514705,IS_PARTIAL_OWNER_OF,0001555538
0000310764,IS_PARTIAL_OWNER_OF,0001374128
0000310764,IS_PARTIAL_OWNER_OF,0000913756
0000732717,IS_PARTIAL_OWNER_OF,0001780312
0000732717,IS_PARTIAL_OWNER_OF,0001889658
0000732717,IS_PARTIAL_OWNER_OF,0000925645
0000098222,IS_PARTIAL_OWNER_OF,0001030749
0000098222,IS_PARTIAL_OWNER_OF,0000098222
0000842023,IS_PARTIAL_OWNER_OF,0001340652
0000097216,IS_PARTIAL_OWNER_OF,0000926763
0000039899,IS_PARTIAL_OWNER_OF,0001683606
0000039899,IS_PARTIAL_OWNER_OF,0001635718
0000098362,IS_PARTIAL_OWNER_OF,0001598428
0000097745,IS_PARTIAL_OWNER_OF,0001819113
0000097745,IS_PARTIAL_OWNER_OF,0000319240
0000097745,IS_PARTIAL_OWNER_OF,0000350907
0001361658,IS_PARTIAL_OWNER_OF,0001722684
0001389170,IS_PARTIAL_OWNER_OF,0001379661
0000099780,IS_PARTIAL_OWNER_OF,0001739445
0000099780,IS_PARTIAL_OWNER_OF,0000032870
0000086312,IS_PARTIAL_OWNER_OF,0001212235
0000086312,IS_PARTIAL_OWNER_OF,0000896861
0000086312,IS_PARTIAL_OWNER_OF,0001093557
0000086312,IS_PARTIAL_OWNER_OF,0000885708
0000086312,IS_PARTIAL_OWNER_OF,0001068963
0000086312,IS_PARTIAL_OWNER_OF,0001171500
0000086312,IS_PARTIAL_OWNER_OF,0001172480
0000086312,IS_PARTIAL_OWNER_OF,0000911359
0000100493,IS_PARTIAL_OWNER_OF,0001029023
0001466258,IS_PARTIAL_OWNER_OF,0001788414
0000737758,IS_PARTIAL_OWNER_OF,0000737758
0001465740,IS_PARTIAL_OWNER_OF,0001703644
0001465740,IS_PARTIAL_OWNER_OF,0001557255
0000217346,IS_PARTIAL_OWNER_OF,0000101271
0000100517,IS_PARTIAL_OWNER_OF,0001144331
0000100517,IS_PARTIAL_OWNER_OF,0001173495
0000729986,IS_PARTIAL_OWNER_OF,0000729986
0001611547,IS_PARTIAL_OWNER_OF,0001611547
0000884614,IS_PARTIAL_OWNER_OF,0000932628
0000731766,IS_PARTIAL_OWNER_OF,0001628908
0000731766,IS_PARTIAL_OWNER_OF,0000921878
0001090727,IS_PARTIAL_OWNER_OF,0001832351
0000036104,IS_PARTIAL_OWNER_OF,0001230245
0001082554,IS_PARTIAL_OWNER_OF,0001527096
0001082554,IS_PARTIAL_OWNER_OF,0001756262
0001082554,IS_PARTIAL_OWNER_OF,0001619087
0000103379,IS_PARTIAL_OWNER_OF,0001760965
0000103379,IS_PARTIAL_OWNER_OF,0000093736
0000912093,IS_PARTIAL_OWNER_OF,0001633978
0000912093,IS_PARTIAL_OWNER_OF,0000865415
0001592386,IS_PARTIAL_OWNER_OF,0001592386
0001035002,IS_PARTIAL_OWNER_OF,0001035002
0001035002,IS_PARTIAL_OWNER_OF,0001583103
0001035002,IS_PARTIAL_OWNER_OF,0001562039
0001035002,IS_PARTIAL_OWNER_OF,0001223786
0000899689,IS_PARTIAL_OWNER_OF,0001689796
0000899689,IS_PARTIAL_OWNER_OF,0001611547
0000899689,IS_PARTIAL_OWNER_OF,0001166126
0000899689,IS_PARTIAL_OWNER_OF,0000899689
0000899689,IS_PARTIAL_OWNER_OF,0000910108
0000899689,IS_PARTIAL_OWNER_OF,0001333578
0000899689,IS_PARTIAL_OWNER_OF,0001165460
0000899689,IS_PARTIAL_OWNER_OF,0001293200
0001535929,IS_PARTIAL_OWNER_OF,0001275214
0001535929,IS_PARTIAL_OWNER_OF,0001515324
0001535929,IS_PARTIAL_OWNER_OF,0001515940
0001535929,IS_PARTIAL_OWNER_OF,0001293613
0001535929,IS_PARTIAL_OWNER_OF,0000806628
0001535929,IS_PARTIAL_OWNER_OF,0001504234
0001535929,IS_PARTIAL_OWNER_OF,0001546429
0001535929,IS_PARTIAL_OWNER_OF,0001517518
0001535929,IS_PARTIAL_OWNER_OF,0001547341
0001535929,IS_PARTIAL_OWNER_OF,0000790500
0001535929,IS_PARTIAL_OWNER_OF,0001500096
0001535929,IS_PARTIAL_OWNER_OF,0001322652
0000883237,IS_PARTIAL_OWNER_OF,0000836412
0000883237,IS_PARTIAL_OWNER_OF,0001528811
0000883237,IS_PARTIAL_OWNER_OF,0001515671
0000875320,IS_PARTIAL_OWNER_OF,0001674416
0000875320,IS_PARTIAL_OWNER_OF,0001340744
0000103730,IS_PARTIAL_OWNER_OF,0001487952
0000103730,IS_PARTIAL_OWNER_OF,0000090283
0000740260,IS_PARTIAL_OWNER_OF,0001639947
0000740260,IS_PARTIAL_OWNER_OF,0001043236
0000070866,IS_PARTIAL_OWNER_OF,0001974138
0000070866,IS_PARTIAL_OWNER_OF,0001096857
0000070866,IS_PARTIAL_OWNER_OF,0000816761
0000732712,IS_PARTIAL_OWNER_OF,0001372375
0000732712,IS_PARTIAL_OWNER_OF,0001468516
0000732712,IS_PARTIAL_OWNER_OF,0000912890
0000732712,IS_PARTIAL_OWNER_OF,0001489524
0000732712,IS_PARTIAL_OWNER_OF,0001415205
0000732712,IS_PARTIAL_OWNER_OF,0000808461
0000732712,IS_PARTIAL_OWNER_OF,0000723527
0000943452,IS_PARTIAL_OWNER_OF,0000792987
0000311094,IS_PARTIAL_OWNER_OF,0000840007
0001618921,IS_PARTIAL_OWNER_OF,0001865782
0001618921,IS_PARTIAL_OWNER_OF,0001014739
0001618921,IS_PARTIAL_OWNER_OF,0001140859
0001437107,IS_PARTIAL_OWNER_OF,0000929351
0001437107,IS_PARTIAL_OWNER_OF,0001484769
0000106040,IS_PARTIAL_OWNER_OF,0002023554
0000783325,IS_PARTIAL_OWNER_OF,0000879796
0000030697,IS_PARTIAL_OWNER_OF,0001313918
0000030697,IS_PARTIAL_OWNER_OF,0001084961
0000072971,IS_PARTIAL_OWNER_OF,0001140392
0000072971,IS_PARTIAL_OWNER_OF,0001528437
0000072971,IS_PARTIAL_OWNER_OF,0001137391
0000072971,IS_PARTIAL_OWNER_OF,0001162027
0000072971,IS_PARTIAL_OWNER_OF,0001266585
0000072971,IS_PARTIAL_OWNER_OF,0001051004
0000072971,IS_PARTIAL_OWNER_OF,0000888410
0000072971,IS_PARTIAL_OWNER_OF,0000882152
0000072971,IS_PARTIAL_OWNER_OF,0001723701
0000072971,IS_PARTIAL_OWNER_OF,0000890196
0000072971,IS_PARTIAL_OWNER_OF,0000879535
0000072971,IS_PARTIAL_OWNER_OF,0000884216
0000072971,IS_PARTIAL_OWNER_OF,0000911308
0000072971,IS_PARTIAL_OWNER_OF,0000901824
0000072971,IS_PARTIAL_OWNER_OF,0000844172
0000072971,IS_PARTIAL_OWNER_OF,0000892992
0000072971,IS_PARTIAL_OWNER_OF,0000878198
0000072971,IS_PARTIAL_OWNER_OF,0001137887
0000072971,IS_PARTIAL_OWNER_OF,0001258943
0000072971,IS_PARTIAL_OWNER_OF,0001223026
0000072971,IS_PARTIAL_OWNER_OF,0001090116
0000072971,IS_PARTIAL_OWNER_OF,0001083839
0000072971,IS_PARTIAL_OWNER_OF,0001235511
0000072971,IS_PARTIAL_OWNER_OF,0000897419
0000072971,IS_PARTIAL_OWNER_OF,0001087786
0000072971,IS_PARTIAL_OWNER_OF,0001508782
0000072971,IS_PARTIAL_OWNER_OF,0001499947
0000072971,IS_PARTIAL_OWNER_OF,0001195737
0000072971,IS_PARTIAL_OWNER_OF,0001177219
0000072971,IS_PARTIAL_OWNER_OF,0000899752
0000072971,IS_PARTIAL_OWNER_OF,0000870780
0000072971,IS_PARTIAL_OWNER_OF,0001074952
0000072971,IS_PARTIAL_OWNER_OF,0001204560
0000072971,IS_PARTIAL_OWNER_OF,0001351285
0000072971,IS_PARTIAL_OWNER_OF,0000907573
0000072971,IS_PARTIAL_OWNER_OF,0000895658
0000072971,IS_PARTIAL_OWNER_OF,0001181504
0000072971,IS_PARTIAL_OWNER_OF,0001170300
0000072971,IS_PARTIAL_OWNER_OF,0001140411
0000072971,IS_PARTIAL_OWNER_OF,0001181506
0000072971,IS_PARTIAL_OWNER_OF,0001170299
0000072971,IS_PARTIAL_OWNER_OF,0001107694
0000072971,IS_PARTIAL_OWNER_OF,0001479046
0000072971,IS_PARTIAL_OWNER_OF,0001170311
0000072971,IS_PARTIAL_OWNER_OF,0001422064
0000072971,IS_PARTIAL_OWNER_OF,0000319156
0000072971,IS_PARTIAL_OWNER_OF,0000922612
0000072971,IS_PARTIAL_OWNER_OF,0000724910
0000072971,IS_PARTIAL_OWNER_OF,0000775351
0001262823,IS_PARTIAL_OWNER_OF,0001604665
0000107140,IS_PARTIAL_OWNER_OF,0000107140
0000107263,IS_PARTIAL_OWNER_OF,0001483096
0000107263,IS_PARTIAL_OWNER_OF,0000311471
0000107263,IS_PARTIAL_OWNER_OF,0001411583
0000107263,IS_PARTIAL_OWNER_OF,0001324518
0000107263,IS_PARTIAL_OWNER_OF,0000895007
0000104169,IS_PARTIAL_OWNER_OF,0001538379
0000104169,IS_PARTIAL_OWNER_OF,0001837240
0000104169,IS_PARTIAL_OWNER_OF,0001386278
0000108516,IS_PARTIAL_OWNER_OF,0001968487
0001025378,IS_PARTIAL_OWNER_OF,0001952976
0001025378,IS_PARTIAL_OWNER_OF,0001250873
0000011544,IS_PARTIAL_OWNER_OF,0001428336
0000011544,IS_PARTIAL_OWNER_OF,0001061630
0000105016,IS_PARTIAL_OWNER_OF,0000105016
0000105016,IS_PARTIAL_OWNER_OF,0000711307
0000078128,IS_PARTIAL_OWNER_OF,0000078128
0001326732,IS_PARTIAL_OWNER_OF,0001711754
0000034088,IS_PARTIAL_OWNER_OF,0001680247
0000034088,IS_PARTIAL_OWNER_OF,0000748790
0001166003,IS_PARTIAL_OWNER_OF,0001929561
0001166003,IS_PARTIAL_OWNER_OF,0001852244
0001345016,IS_PARTIAL_OWNER_OF,0001345016
0001041061,IS_PARTIAL_OWNER_OF,0001673358
0001136869,IS_PARTIAL_OWNER_OF,0001876588
0001136869,IS_PARTIAL_OWNER_OF,0001100441
0001084048,IS_PARTIAL_OWNER_OF,0001866633
0000109380,IS_PARTIAL_OWNER_OF,0000845877
0000109380,IS_PARTIAL_OWNER_OF,0001079996
0001439288,IS_PARTIAL_OWNER_OF,0001852597
