News,MENTIONS,Event
6,MENTIONS,2009_0
9,MENTIONS,2021_37
9,MENTIONS,2022_5
21,MENTIONS,2020_5
29,MENTIONS,2009_4
32,MENTIONS,2001_8
36,MENTIONS,2006_5
36,MENTIONS,2015_3
36,MENTIONS,2020_8
39,MENTIONS,2013_8
41,MENTIONS,2005_15
44,MENTIONS,2014_0
49,MENTIONS,2006_4
49,MENTIONS,2008_3
50,MENTIONS,2014_0
52,MENTIONS,2014_0
53,MENTIONS,2003_2
53,MENTIONS,2006_3
55,MENTIONS,2014_3
58,MENTIONS,2006_5
63,MENTIONS,2014_0
65,MENTIONS,2014_0
67,MENTIONS,2013_13
68,MENTIONS,2013_13
73,MENTIONS,2006_3
77,MENTIONS,2014_0
78,MENTIONS,2014_1
79,MENTIONS,2014_0
80,MENTIONS,2014_0
81,MENTIONS,2014_0
83,MENTIONS,2014_0
85,MENTIONS,2006_4
90,MENTIONS,2003_2
90,MENTIONS,2006_3
95,MENTIONS,2013_13
96,MENTIONS,2005_15
99,MENTIONS,2014_0
100,MENTIONS,2013_8
101,MENTIONS,2004_0
102,MENTIONS,2008_3
104,MENTIONS,2003_2
104,MENTIONS,2006_3
105,MENTIONS,2014_0
112,MENTIONS,2001_6
112,MENTIONS,2003_2
112,MENTIONS,2006_4
112,MENTIONS,2008_3
115,MENTIONS,2014_0
118,MENTIONS,2014_0
119,MENTIONS,2014_0
124,MENTIONS,2013_13
125,MENTIONS,2006_4
125,MENTIONS,2013_13
129,MENTIONS,2014_0
132,MENTIONS,2003_2
133,MENTIONS,2006_3
134,MENTIONS,2014_1
135,MENTIONS,2014_0
136,MENTIONS,2013_12
138,MENTIONS,2014_0
139,MENTIONS,2003_2
139,MENTIONS,2006_3
142,MENTIONS,2013_13
145,MENTIONS,2014_0
146,MENTIONS,2014_0
147,MENTIONS,2006_3
147,MENTIONS,2014_0
149,MENTIONS,2014_0
153,MENTIONS,2014_0
174,MENTIONS,2018_4
186,MENTIONS,2022_39
189,MENTIONS,2009_4
190,MENTIONS,2009_4
191,MENTIONS,2009_4
201,MENTIONS,2016_7
204,MENTIONS,2016_7
204,MENTIONS,2020_4
215,MENTIONS,2013_10
217,MENTIONS,2022_5
218,MENTIONS,2005_12
231,MENTIONS,2022_5
232,MENTIONS,2002_3
232,MENTIONS,2006_4
232,MENTIONS,2022_9
260,MENTIONS,2022_39
270,MENTIONS,2022_39
271,MENTIONS,2022_39
272,MENTIONS,2022_39
273,MENTIONS,2022_39
275,MENTIONS,2022_39
278,MENTIONS,2022_39
279,MENTIONS,2022_39
282,MENTIONS,2022_11
283,MENTIONS,2022_39
293,MENTIONS,2016_7
294,MENTIONS,2022_39
301,MENTIONS,2009_0
302,MENTIONS,2009_0
303,MENTIONS,2022_9
324,MENTIONS,2022_39
326,MENTIONS,2022_39
329,MENTIONS,2022_39
334,MENTIONS,2022_39
349,MENTIONS,2022_5
362,MENTIONS,2013_10
371,MENTIONS,2009_0
373,MENTIONS,2009_0
376,MENTIONS,2022_39
386,MENTIONS,2009_0
387,MENTIONS,2013_10
390,MENTIONS,2013_10
406,MENTIONS,2020_8
410,MENTIONS,2002_3
414,MENTIONS,2022_37
420,MENTIONS,2022_39
425,MENTIONS,2005_1
426,MENTIONS,2002_3
429,MENTIONS,2022_39
433,MENTIONS,2015_6
433,MENTIONS,2022_5
434,MENTIONS,2022_39
440,MENTIONS,2022_39
444,MENTIONS,2022_39
453,MENTIONS,2022_39
457,MENTIONS,2022_39
459,MENTIONS,2022_39
469,MENTIONS,2022_39
505,MENTIONS,2017_0
530,MENTIONS,2022_5
544,MENTIONS,2004_5
549,MENTIONS,2009_0
565,MENTIONS,2002_3
576,MENTIONS,2004_0
606,MENTIONS,2016_11
615,MENTIONS,2022_5
656,MENTIONS,2016_7
674,MENTIONS,2016_11
677,MENTIONS,2002_12
678,MENTIONS,2008_3
678,MENTIONS,2016_11
681,MENTIONS,2012_5
681,MENTIONS,2016_11
681,MENTIONS,2017_0
735,MENTIONS,2008_3
754,MENTIONS,2023_15
770,MENTIONS,2016_11
784,MENTIONS,2012_5
786,MENTIONS,2009_0
818,MENTIONS,2022_5
820,MENTIONS,2005_1
838,MENTIONS,2002_3
844,MENTIONS,2008_3
844,MENTIONS,2016_11
849,MENTIONS,2016_1
866,MENTIONS,2022_39
867,MENTIONS,2016_1
869,MENTIONS,2022_39
870,MENTIONS,2022_39
872,MENTIONS,2022_39
879,MENTIONS,2022_39
880,MENTIONS,2002_3
881,MENTIONS,2022_39
889,MENTIONS,2016_7
895,MENTIONS,2023_28
896,MENTIONS,2006_5
906,MENTIONS,2023_23
921,MENTIONS,2022_39
935,MENTIONS,2007_2
959,MENTIONS,2014_0
959,MENTIONS,2022_5
960,MENTIONS,2021_24
974,MENTIONS,2022_5
980,MENTIONS,2001_6
990,MENTIONS,2002_4
990,MENTIONS,2013_2
991,MENTIONS,2014_0
1010,MENTIONS,2012_0
1018,MENTIONS,2001_12
1020,MENTIONS,2016_11
1022,MENTIONS,2022_39
1024,MENTIONS,2022_39
1033,MENTIONS,2022_39
1129,MENTIONS,2013_13
1129,MENTIONS,2022_5
1131,MENTIONS,2022_39
1143,MENTIONS,2022_39
1156,MENTIONS,2020_36
1183,MENTIONS,2009_0
1189,MENTIONS,2002_3
1190,MENTIONS,2002_3
1194,MENTIONS,2022_39
1196,MENTIONS,2022_39
1198,MENTIONS,2006_8
1218,MENTIONS,2022_39
1226,MENTIONS,2022_39
1237,MENTIONS,2009_0
1266,MENTIONS,2006_8
1276,MENTIONS,2006_8
1288,MENTIONS,2023_8
1311,MENTIONS,2022_5
1318,MENTIONS,2014_0
1318,MENTIONS,2022_5
1339,MENTIONS,2022_39
1360,MENTIONS,2022_39
1364,MENTIONS,2022_39
1366,MENTIONS,2022_39
1376,MENTIONS,2009_0
1380,MENTIONS,2009_0
1383,MENTIONS,2014_0
1383,MENTIONS,2022_5
1384,MENTIONS,2014_0
1384,MENTIONS,2022_5
1390,MENTIONS,2022_39
1398,MENTIONS,2020_36
1399,MENTIONS,2006_8
1420,MENTIONS,2015_7
1427,MENTIONS,2022_5
1434,MENTIONS,2022_39
1438,MENTIONS,2021_1
1485,MENTIONS,2007_2
1495,MENTIONS,2016_11
1551,MENTIONS,2004_0
1561,MENTIONS,2001_8
1561,MENTIONS,2006_4
1574,MENTIONS,2020_29
1583,MENTIONS,2022_5
1609,MENTIONS,2022_39
1642,MENTIONS,2022_39
1644,MENTIONS,2022_39
1651,MENTIONS,2022_39
1655,MENTIONS,2022_39
1658,MENTIONS,2022_39
1659,MENTIONS,2022_39
1664,MENTIONS,2022_39
1668,MENTIONS,2022_39
1669,MENTIONS,2022_39
1671,MENTIONS,2022_39
1676,MENTIONS,2020_29
1677,MENTIONS,2022_39
1679,MENTIONS,2022_39
1687,MENTIONS,2022_39
1689,MENTIONS,2022_39
1691,MENTIONS,2022_39
1704,MENTIONS,2022_5
1705,MENTIONS,2014_0
1705,MENTIONS,2015_6
1705,MENTIONS,2021_37
1705,MENTIONS,2022_5
1711,MENTIONS,2023_23
1722,MENTIONS,2014_0
1722,MENTIONS,2022_5
1730,MENTIONS,2022_39
1733,MENTIONS,2016_7
1738,MENTIONS,2022_39
1739,MENTIONS,2022_39
1741,MENTIONS,2022_39
1744,MENTIONS,2022_39
1746,MENTIONS,2022_39
1780,MENTIONS,2016_11
1787,MENTIONS,2016_7
1790,MENTIONS,2016_7
1803,MENTIONS,2022_5
1806,MENTIONS,2016_7
1839,MENTIONS,2014_0
1875,MENTIONS,2002_3
1875,MENTIONS,2022_39
1878,MENTIONS,2017_0
1885,MENTIONS,2003_2
1885,MENTIONS,2006_3
1892,MENTIONS,2003_2
1912,MENTIONS,2005_12
1918,MENTIONS,2022_39
1924,MENTIONS,2016_7
1930,MENTIONS,2020_29
1935,MENTIONS,2002_12
1957,MENTIONS,2017_6
1968,MENTIONS,2004_0
1969,MENTIONS,2016_7
1987,MENTIONS,2006_4
1989,MENTIONS,2005_12
1994,MENTIONS,2004_0
2023,MENTIONS,2022_39
2032,MENTIONS,2016_1
2060,MENTIONS,2016_11
2062,MENTIONS,2008_3
2069,MENTIONS,2016_7
2078,MENTIONS,2009_0
2085,MENTIONS,2009_0
2113,MENTIONS,2014_0
2113,MENTIONS,2022_5
2115,MENTIONS,2012_5
2139,MENTIONS,2016_7
2241,MENTIONS,2015_7
2243,MENTIONS,2022_5
2256,MENTIONS,2006_4
2264,MENTIONS,2020_29
2279,MENTIONS,2021_28
2281,MENTIONS,2016_11
2321,MENTIONS,2016_7
2328,MENTIONS,2004_0
2328,MENTIONS,2009_0
2334,MENTIONS,2009_0
2336,MENTIONS,2020_29
2338,MENTIONS,2021_39
2354,MENTIONS,2022_35
2355,MENTIONS,2009_0
2359,MENTIONS,2022_5
2363,MENTIONS,2016_3
2382,MENTIONS,2013_8
2385,MENTIONS,2022_5
2389,MENTIONS,2008_3
2389,MENTIONS,2013_8
2390,MENTIONS,2016_11
2390,MENTIONS,2017_0
2391,MENTIONS,2001_7
2391,MENTIONS,2016_11
2393,MENTIONS,2021_5
2395,MENTIONS,2021_37
2396,MENTIONS,2010_7
2397,MENTIONS,2013_8
2398,MENTIONS,2016_6
2400,MENTIONS,2010_7
2404,MENTIONS,2014_0
2404,MENTIONS,2022_5
2406,MENTIONS,2022_5
2408,MENTIONS,2022_5
2410,MENTIONS,2014_0
2410,MENTIONS,2022_5
2459,MENTIONS,2016_7
2483,MENTIONS,2022_5
2488,MENTIONS,2022_5
2493,MENTIONS,2008_3
2493,MENTIONS,2016_11
2493,MENTIONS,2020_29
2495,MENTIONS,2016_7
2505,MENTIONS,2017_8
2539,MENTIONS,2022_5
2541,MENTIONS,2023_23
2559,MENTIONS,2022_39
2562,MENTIONS,2022_39
2605,MENTIONS,2020_29
2606,MENTIONS,2023_27
2621,MENTIONS,2005_12
2629,MENTIONS,2023_23
2630,MENTIONS,2005_12
2641,MENTIONS,2022_5
2656,MENTIONS,2022_10
2659,MENTIONS,2016_11
2659,MENTIONS,2017_0
2665,MENTIONS,2016_1
2665,MENTIONS,2022_39
2677,MENTIONS,2002_3
2677,MENTIONS,2022_9
2677,MENTIONS,2022_39
2685,MENTIONS,2022_5
2686,MENTIONS,2022_5
2729,MENTIONS,2016_1
2743,MENTIONS,2009_0
2743,MENTIONS,2022_39
2747,MENTIONS,2023_27
2760,MENTIONS,2022_5
2771,MENTIONS,2002_12
2778,MENTIONS,2008_3
2781,MENTIONS,2020_29
2790,MENTIONS,2002_12
2817,MENTIONS,2006_8
2822,MENTIONS,2022_39
2836,MENTIONS,2006_5
2844,MENTIONS,2022_39
2874,MENTIONS,2020_29
2899,MENTIONS,2022_39
2937,MENTIONS,2001_6
2967,MENTIONS,2020_29
2974,MENTIONS,2016_11
2988,MENTIONS,2022_5
3000,MENTIONS,2022_39
3004,MENTIONS,2002_3
3004,MENTIONS,2006_8
3017,MENTIONS,2022_39
3022,MENTIONS,2022_39
3032,MENTIONS,2016_2
3040,MENTIONS,2008_3
3040,MENTIONS,2020_29
3046,MENTIONS,2002_3
3061,MENTIONS,2006_5
3070,MENTIONS,2006_5
3071,MENTIONS,2002_3
3101,MENTIONS,2021_33
3116,MENTIONS,2022_39
3138,MENTIONS,2016_7
3147,MENTIONS,2022_39
3157,MENTIONS,2022_39
3161,MENTIONS,2017_0
3190,MENTIONS,2001_6
3190,MENTIONS,2016_11
3202,MENTIONS,2022_39
3224,MENTIONS,2016_11
3227,MENTIONS,2016_11
3266,MENTIONS,2023_23
3280,MENTIONS,2006_10
3294,MENTIONS,2014_0
3294,MENTIONS,2022_5
3306,MENTIONS,2014_0
3306,MENTIONS,2022_5
3317,MENTIONS,2022_39
3318,MENTIONS,2022_5
3335,MENTIONS,2016_1
3350,MENTIONS,2009_0
3365,MENTIONS,2022_39
3370,MENTIONS,2007_2
3372,MENTIONS,2002_3
3372,MENTIONS,2020_15
3372,MENTIONS,2021_8
3386,MENTIONS,2022_5
3390,MENTIONS,2014_0
3390,MENTIONS,2015_6
3390,MENTIONS,2022_5
3391,MENTIONS,2006_3
3392,MENTIONS,2023_23
3398,MENTIONS,2014_0
3450,MENTIONS,2002_12
3474,MENTIONS,2016_7
3491,MENTIONS,2006_8
3506,MENTIONS,2022_5
3524,MENTIONS,2013_10
3525,MENTIONS,2013_10
3536,MENTIONS,2017_0
3550,MENTIONS,2022_39
3551,MENTIONS,2002_12
3564,MENTIONS,2009_0
3565,MENTIONS,2009_0
3581,MENTIONS,2009_4
3605,MENTIONS,2002_12
3640,MENTIONS,2016_7
3648,MENTIONS,2013_10
3651,MENTIONS,2002_3
3676,MENTIONS,2009_0
3685,MENTIONS,2009_0
3695,MENTIONS,2009_0
3723,MENTIONS,2016_11
3744,MENTIONS,2009_0
3763,MENTIONS,2022_39
3770,MENTIONS,2018_1
3775,MENTIONS,2022_39
3781,MENTIONS,2022_43
3808,MENTIONS,2009_0
3808,MENTIONS,2021_39
3818,MENTIONS,2022_11
3820,MENTIONS,2002_12
3830,MENTIONS,2022_39
3848,MENTIONS,2016_11
3945,MENTIONS,2020_29
3945,MENTIONS,2021_5
3947,MENTIONS,2001_6
3947,MENTIONS,2008_4
3947,MENTIONS,2016_6
3951,MENTIONS,2022_39
3952,MENTIONS,2022_39
4001,MENTIONS,2016_11
4021,MENTIONS,2002_3
4021,MENTIONS,2006_4
4030,MENTIONS,2004_0
4053,MENTIONS,2009_0
4059,MENTIONS,2002_3
4071,MENTIONS,2006_4
4071,MENTIONS,2009_0
4080,MENTIONS,2022_5
4085,MENTIONS,2017_0
4085,MENTIONS,2021_5
4088,MENTIONS,2008_3
4088,MENTIONS,2016_11
4092,MENTIONS,2006_4
4099,MENTIONS,2002_12
4108,MENTIONS,2022_39
4122,MENTIONS,2023_23
4124,MENTIONS,2015_7
4140,MENTIONS,2022_39
4147,MENTIONS,2004_0
4157,MENTIONS,2016_11
4157,MENTIONS,2017_0
4158,MENTIONS,2023_5
4176,MENTIONS,2002_12
4177,MENTIONS,2009_0
4187,MENTIONS,2003_2
4187,MENTIONS,2017_0
4201,MENTIONS,2016_11
4215,MENTIONS,2002_12
4219,MENTIONS,2016_11
4226,MENTIONS,2016_11
4235,MENTIONS,2022_39
4238,MENTIONS,2002_12
4259,MENTIONS,2021_1
4265,MENTIONS,2016_2
4285,MENTIONS,2016_7
4324,MENTIONS,2022_39
4326,MENTIONS,2022_39
4368,MENTIONS,2016_11
4369,MENTIONS,2016_11
4369,MENTIONS,2017_0
4369,MENTIONS,2020_29
4373,MENTIONS,2020_29
4377,MENTIONS,2008_3
4377,MENTIONS,2012_5
4381,MENTIONS,2016_1
4381,MENTIONS,2022_39
4389,MENTIONS,2016_11
4397,MENTIONS,2009_0
4398,MENTIONS,2009_0
4398,MENTIONS,2021_39
4423,MENTIONS,2016_1
4448,MENTIONS,2009_0
4459,MENTIONS,2022_35
4468,MENTIONS,2022_39
4477,MENTIONS,2002_0
4479,MENTIONS,2016_11
4502,MENTIONS,2007_2
4522,MENTIONS,2004_0
4545,MENTIONS,2005_6
4560,MENTIONS,2016_7
4569,MENTIONS,2016_7
4572,MENTIONS,2010_4
4582,MENTIONS,2022_39
4588,MENTIONS,2016_11
4610,MENTIONS,2022_11
4611,MENTIONS,2009_0
4641,MENTIONS,2022_39
4643,MENTIONS,2006_5
4646,MENTIONS,2022_39
4647,MENTIONS,2006_5
4663,MENTIONS,2022_39
4670,MENTIONS,2004_0
4684,MENTIONS,2022_39
4703,MENTIONS,2004_0
4703,MENTIONS,2020_8
4722,MENTIONS,2006_8
4723,MENTIONS,2023_6
4736,MENTIONS,2009_0
4741,MENTIONS,2009_0
4744,MENTIONS,2022_39
4748,MENTIONS,2013_10
4758,MENTIONS,2002_12
4789,MENTIONS,2013_10
4800,MENTIONS,2022_39
4807,MENTIONS,2022_39
4809,MENTIONS,2022_39
4812,MENTIONS,2022_39
4825,MENTIONS,2009_0
4849,MENTIONS,2009_0
4852,MENTIONS,2022_5
4878,MENTIONS,2016_11
4889,MENTIONS,2012_5
4889,MENTIONS,2020_29
4893,MENTIONS,2022_5
4907,MENTIONS,2017_0
4951,MENTIONS,2006_8
5015,MENTIONS,2022_39
5028,MENTIONS,2002_3
5039,MENTIONS,2004_0
5039,MENTIONS,2020_19
5040,MENTIONS,2022_39
5049,MENTIONS,2022_39
5051,MENTIONS,2022_39
5055,MENTIONS,2002_12
5060,MENTIONS,2006_8
5077,MENTIONS,2005_15
5080,MENTIONS,2016_1
5085,MENTIONS,2006_8
5113,MENTIONS,2015_7
5122,MENTIONS,2017_0
5124,MENTIONS,2014_0
5124,MENTIONS,2022_5
5132,MENTIONS,2016_1
5190,MENTIONS,2022_39
5232,MENTIONS,2014_0
5232,MENTIONS,2022_5
5238,MENTIONS,2017_0
5258,MENTIONS,2008_3
5258,MENTIONS,2016_11
5266,MENTIONS,2022_5
5300,MENTIONS,2016_7
5304,MENTIONS,2022_39
5305,MENTIONS,2016_7
5308,MENTIONS,2002_12
5315,MENTIONS,2004_0
5325,MENTIONS,2017_6
5325,MENTIONS,2020_8
5340,MENTIONS,2002_3
5344,MENTIONS,2009_0
5352,MENTIONS,2014_0
5352,MENTIONS,2022_5
5433,MENTIONS,2001_6
5484,MENTIONS,2014_0
5484,MENTIONS,2022_5
5499,MENTIONS,2017_7
5500,MENTIONS,2002_10
5500,MENTIONS,2006_7
5501,MENTIONS,2016_7
5528,MENTIONS,2016_7
5533,MENTIONS,2016_11
5534,MENTIONS,2016_11
5534,MENTIONS,2017_0
5535,MENTIONS,2005_12
5535,MENTIONS,2008_4
5535,MENTIONS,2012_4
5538,MENTIONS,2008_3
5538,MENTIONS,2016_11
5549,MENTIONS,2008_3
5555,MENTIONS,2016_11
5562,MENTIONS,2005_12
5565,MENTIONS,2017_0
5585,MENTIONS,2009_0
5590,MENTIONS,2021_28
5605,MENTIONS,2009_0
5606,MENTIONS,2009_0
5610,MENTIONS,2009_0
5613,MENTIONS,2009_0
5620,MENTIONS,2001_6
5622,MENTIONS,2017_0
5623,MENTIONS,2015_6
5624,MENTIONS,2016_11
5625,MENTIONS,2018_1
5628,MENTIONS,2022_5
5629,MENTIONS,2016_7
5636,MENTIONS,2022_5
5637,MENTIONS,2016_7
5668,MENTIONS,2022_5
5672,MENTIONS,2016_11
5676,MENTIONS,2022_39
5703,MENTIONS,2022_39
5713,MENTIONS,2016_11
5713,MENTIONS,2017_0
5717,MENTIONS,2017_0
5721,MENTIONS,2016_11
5723,MENTIONS,2016_7
5725,MENTIONS,2009_0
5728,MENTIONS,2016_11
5730,MENTIONS,2017_0
5732,MENTIONS,2017_0
5746,MENTIONS,2016_7
5768,MENTIONS,2016_11
5788,MENTIONS,2018_1
5793,MENTIONS,2008_3
5793,MENTIONS,2016_11
5803,MENTIONS,2016_11
5818,MENTIONS,2008_3
5818,MENTIONS,2016_11
5818,MENTIONS,2017_0
5821,MENTIONS,2016_11
5821,MENTIONS,2017_0
5833,MENTIONS,2017_0
5834,MENTIONS,2006_8
5837,MENTIONS,2022_39
5841,MENTIONS,2016_11
5843,MENTIONS,2015_6
5843,MENTIONS,2022_5
5845,MENTIONS,2008_3
5845,MENTIONS,2017_0
5849,MENTIONS,2022_5
5853,MENTIONS,2013_8
5854,MENTIONS,2018_1
5890,MENTIONS,2022_39
5943,MENTIONS,2016_11
5957,MENTIONS,2022_5
5963,MENTIONS,2015_7
5964,MENTIONS,2022_5
5979,MENTIONS,2016_11
5980,MENTIONS,2016_11
5994,MENTIONS,2016_7
5999,MENTIONS,2017_0
6007,MENTIONS,2008_3
6007,MENTIONS,2020_29
6007,MENTIONS,2021_5
6025,MENTIONS,2009_0
6054,MENTIONS,2010_7
6058,MENTIONS,2022_39
6059,MENTIONS,2012_5
6068,MENTIONS,2016_11
6068,MENTIONS,2017_0
6084,MENTIONS,2016_11
6103,MENTIONS,2016_11
6122,MENTIONS,2008_3
6122,MENTIONS,2016_11
6122,MENTIONS,2020_29
6134,MENTIONS,2009_0
6145,MENTIONS,2016_11
6145,MENTIONS,2017_0
6158,MENTIONS,2016_11
6158,MENTIONS,2017_0
6259,MENTIONS,2009_0
6266,MENTIONS,2009_0
6276,MENTIONS,2001_0
6288,MENTIONS,2009_0
6297,MENTIONS,2022_39
6307,MENTIONS,2022_39
6322,MENTIONS,2016_7
6329,MENTIONS,2018_1
6337,MENTIONS,2008_3
6337,MENTIONS,2021_5
6350,MENTIONS,2016_7
6399,MENTIONS,2016_11
6406,MENTIONS,2016_7
6420,MENTIONS,2008_3
6420,MENTIONS,2016_11
6424,MENTIONS,2016_7
6426,MENTIONS,2022_5
6432,MENTIONS,2018_1
6440,MENTIONS,2016_11
6443,MENTIONS,2005_12
6445,MENTIONS,2008_3
6445,MENTIONS,2016_11
6447,MENTIONS,2008_3
6447,MENTIONS,2012_5
6447,MENTIONS,2016_11
6459,MENTIONS,2008_3
6459,MENTIONS,2016_7
6463,MENTIONS,2017_0
6559,MENTIONS,2009_0
6561,MENTIONS,2015_7
6563,MENTIONS,2009_0
6568,MENTIONS,2016_11
6568,MENTIONS,2017_0
6582,MENTIONS,2016_7
6590,MENTIONS,2009_0
6599,MENTIONS,2009_0
6603,MENTIONS,2016_11
6615,MENTIONS,2013_8
6615,MENTIONS,2015_6
6618,MENTIONS,2018_1
6619,MENTIONS,2016_7
6628,MENTIONS,2005_12
6643,MENTIONS,2006_4
6646,MENTIONS,2008_3
6646,MENTIONS,2012_5
6646,MENTIONS,2017_0
6646,MENTIONS,2020_29
6693,MENTIONS,2022_5
6695,MENTIONS,2001_2
6695,MENTIONS,2016_11
6708,MENTIONS,2005_1
6708,MENTIONS,2016_1
6723,MENTIONS,2006_4
6724,MENTIONS,2016_11
6737,MENTIONS,2016_11
6748,MENTIONS,2016_7
6759,MENTIONS,2017_0
6762,MENTIONS,2016_11
6772,MENTIONS,2022_5
6776,MENTIONS,2021_5
6781,MENTIONS,2022_5
6789,MENTIONS,2006_8
6791,MENTIONS,2006_4
6803,MENTIONS,2016_11
6857,MENTIONS,2017_0
6880,MENTIONS,2017_0
6883,MENTIONS,2016_11
6885,MENTIONS,2007_2
6887,MENTIONS,2006_8
6889,MENTIONS,2016_7
6906,MENTIONS,2022_5
6912,MENTIONS,2022_5
6918,MENTIONS,2008_3
6918,MENTIONS,2012_5
6918,MENTIONS,2016_11
6918,MENTIONS,2020_29
6919,MENTIONS,2001_2
6919,MENTIONS,2008_3
6919,MENTIONS,2012_5
6919,MENTIONS,2020_29
6926,MENTIONS,2016_11
6926,MENTIONS,2017_0
6935,MENTIONS,2015_5
6947,MENTIONS,2016_11
6948,MENTIONS,2009_0
7008,MENTIONS,2016_7
7031,MENTIONS,2017_0
7032,MENTIONS,2016_11
7032,MENTIONS,2017_0
7039,MENTIONS,2010_4
7062,MENTIONS,2016_7
7068,MENTIONS,2008_3
7068,MENTIONS,2012_5
7068,MENTIONS,2016_11
7069,MENTIONS,2016_7
7072,MENTIONS,2016_11
7075,MENTIONS,2001_2
7075,MENTIONS,2016_11
7081,MENTIONS,2002_3
7085,MENTIONS,2016_11
7091,MENTIONS,2017_0
7108,MENTIONS,2017_0
7117,MENTIONS,2016_11
7120,MENTIONS,2016_11
7120,MENTIONS,2017_0
7123,MENTIONS,2021_5
7130,MENTIONS,2021_28
7136,MENTIONS,2020_29
7151,MENTIONS,2016_11
7157,MENTIONS,2020_29
7165,MENTIONS,2023_23
7167,MENTIONS,2020_29
7181,MENTIONS,2016_7
7213,MENTIONS,2009_0
7231,MENTIONS,2022_5
7233,MENTIONS,2001_6
7247,MENTIONS,2012_5
7250,MENTIONS,2005_12
7258,MENTIONS,2016_11
7262,MENTIONS,2017_0
7267,MENTIONS,2016_11
7287,MENTIONS,2002_12
7289,MENTIONS,2006_6
7295,MENTIONS,2001_2
7295,MENTIONS,2008_3
7295,MENTIONS,2016_11
7313,MENTIONS,2016_1
7324,MENTIONS,2004_0
7324,MENTIONS,2016_11
7333,MENTIONS,2016_7
7335,MENTIONS,2016_7
7337,MENTIONS,2002_3
7337,MENTIONS,2016_1
7339,MENTIONS,2022_39
7346,MENTIONS,2016_7
7348,MENTIONS,2016_7
7352,MENTIONS,2015_4
7372,MENTIONS,2002_3
7388,MENTIONS,2001_2
7388,MENTIONS,2008_3
7388,MENTIONS,2012_5
7388,MENTIONS,2016_11
7393,MENTIONS,2021_37
7395,MENTIONS,2001_7
7395,MENTIONS,2017_0
7398,MENTIONS,2017_0
7417,MENTIONS,2002_12
7422,MENTIONS,2016_11
7435,MENTIONS,2008_3
7435,MENTIONS,2016_11
7447,MENTIONS,2017_8
7453,MENTIONS,2006_4
7453,MENTIONS,2017_0
7455,MENTIONS,2006_4
7468,MENTIONS,2009_0
7492,MENTIONS,2016_11
7492,MENTIONS,2017_0
7503,MENTIONS,2022_9
7520,MENTIONS,2022_5
7528,MENTIONS,2016_7
7531,MENTIONS,2016_11
7531,MENTIONS,2017_0
7534,MENTIONS,2009_0
7535,MENTIONS,2022_39
7593,MENTIONS,2017_0
7597,MENTIONS,2018_1
7601,MENTIONS,2016_1
7602,MENTIONS,2016_1
7603,MENTIONS,2022_39
7606,MENTIONS,2020_4
7612,MENTIONS,2008_3
7612,MENTIONS,2016_11
7635,MENTIONS,2008_3
7635,MENTIONS,2016_11
7637,MENTIONS,2017_0
7664,MENTIONS,2007_1
7674,MENTIONS,2022_11
7685,MENTIONS,2017_0
7698,MENTIONS,2016_7
7703,MENTIONS,2020_36
7708,MENTIONS,2022_35
7710,MENTIONS,2018_1
7711,MENTIONS,2016_7
7714,MENTIONS,2016_7
7723,MENTIONS,2017_0
7726,MENTIONS,2002_3
7736,MENTIONS,2017_0
7745,MENTIONS,2009_0
7773,MENTIONS,2006_4
7796,MENTIONS,2008_3
7796,MENTIONS,2016_11
7804,MENTIONS,2008_3
7804,MENTIONS,2016_11
7810,MENTIONS,2022_39
7813,MENTIONS,2002_3
7829,MENTIONS,2023_23
7872,MENTIONS,2022_39
7874,MENTIONS,2022_39
7876,MENTIONS,2022_39
7882,MENTIONS,2018_1
7899,MENTIONS,2014_0
7924,MENTIONS,2014_0
7936,MENTIONS,2009_0
7958,MENTIONS,2007_1
7958,MENTIONS,2022_21
7985,MENTIONS,2022_5
8019,MENTIONS,2002_11
8019,MENTIONS,2022_5
8026,MENTIONS,2022_39
8032,MENTIONS,2016_7
8046,MENTIONS,2018_4
8052,MENTIONS,2008_3
8052,MENTIONS,2016_11
8085,MENTIONS,2012_5
8085,MENTIONS,2020_29
8087,MENTIONS,2021_35
8092,MENTIONS,2022_5
8099,MENTIONS,2009_0
8126,MENTIONS,2009_0
8127,MENTIONS,2009_0
8128,MENTIONS,2009_0
8129,MENTIONS,2009_0
8132,MENTIONS,2022_39
8149,MENTIONS,2014_0
8149,MENTIONS,2022_5
8152,MENTIONS,2022_5
8166,MENTIONS,2022_5
8235,MENTIONS,2008_3
8235,MENTIONS,2020_29
8243,MENTIONS,2022_5
8249,MENTIONS,2022_5
8257,MENTIONS,2022_5
8263,MENTIONS,2008_3
8263,MENTIONS,2021_5
8293,MENTIONS,2002_3
8294,MENTIONS,2002_3
8294,MENTIONS,2005_1
8318,MENTIONS,2021_35
8323,MENTIONS,2016_1
8409,MENTIONS,2021_1
8441,MENTIONS,2021_5
8442,MENTIONS,2016_11
8442,MENTIONS,2021_28
8445,MENTIONS,2021_5
8478,MENTIONS,2022_42
8501,MENTIONS,2006_4
8514,MENTIONS,2002_3
8514,MENTIONS,2006_4
8529,MENTIONS,2022_11
8551,MENTIONS,2012_0
8551,MENTIONS,2022_5
8557,MENTIONS,2022_5
8633,MENTIONS,2009_0
8659,MENTIONS,2022_39
8675,MENTIONS,2023_23
8705,MENTIONS,2022_39
8762,MENTIONS,2022_5
8799,MENTIONS,2008_3
8799,MENTIONS,2015_6
8799,MENTIONS,2021_37
8811,MENTIONS,2001_8
8841,MENTIONS,2014_0
8841,MENTIONS,2022_5
8848,MENTIONS,2020_29
8856,MENTIONS,2002_3
8873,MENTIONS,2021_5
8895,MENTIONS,2008_3
8895,MENTIONS,2016_11
8946,MENTIONS,2002_12
8956,MENTIONS,2007_2
8977,MENTIONS,2012_5
8977,MENTIONS,2020_29
8998,MENTIONS,2006_5
9046,MENTIONS,2022_39
9089,MENTIONS,2022_39
9092,MENTIONS,2006_4
9092,MENTIONS,2022_39
9099,MENTIONS,2002_3
9137,MENTIONS,2002_3
9139,MENTIONS,2014_0
9155,MENTIONS,2016_7
9174,MENTIONS,2008_3
9174,MENTIONS,2017_0
9174,MENTIONS,2020_29
9174,MENTIONS,2021_5
9231,MENTIONS,2014_0
9240,MENTIONS,2022_5
9281,MENTIONS,2002_3
9311,MENTIONS,2017_0
9355,MENTIONS,2008_3
9355,MENTIONS,2016_11
9376,MENTIONS,2016_11
9376,MENTIONS,2017_0
9377,MENTIONS,2008_3
9377,MENTIONS,2020_29
9394,MENTIONS,2003_2
9394,MENTIONS,2020_1
9409,MENTIONS,2021_5
9442,MENTIONS,2012_5
9465,MENTIONS,2012_5
9474,MENTIONS,2012_5
9474,MENTIONS,2021_5
9480,MENTIONS,2006_4
9495,MENTIONS,2008_3
9495,MENTIONS,2020_29
9496,MENTIONS,2009_0
9498,MENTIONS,2008_3
9498,MENTIONS,2017_0
9498,MENTIONS,2020_29
9511,MENTIONS,2016_7
9520,MENTIONS,2009_0
9521,MENTIONS,2006_4
9526,MENTIONS,2020_34
9526,MENTIONS,2022_39
9532,MENTIONS,2022_5
9539,MENTIONS,2022_39
9544,MENTIONS,2022_39
9545,MENTIONS,2022_39
9546,MENTIONS,2022_39
9548,MENTIONS,2022_39
9550,MENTIONS,2004_0
9555,MENTIONS,2022_39
9561,MENTIONS,2022_39
9586,MENTIONS,2006_4
9586,MENTIONS,2017_6
9587,MENTIONS,2009_0
9587,MENTIONS,2021_39
9590,MENTIONS,2002_3
9619,MENTIONS,2016_11
9619,MENTIONS,2017_0
9631,MENTIONS,2016_7
9636,MENTIONS,2022_5
9679,MENTIONS,2021_33
9683,MENTIONS,2014_0
9683,MENTIONS,2022_5
9685,MENTIONS,2006_4
9687,MENTIONS,2015_5
9703,MENTIONS,2001_8
9711,MENTIONS,2002_12
9724,MENTIONS,2016_11
9732,MENTIONS,2017_6
9736,MENTIONS,2022_39
9746,MENTIONS,2006_4
9752,MENTIONS,2005_6
9752,MENTIONS,2016_7
9769,MENTIONS,2016_11
9777,MENTIONS,2002_8
9831,MENTIONS,2018_4
9878,MENTIONS,2016_7
9884,MENTIONS,2012_4
9941,MENTIONS,2022_5
9944,MENTIONS,2014_0
9944,MENTIONS,2022_5
9955,MENTIONS,2020_37
10008,MENTIONS,2022_39
10011,MENTIONS,2022_39
10012,MENTIONS,2022_39
10016,MENTIONS,2022_39
10019,MENTIONS,2022_39
10022,MENTIONS,2022_39
10023,MENTIONS,2022_39
10024,MENTIONS,2022_39
10026,MENTIONS,2022_39
10027,MENTIONS,2022_39
10030,MENTIONS,2022_39
10031,MENTIONS,2022_39
10032,MENTIONS,2022_39
10036,MENTIONS,2022_39
10040,MENTIONS,2022_39
10044,MENTIONS,2022_39
10051,MENTIONS,2022_39
10052,MENTIONS,2022_39
10059,MENTIONS,2022_39
10060,MENTIONS,2022_39
10060,MENTIONS,2023_15
10061,MENTIONS,2022_39
10072,MENTIONS,2022_39
10072,MENTIONS,2023_23
10073,MENTIONS,2022_39
10079,MENTIONS,2022_39
10083,MENTIONS,2022_39
10085,MENTIONS,2022_39
10086,MENTIONS,2022_39
10091,MENTIONS,2022_39
10093,MENTIONS,2022_39
10094,MENTIONS,2022_39
10095,MENTIONS,2022_39
10097,MENTIONS,2022_39
10098,MENTIONS,2022_39
10104,MENTIONS,2017_7
10126,MENTIONS,2022_5
10134,MENTIONS,2022_39
10135,MENTIONS,2022_39
10160,MENTIONS,2009_0
10239,MENTIONS,2022_39
10245,MENTIONS,2022_5
10256,MENTIONS,2006_10
10269,MENTIONS,2022_39
10274,MENTIONS,2022_39
10316,MENTIONS,2022_39
10319,MENTIONS,2008_3
10319,MENTIONS,2021_5
10326,MENTIONS,2013_3
10327,MENTIONS,2022_39
10328,MENTIONS,2002_3
10335,MENTIONS,2001_6
10336,MENTIONS,2014_0
10336,MENTIONS,2022_5
10346,MENTIONS,2022_5
10348,MENTIONS,2013_13
10348,MENTIONS,2022_5
10349,MENTIONS,2014_0
10349,MENTIONS,2022_5
10357,MENTIONS,2014_0
10357,MENTIONS,2022_5
10358,MENTIONS,2014_0
10358,MENTIONS,2021_37
10358,MENTIONS,2022_5
10364,MENTIONS,2020_29
10365,MENTIONS,2010_4
10365,MENTIONS,2021_5
10366,MENTIONS,2020_29
10368,MENTIONS,2017_0
10368,MENTIONS,2020_29
10368,MENTIONS,2021_5
10369,MENTIONS,2020_29
10375,MENTIONS,2014_0
10376,MENTIONS,2023_28
10378,MENTIONS,2022_5
10384,MENTIONS,2016_7
10388,MENTIONS,2022_5
10391,MENTIONS,2015_7
10391,MENTIONS,2021_35
10391,MENTIONS,2023_28
10392,MENTIONS,2021_5
10404,MENTIONS,2022_39
10414,MENTIONS,2020_8
10416,MENTIONS,2014_0
10416,MENTIONS,2022_5
10423,MENTIONS,2014_0
10423,MENTIONS,2022_5
10424,MENTIONS,2014_0
10424,MENTIONS,2022_5
10433,MENTIONS,2022_5
10436,MENTIONS,2014_0
10436,MENTIONS,2022_5
10439,MENTIONS,2008_3
10444,MENTIONS,2022_5
10445,MENTIONS,2020_29
10446,MENTIONS,2020_29
10448,MENTIONS,2002_3
10448,MENTIONS,2022_21
10454,MENTIONS,2002_3
10454,MENTIONS,2006_4
10454,MENTIONS,2022_9
10460,MENTIONS,2020_34
10460,MENTIONS,2022_39
10462,MENTIONS,2017_0
10470,MENTIONS,2014_0
10470,MENTIONS,2022_5
10471,MENTIONS,2014_0
10471,MENTIONS,2022_5
10472,MENTIONS,2022_5
10475,MENTIONS,2022_5
10477,MENTIONS,2008_3
10477,MENTIONS,2020_29
10478,MENTIONS,2014_0
10478,MENTIONS,2022_5
10480,MENTIONS,2023_28
10484,MENTIONS,2020_8
10487,MENTIONS,2002_3
10491,MENTIONS,2009_0
10499,MENTIONS,2022_39
10501,MENTIONS,2016_11
10501,MENTIONS,2020_29
10502,MENTIONS,2022_21
10503,MENTIONS,2020_29
10507,MENTIONS,2021_37
10507,MENTIONS,2022_5
10508,MENTIONS,2023_7
10509,MENTIONS,2020_29
10528,MENTIONS,2020_8
10533,MENTIONS,2020_29
10534,MENTIONS,2002_3
10535,MENTIONS,2002_3
10535,MENTIONS,2022_9
10536,MENTIONS,2022_9
10538,MENTIONS,2002_3
10539,MENTIONS,2002_3
10542,MENTIONS,2008_3
10542,MENTIONS,2020_29
10547,MENTIONS,2014_0
10547,MENTIONS,2022_1
10547,MENTIONS,2022_5
10551,MENTIONS,2022_5
10552,MENTIONS,2014_0
10552,MENTIONS,2022_5
10557,MENTIONS,2022_21
10566,MENTIONS,2022_25
10568,MENTIONS,2022_39
10577,MENTIONS,2014_0
10577,MENTIONS,2022_5
10578,MENTIONS,2014_0
10578,MENTIONS,2022_5
10580,MENTIONS,2014_0
10580,MENTIONS,2022_5
10581,MENTIONS,2022_5
10582,MENTIONS,2022_5
10583,MENTIONS,2022_39
10587,MENTIONS,2021_14
10601,MENTIONS,2015_1
10601,MENTIONS,2021_24
10602,MENTIONS,2016_11
10602,MENTIONS,2020_29
10603,MENTIONS,2008_3
10603,MENTIONS,2016_11
10603,MENTIONS,2020_29
10606,MENTIONS,2002_3
10607,MENTIONS,2002_3
10613,MENTIONS,2014_0
10613,MENTIONS,2015_6
10613,MENTIONS,2022_5
10616,MENTIONS,2022_5
10617,MENTIONS,2016_11
10617,MENTIONS,2017_0
10619,MENTIONS,2014_0
10619,MENTIONS,2022_5
10622,MENTIONS,2008_3
10622,MENTIONS,2016_11
10622,MENTIONS,2020_29
10623,MENTIONS,2002_12
10633,MENTIONS,2021_35
10637,MENTIONS,2014_0
10637,MENTIONS,2022_5
10638,MENTIONS,2022_5
10641,MENTIONS,2017_0
10641,MENTIONS,2020_29
10641,MENTIONS,2021_5
10646,MENTIONS,2008_3
10646,MENTIONS,2016_11
10646,MENTIONS,2020_29
10647,MENTIONS,2008_3
10647,MENTIONS,2016_11
10647,MENTIONS,2020_29
10649,MENTIONS,2008_3
10649,MENTIONS,2016_11
10649,MENTIONS,2020_29
10651,MENTIONS,2012_0
10651,MENTIONS,2014_0
10651,MENTIONS,2022_5
10653,MENTIONS,2009_0
10663,MENTIONS,2018_4
10664,MENTIONS,2014_0
10664,MENTIONS,2022_5
10722,MENTIONS,2022_39
10748,MENTIONS,2008_3
10748,MENTIONS,2016_2
10781,MENTIONS,2012_4
10789,MENTIONS,2017_7
10808,MENTIONS,2016_2
10815,MENTIONS,2017_7
10849,MENTIONS,2022_39
10856,MENTIONS,2022_29
10991,MENTIONS,2022_11
11033,MENTIONS,2012_4
11039,MENTIONS,2022_43
11149,MENTIONS,2022_39
11218,MENTIONS,2022_5
11221,MENTIONS,2023_15
11311,MENTIONS,2022_39
11389,MENTIONS,2020_1
11400,MENTIONS,2022_39
11442,MENTIONS,2005_12
11465,MENTIONS,2013_13
11465,MENTIONS,2022_5
11474,MENTIONS,2010_7
11476,MENTIONS,2017_0
11478,MENTIONS,2016_11
11485,MENTIONS,2001_6
11485,MENTIONS,2011_3
11494,MENTIONS,2008_3
11494,MENTIONS,2016_11
11494,MENTIONS,2017_0
11504,MENTIONS,2016_7
11529,MENTIONS,2016_11
11539,MENTIONS,2009_4
11551,MENTIONS,2007_2
11553,MENTIONS,2016_7
11585,MENTIONS,2002_12
11589,MENTIONS,2004_0
11606,MENTIONS,2002_3
11607,MENTIONS,2022_1
11655,MENTIONS,2020_29
11723,MENTIONS,2012_4
11735,MENTIONS,2004_0
11739,MENTIONS,2004_0
11743,MENTIONS,2012_4
11745,MENTIONS,2005_12
11745,MENTIONS,2012_4
11746,MENTIONS,2001_8
11746,MENTIONS,2007_2
11746,MENTIONS,2012_2
11749,MENTIONS,2012_6
11792,MENTIONS,2022_5
11847,MENTIONS,2001_6
11867,MENTIONS,2014_0
11867,MENTIONS,2022_5
11875,MENTIONS,2018_4
11888,MENTIONS,2022_5
11928,MENTIONS,2022_5
11937,MENTIONS,2016_7
11937,MENTIONS,2020_4
11945,MENTIONS,2002_3
11974,MENTIONS,2016_11
11986,MENTIONS,2017_8
11990,MENTIONS,2023_23
11992,MENTIONS,2022_29
12008,MENTIONS,2014_0
12008,MENTIONS,2022_5
12013,MENTIONS,2016_7
12014,MENTIONS,2016_2
12019,MENTIONS,2014_0
12019,MENTIONS,2022_5
12022,MENTIONS,2022_5
12024,MENTIONS,2014_0
12024,MENTIONS,2022_5
12031,MENTIONS,2005_12
12034,MENTIONS,2004_1
12036,MENTIONS,2015_7
12040,MENTIONS,2014_0
12040,MENTIONS,2022_5
12054,MENTIONS,2022_29
12055,MENTIONS,2022_29
12056,MENTIONS,2015_7
12062,MENTIONS,2022_29
12063,MENTIONS,2022_29
12067,MENTIONS,2015_7
12078,MENTIONS,2002_12
12079,MENTIONS,2014_0
12079,MENTIONS,2022_5
12080,MENTIONS,2014_0
12080,MENTIONS,2022_5
12081,MENTIONS,2016_11
12081,MENTIONS,2017_0
12133,MENTIONS,2016_6
12135,MENTIONS,2014_0
12213,MENTIONS,2005_3
12213,MENTIONS,2015_7
12244,MENTIONS,2013_13
12244,MENTIONS,2022_5
12246,MENTIONS,2022_5
12307,MENTIONS,2022_39
12308,MENTIONS,2022_39
12322,MENTIONS,2022_39
12394,MENTIONS,2016_11
12404,MENTIONS,2002_12
12409,MENTIONS,2002_3
12435,MENTIONS,2022_29
12438,MENTIONS,2017_8
12441,MENTIONS,2017_8
12523,MENTIONS,2008_3
12528,MENTIONS,2005_12
12535,MENTIONS,2012_4
12585,MENTIONS,2022_39
12603,MENTIONS,2006_10
12605,MENTIONS,2006_10
12614,MENTIONS,2022_39
12622,MENTIONS,2022_39
12629,MENTIONS,2022_39
12631,MENTIONS,2022_39
12632,MENTIONS,2016_7
12639,MENTIONS,2020_34
12639,MENTIONS,2022_39
12642,MENTIONS,2022_39
12651,MENTIONS,2022_39
12652,MENTIONS,2022_39
12664,MENTIONS,2002_3
12669,MENTIONS,2015_7
12674,MENTIONS,2002_3
12674,MENTIONS,2009_0
12675,MENTIONS,2009_0
12677,MENTIONS,2022_5
12687,MENTIONS,2016_7
12694,MENTIONS,2016_7
12695,MENTIONS,2016_7
12713,MENTIONS,2016_7
12726,MENTIONS,2017_7
12729,MENTIONS,2017_7
12802,MENTIONS,2022_39
12813,MENTIONS,2021_33
12832,MENTIONS,2020_19
12840,MENTIONS,2002_3
12840,MENTIONS,2021_33
12842,MENTIONS,2022_39
12870,MENTIONS,2015_7
12873,MENTIONS,2020_8
12875,MENTIONS,2021_33
12876,MENTIONS,2021_19
12877,MENTIONS,2002_3
12877,MENTIONS,2021_33
12879,MENTIONS,2020_8
12895,MENTIONS,2002_3
12911,MENTIONS,2022_39
12912,MENTIONS,2022_39
12914,MENTIONS,2022_39
12927,MENTIONS,2006_4
12941,MENTIONS,2021_33
13072,MENTIONS,2001_6
13096,MENTIONS,2020_37
13097,MENTIONS,2023_23
13103,MENTIONS,2016_7
13201,MENTIONS,2014_0
13201,MENTIONS,2022_5
13203,MENTIONS,2020_8
13204,MENTIONS,2021_1
13207,MENTIONS,2017_7
13311,MENTIONS,2021_5
13326,MENTIONS,2002_0
13436,MENTIONS,2001_8
13453,MENTIONS,2010_4
13459,MENTIONS,2002_3
13459,MENTIONS,2006_4
13460,MENTIONS,2002_3
13464,MENTIONS,2002_12
13541,MENTIONS,2009_0
13546,MENTIONS,2012_5
13546,MENTIONS,2016_11
13555,MENTIONS,2002_3
13563,MENTIONS,2014_0
13563,MENTIONS,2015_6
13563,MENTIONS,2022_5
13577,MENTIONS,2011_0
13586,MENTIONS,2010_4
13587,MENTIONS,2010_4
13611,MENTIONS,2022_39
13612,MENTIONS,2022_39
13624,MENTIONS,2016_11
13626,MENTIONS,2022_39
13632,MENTIONS,2009_0
13638,MENTIONS,2016_11
13738,MENTIONS,2016_7
13757,MENTIONS,2002_3
13775,MENTIONS,2012_4
13801,MENTIONS,2002_12
13827,MENTIONS,2014_0
13827,MENTIONS,2022_5
13838,MENTIONS,2022_39
13842,MENTIONS,2002_12
13916,MENTIONS,2013_6
14004,MENTIONS,2020_8
14015,MENTIONS,2022_38
14027,MENTIONS,2022_38
14032,MENTIONS,2001_8
14049,MENTIONS,2007_2
14050,MENTIONS,2007_2
14051,MENTIONS,2016_7
14053,MENTIONS,2001_8
14053,MENTIONS,2007_2
14061,MENTIONS,2007_2
14065,MENTIONS,2016_7
14067,MENTIONS,2007_2
14082,MENTIONS,2007_2
14089,MENTIONS,2016_10
14103,MENTIONS,2007_2
14104,MENTIONS,2009_0
14105,MENTIONS,2022_39
14119,MENTIONS,2007_2
14125,MENTIONS,2002_12
14142,MENTIONS,2020_8
14145,MENTIONS,2021_32
14151,MENTIONS,2007_2
14151,MENTIONS,2022_21
14152,MENTIONS,2002_12
14171,MENTIONS,2001_8
14171,MENTIONS,2007_2
14178,MENTIONS,2021_21
14181,MENTIONS,2022_39
14195,MENTIONS,2022_39
14203,MENTIONS,2021_32
14205,MENTIONS,2007_2
14221,MENTIONS,2007_2
14235,MENTIONS,2001_8
14235,MENTIONS,2007_2
14236,MENTIONS,2015_3
14240,MENTIONS,2022_38
14253,MENTIONS,2017_0
14256,MENTIONS,2014_0
14256,MENTIONS,2022_5
14257,MENTIONS,2014_0
14257,MENTIONS,2022_5
14267,MENTIONS,2002_12
14432,MENTIONS,2012_4
14434,MENTIONS,2016_11
14476,MENTIONS,2009_0
14476,MENTIONS,2021_39
14481,MENTIONS,2017_0
14493,MENTIONS,2016_11
14493,MENTIONS,2017_0
14527,MENTIONS,2017_0
14562,MENTIONS,2022_11
14565,MENTIONS,2022_5
14579,MENTIONS,2017_0
14588,MENTIONS,2016_11
14597,MENTIONS,2009_0
14610,MENTIONS,2016_10
14616,MENTIONS,2020_29
14617,MENTIONS,2020_29
14619,MENTIONS,2020_29
14641,MENTIONS,2016_7
14644,MENTIONS,2008_3
14644,MENTIONS,2016_11
14644,MENTIONS,2020_29
14682,MENTIONS,2001_12
14696,MENTIONS,2002_3
14697,MENTIONS,2022_36
14747,MENTIONS,2014_0
14747,MENTIONS,2022_5
14765,MENTIONS,2022_4
14770,MENTIONS,2020_29
14818,MENTIONS,2022_39
14821,MENTIONS,2016_1
14822,MENTIONS,2022_39
14833,MENTIONS,2021_5
14834,MENTIONS,2021_33
14843,MENTIONS,2022_39
14858,MENTIONS,2021_24
14858,MENTIONS,2023_23
14859,MENTIONS,2023_23
14865,MENTIONS,2002_3
14865,MENTIONS,2006_4
14865,MENTIONS,2022_9
14871,MENTIONS,2012_0
14871,MENTIONS,2014_0
14871,MENTIONS,2022_5
14873,MENTIONS,2008_3
14873,MENTIONS,2020_29
14875,MENTIONS,2002_3
14939,MENTIONS,2023_15
14946,MENTIONS,2016_7
14947,MENTIONS,2016_7
14966,MENTIONS,2016_11
14968,MENTIONS,2016_7
14970,MENTIONS,2017_0
14981,MENTIONS,2009_0
14993,MENTIONS,2005_12
15071,MENTIONS,2022_39
15084,MENTIONS,2016_7
15091,MENTIONS,2023_15
15135,MENTIONS,2020_8
15177,MENTIONS,2014_0
15177,MENTIONS,2022_5
15178,MENTIONS,2022_39
15182,MENTIONS,2002_12
15183,MENTIONS,2022_5
15185,MENTIONS,2022_5
15190,MENTIONS,2015_7
15195,MENTIONS,2014_0
15195,MENTIONS,2022_5
15196,MENTIONS,2022_5
15197,MENTIONS,2022_5
15212,MENTIONS,2014_0
15212,MENTIONS,2022_5
15224,MENTIONS,2022_39
15229,MENTIONS,2022_5
15234,MENTIONS,2022_5
15239,MENTIONS,2014_0
15239,MENTIONS,2022_5
15243,MENTIONS,2014_0
15243,MENTIONS,2022_5
15244,MENTIONS,2022_5
15246,MENTIONS,2022_35
15252,MENTIONS,2014_0
15252,MENTIONS,2022_5
15253,MENTIONS,2014_0
15253,MENTIONS,2022_5
15255,MENTIONS,2021_32
15259,MENTIONS,2009_0
15322,MENTIONS,2005_12
15328,MENTIONS,2002_3
15331,MENTIONS,2006_4
15357,MENTIONS,2014_0
15357,MENTIONS,2022_5
15359,MENTIONS,2021_35
15412,MENTIONS,2022_5
15430,MENTIONS,2022_5
15468,MENTIONS,2009_4
15545,MENTIONS,2011_2
15578,MENTIONS,2002_12
15580,MENTIONS,2018_1
15629,MENTIONS,2022_11
15649,MENTIONS,2022_11
15662,MENTIONS,2022_5
15730,MENTIONS,2016_7
15751,MENTIONS,2010_4
15755,MENTIONS,2022_5
15757,MENTIONS,2010_4
15758,MENTIONS,2010_4
15759,MENTIONS,2010_4
15770,MENTIONS,2010_4
15779,MENTIONS,2022_5
15782,MENTIONS,2010_4
15787,MENTIONS,2023_23
15792,MENTIONS,2014_0
15792,MENTIONS,2022_5
15798,MENTIONS,2016_7
15805,MENTIONS,2010_4
15812,MENTIONS,2010_4
15814,MENTIONS,2022_5
15815,MENTIONS,2010_4
15820,MENTIONS,2010_4
15830,MENTIONS,2022_29
15842,MENTIONS,2021_39
15844,MENTIONS,2014_0
15844,MENTIONS,2022_5
15852,MENTIONS,2020_25
15874,MENTIONS,2020_29
15888,MENTIONS,2021_5
15890,MENTIONS,2002_3
15899,MENTIONS,2020_8
15903,MENTIONS,2004_0
15904,MENTIONS,2020_16
15920,MENTIONS,2020_29
15923,MENTIONS,2006_4
15923,MENTIONS,2016_11
15925,MENTIONS,2006_4
15932,MENTIONS,2020_29
15944,MENTIONS,2020_32
15978,MENTIONS,2004_0
15978,MENTIONS,2020_29
15995,MENTIONS,2020_16
15997,MENTIONS,2006_4
16007,MENTIONS,2008_3
16007,MENTIONS,2020_29
16008,MENTIONS,2016_11
16008,MENTIONS,2020_29
16009,MENTIONS,2017_0
16010,MENTIONS,2020_29
16011,MENTIONS,2012_5
16021,MENTIONS,2008_3
16021,MENTIONS,2012_5
16021,MENTIONS,2020_29
16057,MENTIONS,2022_39
16058,MENTIONS,2021_42
16079,MENTIONS,2022_39
16086,MENTIONS,2022_39
16089,MENTIONS,2023_17
16113,MENTIONS,2014_0
16113,MENTIONS,2022_5
16114,MENTIONS,2022_5
16137,MENTIONS,2014_0
16137,MENTIONS,2022_5
16165,MENTIONS,2016_7
16175,MENTIONS,2016_11
16176,MENTIONS,2016_7
16208,MENTIONS,2016_7
16212,MENTIONS,2017_0
16224,MENTIONS,2008_3
16224,MENTIONS,2016_11
16232,MENTIONS,2008_3
16232,MENTIONS,2016_11
16242,MENTIONS,2016_11
16257,MENTIONS,2017_0
16259,MENTIONS,2008_3
16259,MENTIONS,2016_11
16259,MENTIONS,2017_0
16261,MENTIONS,2008_3
16261,MENTIONS,2016_11
16262,MENTIONS,2016_7
16265,MENTIONS,2016_7
16268,MENTIONS,2005_6
16268,MENTIONS,2016_7
16269,MENTIONS,2023_23
16282,MENTIONS,2020_8
16288,MENTIONS,2016_7
16293,MENTIONS,2014_0
16293,MENTIONS,2021_37
16293,MENTIONS,2022_5
16313,MENTIONS,2021_39
16322,MENTIONS,2022_5
16323,MENTIONS,2021_1
16332,MENTIONS,2001_10
16349,MENTIONS,2022_9
16365,MENTIONS,2020_11
16404,MENTIONS,2016_7
16429,MENTIONS,2002_12
16434,MENTIONS,2023_15
16440,MENTIONS,2006_4
16445,MENTIONS,2002_3
16457,MENTIONS,2018_4
16502,MENTIONS,2002_12
16551,MENTIONS,2022_39
16562,MENTIONS,2005_12
16577,MENTIONS,2004_0
16579,MENTIONS,2020_11
16584,MENTIONS,2014_0
16584,MENTIONS,2022_5
16604,MENTIONS,2016_7
16617,MENTIONS,2016_7
16621,MENTIONS,2022_5
16658,MENTIONS,2018_4
16668,MENTIONS,2016_7
16670,MENTIONS,2009_0
16672,MENTIONS,2022_38
16676,MENTIONS,2020_29
16680,MENTIONS,2023_28
16682,MENTIONS,2020_7
16683,MENTIONS,2021_25
16685,MENTIONS,2020_7
16686,MENTIONS,2020_7
16724,MENTIONS,2001_2
16724,MENTIONS,2008_3
16724,MENTIONS,2017_0
16724,MENTIONS,2020_29
16732,MENTIONS,2006_4
16732,MENTIONS,2013_8
16734,MENTIONS,2002_4
16735,MENTIONS,2010_7
16739,MENTIONS,2008_3
16741,MENTIONS,2013_8
16742,MENTIONS,2013_8
16783,MENTIONS,2018_4
16784,MENTIONS,2014_0
16784,MENTIONS,2022_5
16796,MENTIONS,2014_0
16796,MENTIONS,2022_5
16801,MENTIONS,2022_39
16802,MENTIONS,2022_39
16803,MENTIONS,2022_39
16859,MENTIONS,2009_0
16882,MENTIONS,2006_8
16975,MENTIONS,2001_6
16975,MENTIONS,2022_5
16976,MENTIONS,2022_5
16977,MENTIONS,2014_0
16986,MENTIONS,2016_11
16986,MENTIONS,2017_0
16997,MENTIONS,2009_0
17038,MENTIONS,2017_0
17059,MENTIONS,2022_5
17084,MENTIONS,2022_5
17090,MENTIONS,2001_12
17115,MENTIONS,2017_8
17121,MENTIONS,2020_29
17131,MENTIONS,2020_34
17131,MENTIONS,2022_39
17133,MENTIONS,2022_39
17134,MENTIONS,2022_39
17138,MENTIONS,2022_39
17146,MENTIONS,2022_39
17148,MENTIONS,2022_39
17151,MENTIONS,2022_39
17154,MENTIONS,2022_39
17156,MENTIONS,2022_39
17157,MENTIONS,2022_39
17161,MENTIONS,2022_39
17163,MENTIONS,2022_39
17164,MENTIONS,2016_11
17168,MENTIONS,2016_11
17171,MENTIONS,2009_4
17188,MENTIONS,2022_39
17189,MENTIONS,2016_7
17212,MENTIONS,2007_2
17216,MENTIONS,2001_8
17230,MENTIONS,2009_0
17270,MENTIONS,2016_11
17319,MENTIONS,2022_39
17363,MENTIONS,2002_12
17378,MENTIONS,2022_39
17404,MENTIONS,2022_39
17434,MENTIONS,2006_8
17467,MENTIONS,2016_11
17467,MENTIONS,2017_0
17473,MENTIONS,2009_0
17505,MENTIONS,2004_0
17508,MENTIONS,2021_33
17518,MENTIONS,2020_29
17520,MENTIONS,2021_5
17529,MENTIONS,2022_10
17536,MENTIONS,2005_8
17536,MENTIONS,2021_5
17537,MENTIONS,2022_5
17540,MENTIONS,2008_3
17540,MENTIONS,2020_29
17545,MENTIONS,2009_1
17545,MENTIONS,2021_27
17547,MENTIONS,2021_5
17551,MENTIONS,2021_5
17553,MENTIONS,2002_3
17553,MENTIONS,2006_4
17553,MENTIONS,2008_3
17553,MENTIONS,2022_9
17556,MENTIONS,2016_6
17563,MENTIONS,2020_29
17568,MENTIONS,2002_12
17574,MENTIONS,2005_12
17574,MENTIONS,2012_4
17575,MENTIONS,2020_29
17580,MENTIONS,2022_19
17582,MENTIONS,2020_29
17590,MENTIONS,2020_29
17591,MENTIONS,2021_5
17593,MENTIONS,2016_10
17598,MENTIONS,2020_29
17600,MENTIONS,2008_3
17600,MENTIONS,2020_29
17619,MENTIONS,2016_7
17620,MENTIONS,2009_0
17635,MENTIONS,2016_7
17661,MENTIONS,2022_5
17669,MENTIONS,2022_5
17670,MENTIONS,2014_0
17670,MENTIONS,2022_5
17671,MENTIONS,2022_5
17672,MENTIONS,2015_7
17675,MENTIONS,2022_5
17676,MENTIONS,2022_5
17696,MENTIONS,2014_0
17696,MENTIONS,2022_5
17699,MENTIONS,2022_39
17700,MENTIONS,2006_5
17701,MENTIONS,2004_0
17702,MENTIONS,2023_23
17703,MENTIONS,2001_6
17703,MENTIONS,2005_1
17725,MENTIONS,2022_16
17730,MENTIONS,2015_7
17732,MENTIONS,2015_7
17732,MENTIONS,2021_35
17734,MENTIONS,2023_15
17736,MENTIONS,2002_3
17736,MENTIONS,2006_4
17736,MENTIONS,2022_9
17740,MENTIONS,2016_11
17740,MENTIONS,2017_0
17741,MENTIONS,2022_35
17742,MENTIONS,2022_16
17743,MENTIONS,2016_7
17746,MENTIONS,2018_1
17751,MENTIONS,2002_3
17756,MENTIONS,2022_39
17773,MENTIONS,2022_39
17781,MENTIONS,2017_0
17789,MENTIONS,2022_39
17803,MENTIONS,2022_39
17806,MENTIONS,2017_0
17806,MENTIONS,2020_29
17806,MENTIONS,2021_1
17807,MENTIONS,2021_42
17884,MENTIONS,2016_11
17942,MENTIONS,2016_11
17944,MENTIONS,2017_0
17981,MENTIONS,2001_2
17981,MENTIONS,2008_3
17981,MENTIONS,2016_11
18048,MENTIONS,2022_11
18054,MENTIONS,2013_8
18076,MENTIONS,2009_0
18082,MENTIONS,2009_0
18085,MENTIONS,2009_0
18086,MENTIONS,2009_0
18087,MENTIONS,2009_0
18088,MENTIONS,2009_0
18089,MENTIONS,2009_0
18090,MENTIONS,2009_0
18094,MENTIONS,2009_0
18099,MENTIONS,2009_0
18100,MENTIONS,2009_0
18101,MENTIONS,2009_0
18101,MENTIONS,2021_39
18104,MENTIONS,2009_0
18106,MENTIONS,2009_0
18107,MENTIONS,2009_0
18108,MENTIONS,2009_0
18110,MENTIONS,2009_0
18113,MENTIONS,2009_0
18114,MENTIONS,2009_0
18116,MENTIONS,2009_0
18117,MENTIONS,2021_39
18120,MENTIONS,2009_0
18121,MENTIONS,2009_0
18122,MENTIONS,2009_0
18124,MENTIONS,2009_0
18125,MENTIONS,2009_0
18126,MENTIONS,2009_0
18127,MENTIONS,2009_0
18130,MENTIONS,2009_0
18134,MENTIONS,2009_0
18135,MENTIONS,2009_0
18137,MENTIONS,2009_0
18138,MENTIONS,2009_0
18142,MENTIONS,2009_0
18143,MENTIONS,2009_0
18144,MENTIONS,2009_0
18146,MENTIONS,2009_0
18147,MENTIONS,2009_0
18151,MENTIONS,2009_0
18152,MENTIONS,2009_0
18157,MENTIONS,2009_0
18158,MENTIONS,2009_0
18164,MENTIONS,2009_0
18173,MENTIONS,2009_0
18176,MENTIONS,2009_0
18177,MENTIONS,2009_0
18180,MENTIONS,2009_0
18181,MENTIONS,2009_0
18183,MENTIONS,2009_0
18184,MENTIONS,2009_0
18185,MENTIONS,2009_0
18186,MENTIONS,2009_0
18187,MENTIONS,2009_0
18189,MENTIONS,2009_0
18190,MENTIONS,2009_0
18191,MENTIONS,2009_0
18192,MENTIONS,2009_0
18194,MENTIONS,2009_0
18197,MENTIONS,2009_0
18198,MENTIONS,2009_0
18199,MENTIONS,2009_0
18201,MENTIONS,2009_0
18203,MENTIONS,2009_0
18205,MENTIONS,2009_0
18206,MENTIONS,2009_0
18211,MENTIONS,2009_0
18213,MENTIONS,2009_0
18218,MENTIONS,2009_0
18221,MENTIONS,2009_0
18222,MENTIONS,2009_0
18223,MENTIONS,2009_0
18226,MENTIONS,2009_0
18230,MENTIONS,2009_0
18231,MENTIONS,2009_0
18233,MENTIONS,2002_12
18234,MENTIONS,2002_3
18235,MENTIONS,2009_0
18238,MENTIONS,2009_0
18241,MENTIONS,2009_0
18243,MENTIONS,2009_0
18244,MENTIONS,2009_0
18246,MENTIONS,2009_0
18247,MENTIONS,2009_0
18251,MENTIONS,2018_1
18253,MENTIONS,2009_0
18254,MENTIONS,2020_1
18255,MENTIONS,2009_0
18256,MENTIONS,2009_0
18257,MENTIONS,2009_0
18258,MENTIONS,2009_0
18260,MENTIONS,2009_0
18263,MENTIONS,2009_0
18264,MENTIONS,2009_0
18265,MENTIONS,2009_0
18268,MENTIONS,2009_0
18275,MENTIONS,2022_38
18287,MENTIONS,2023_15
18288,MENTIONS,2022_5
18288,MENTIONS,2023_23
18295,MENTIONS,2022_5
18308,MENTIONS,2016_7
18328,MENTIONS,2022_5
18336,MENTIONS,2021_8
18355,MENTIONS,2022_5
18392,MENTIONS,2009_0
18407,MENTIONS,2009_0
18411,MENTIONS,2016_7
18413,MENTIONS,2013_10
18422,MENTIONS,2009_0
18428,MENTIONS,2002_3
18428,MENTIONS,2021_33
18441,MENTIONS,2006_4
18535,MENTIONS,2008_3
18535,MENTIONS,2017_0
18552,MENTIONS,2019_8
18555,MENTIONS,2002_12
18557,MENTIONS,2020_9
18557,MENTIONS,2021_42
18591,MENTIONS,2021_45
18593,MENTIONS,2014_0
18593,MENTIONS,2022_5
18599,MENTIONS,2014_0
18599,MENTIONS,2022_5
18635,MENTIONS,2001_6
18635,MENTIONS,2006_3
18635,MENTIONS,2011_7
18687,MENTIONS,2022_5
18688,MENTIONS,2014_0
18688,MENTIONS,2022_5
18754,MENTIONS,2020_8
18756,MENTIONS,2018_4
18803,MENTIONS,2022_5
18808,MENTIONS,2014_0
18808,MENTIONS,2022_5
18809,MENTIONS,2022_5
18814,MENTIONS,2022_39
18819,MENTIONS,2022_39
18823,MENTIONS,2022_5
18839,MENTIONS,2005_1
18866,MENTIONS,2021_42
18920,MENTIONS,2022_5
18922,MENTIONS,2014_0
18922,MENTIONS,2022_5
18937,MENTIONS,2009_4
18966,MENTIONS,2008_3
18966,MENTIONS,2016_11
18989,MENTIONS,2022_5
19000,MENTIONS,2014_0
19000,MENTIONS,2022_5
19011,MENTIONS,2016_11
19035,MENTIONS,2020_29
19051,MENTIONS,2020_7
19060,MENTIONS,2020_29
19064,MENTIONS,2020_8
19079,MENTIONS,2002_12
19082,MENTIONS,2001_10
19089,MENTIONS,2020_29
19103,MENTIONS,2016_7
19103,MENTIONS,2020_4
19104,MENTIONS,2016_7
19105,MENTIONS,2016_7
19106,MENTIONS,2016_7
19107,MENTIONS,2016_7
19108,MENTIONS,2016_7
19109,MENTIONS,2016_7
19110,MENTIONS,2016_7
19111,MENTIONS,2016_7
19112,MENTIONS,2016_7
19113,MENTIONS,2016_7
19114,MENTIONS,2016_7
19115,MENTIONS,2016_7
19116,MENTIONS,2016_7
19117,MENTIONS,2016_7
19118,MENTIONS,2016_7
19119,MENTIONS,2016_7
19121,MENTIONS,2016_7
19122,MENTIONS,2016_7
19124,MENTIONS,2016_7
19124,MENTIONS,2020_4
19125,MENTIONS,2016_7
19125,MENTIONS,2020_4
19128,MENTIONS,2016_7
19129,MENTIONS,2016_7
19130,MENTIONS,2016_7
19131,MENTIONS,2016_7
19132,MENTIONS,2016_7
19133,MENTIONS,2016_7
19135,MENTIONS,2009_0
19231,MENTIONS,2020_4
19237,MENTIONS,2020_4
19241,MENTIONS,2015_7
19242,MENTIONS,2020_4
19251,MENTIONS,2016_7
19262,MENTIONS,2020_4
19264,MENTIONS,2021_24
19445,MENTIONS,2022_29
19473,MENTIONS,2022_39
19475,MENTIONS,2009_0
19496,MENTIONS,2022_39
19501,MENTIONS,2014_0
19501,MENTIONS,2022_5
19517,MENTIONS,2003_2
19536,MENTIONS,2013_10
19546,MENTIONS,2022_35
19552,MENTIONS,2022_5
19556,MENTIONS,2009_0
19566,MENTIONS,2014_0
19566,MENTIONS,2022_5
19569,MENTIONS,2008_4
19571,MENTIONS,2016_7
19571,MENTIONS,2020_4
19572,MENTIONS,2014_0
19593,MENTIONS,2002_3
19593,MENTIONS,2006_4
19593,MENTIONS,2022_9
19596,MENTIONS,2002_3
19606,MENTIONS,2022_5
19607,MENTIONS,2014_0
19607,MENTIONS,2022_5
19608,MENTIONS,2020_8
19624,MENTIONS,2018_1
19625,MENTIONS,2018_4
19629,MENTIONS,2016_7
19633,MENTIONS,2023_23
19636,MENTIONS,2017_0
19646,MENTIONS,2021_7
19679,MENTIONS,2020_1
19680,MENTIONS,2004_0
19690,MENTIONS,2002_12
19706,MENTIONS,2002_12
19724,MENTIONS,2006_5
19731,MENTIONS,2009_0
19735,MENTIONS,2022_5
19750,MENTIONS,2009_0
19754,MENTIONS,2021_24
19754,MENTIONS,2023_23
19760,MENTIONS,2022_39
19771,MENTIONS,2016_11
19797,MENTIONS,2020_29
19805,MENTIONS,2022_5
19810,MENTIONS,2016_6
19811,MENTIONS,2008_3
19811,MENTIONS,2016_11
19811,MENTIONS,2017_0
19818,MENTIONS,2022_9
19829,MENTIONS,2014_0
19829,MENTIONS,2022_5
19833,MENTIONS,2006_4
19857,MENTIONS,2020_8
19868,MENTIONS,2022_39
19913,MENTIONS,2014_0
19913,MENTIONS,2022_5
19914,MENTIONS,2022_5
19919,MENTIONS,2014_0
19926,MENTIONS,2007_1
19926,MENTIONS,2022_21
19931,MENTIONS,2014_0
19931,MENTIONS,2022_5
19932,MENTIONS,2022_5
19947,MENTIONS,2009_0
19964,MENTIONS,2008_3
19973,MENTIONS,2022_39
19981,MENTIONS,2002_12
20004,MENTIONS,2022_5
20007,MENTIONS,2002_11
20007,MENTIONS,2014_0
20007,MENTIONS,2022_5
20009,MENTIONS,2014_0
20009,MENTIONS,2022_5
20016,MENTIONS,2022_5
20017,MENTIONS,2022_5
20018,MENTIONS,2022_5
20021,MENTIONS,2022_5
20052,MENTIONS,2006_2
20053,MENTIONS,2022_5
20055,MENTIONS,2014_0
20055,MENTIONS,2022_5
20085,MENTIONS,2009_0
20086,MENTIONS,2009_0
20088,MENTIONS,2016_11
20088,MENTIONS,2017_0
20196,MENTIONS,2016_6
20196,MENTIONS,2022_39
20199,MENTIONS,2008_3
20203,MENTIONS,2022_5
20210,MENTIONS,2022_5
20213,MENTIONS,2015_7
20224,MENTIONS,2022_5
20227,MENTIONS,2022_5
20236,MENTIONS,2022_5
20240,MENTIONS,2014_0
20240,MENTIONS,2022_5
20245,MENTIONS,2022_5
20252,MENTIONS,2013_13
20252,MENTIONS,2022_5
20264,MENTIONS,2015_7
20271,MENTIONS,2015_7
20295,MENTIONS,2018_1
20300,MENTIONS,2018_1
20339,MENTIONS,2016_11
20339,MENTIONS,2017_0
20347,MENTIONS,2012_5
20366,MENTIONS,2020_8
20376,MENTIONS,2022_5
20477,MENTIONS,2017_7
20492,MENTIONS,2002_12
20580,MENTIONS,2022_4
20597,MENTIONS,2002_12
20603,MENTIONS,2004_0
20609,MENTIONS,2012_4
20624,MENTIONS,2017_0
20679,MENTIONS,2009_0
20681,MENTIONS,2009_0
20683,MENTIONS,2021_39
20713,MENTIONS,2022_39
20714,MENTIONS,2022_5
20718,MENTIONS,2009_4
20727,MENTIONS,2006_4
20734,MENTIONS,2009_0
20734,MENTIONS,2021_39
20742,MENTIONS,2008_3
20742,MENTIONS,2017_0
20743,MENTIONS,2016_11
20749,MENTIONS,2006_4
20765,MENTIONS,2022_5
20769,MENTIONS,2016_11
20775,MENTIONS,2002_3
20783,MENTIONS,2002_3
20788,MENTIONS,2016_11
20788,MENTIONS,2017_0
20792,MENTIONS,2016_7
20798,MENTIONS,2016_7
20802,MENTIONS,2013_10
20835,MENTIONS,2022_29
20849,MENTIONS,2017_0
20892,MENTIONS,2022_39
20899,MENTIONS,2017_6
20910,MENTIONS,2004_0
20914,MENTIONS,2022_39
20934,MENTIONS,2022_39
20935,MENTIONS,2022_39
20937,MENTIONS,2022_39
20989,MENTIONS,2001_2
20989,MENTIONS,2008_3
21033,MENTIONS,2009_0
21046,MENTIONS,2002_3
21047,MENTIONS,2013_10
21083,MENTIONS,2008_3
21117,MENTIONS,2023_15
21121,MENTIONS,2017_0
21129,MENTIONS,2022_19
21130,MENTIONS,2023_15
21162,MENTIONS,2007_2
21166,MENTIONS,2022_39
21173,MENTIONS,2013_10
21211,MENTIONS,2020_23
21214,MENTIONS,2022_39
21216,MENTIONS,2002_12
21218,MENTIONS,2005_4
21218,MENTIONS,2020_24
21223,MENTIONS,2020_7
21247,MENTIONS,2014_0
21247,MENTIONS,2022_5
21273,MENTIONS,2022_5
21276,MENTIONS,2009_0
21278,MENTIONS,2014_0
21278,MENTIONS,2022_5
21288,MENTIONS,2020_36
21292,MENTIONS,2021_21
21313,MENTIONS,2006_8
21335,MENTIONS,2007_2
21336,MENTIONS,2022_39
21342,MENTIONS,2020_8
21364,MENTIONS,2021_39
21391,MENTIONS,2022_5
21392,MENTIONS,2022_5
21395,MENTIONS,2014_0
21395,MENTIONS,2022_5
21402,MENTIONS,2022_43
21438,MENTIONS,2015_3
21438,MENTIONS,2020_8
21440,MENTIONS,2022_5
21454,MENTIONS,2005_6
21454,MENTIONS,2016_7
21481,MENTIONS,2022_39
21489,MENTIONS,2017_8
21491,MENTIONS,2017_8
21497,MENTIONS,2017_8
21499,MENTIONS,2012_1
21499,MENTIONS,2017_8
21504,MENTIONS,2017_8
21507,MENTIONS,2002_12
21532,MENTIONS,2005_12
21536,MENTIONS,2022_39
21541,MENTIONS,2022_5
21551,MENTIONS,2017_0
21556,MENTIONS,2002_12
21583,MENTIONS,2022_5
21586,MENTIONS,2008_3
21586,MENTIONS,2017_0
21605,MENTIONS,2006_8
21606,MENTIONS,2022_39
21608,MENTIONS,2022_39
21614,MENTIONS,2022_39
21616,MENTIONS,2022_39
21666,MENTIONS,2018_4
21728,MENTIONS,2014_0
21728,MENTIONS,2022_5
21786,MENTIONS,2022_5
21837,MENTIONS,2022_39
21840,MENTIONS,2008_3
21840,MENTIONS,2016_11
21845,MENTIONS,2002_12
21851,MENTIONS,2016_11
21872,MENTIONS,2023_23
21894,MENTIONS,2022_39
21895,MENTIONS,2022_39
21896,MENTIONS,2022_39
21898,MENTIONS,2022_39
21899,MENTIONS,2022_39
21900,MENTIONS,2022_39
21901,MENTIONS,2022_39
21903,MENTIONS,2022_39
21905,MENTIONS,2022_39
21907,MENTIONS,2022_39
21908,MENTIONS,2022_39
21922,MENTIONS,2022_11
21980,MENTIONS,2012_4
21983,MENTIONS,2017_8
22058,MENTIONS,2022_5
22059,MENTIONS,2005_12
22089,MENTIONS,2023_25
22091,MENTIONS,2023_23
22108,MENTIONS,2021_24
22130,MENTIONS,2014_0
22130,MENTIONS,2022_5
22141,MENTIONS,2017_0
22142,MENTIONS,2008_3
22148,MENTIONS,2022_5
22174,MENTIONS,2022_5
22186,MENTIONS,2021_7
22187,MENTIONS,2014_0
22187,MENTIONS,2022_5
22195,MENTIONS,2023_23
22196,MENTIONS,2022_1
22197,MENTIONS,2023_23
22218,MENTIONS,2003_2
22218,MENTIONS,2022_5
22255,MENTIONS,2017_0
22287,MENTIONS,2002_12
22287,MENTIONS,2012_6
22291,MENTIONS,2022_38
22304,MENTIONS,2002_12
22306,MENTIONS,2002_12
22315,MENTIONS,2009_0
22329,MENTIONS,2022_38
22330,MENTIONS,2022_5
22336,MENTIONS,2002_12
22339,MENTIONS,2022_39
22340,MENTIONS,2002_12
22340,MENTIONS,2022_5
22349,MENTIONS,2002_12
22349,MENTIONS,2022_38
22350,MENTIONS,2002_12
22357,MENTIONS,2022_5
22359,MENTIONS,2002_12
22365,MENTIONS,2013_10
22375,MENTIONS,2022_39
22380,MENTIONS,2022_39
22381,MENTIONS,2022_39
22383,MENTIONS,2022_39
22407,MENTIONS,2022_38
22425,MENTIONS,2002_12
22433,MENTIONS,2022_39
22445,MENTIONS,2022_38
22449,MENTIONS,2002_12
22449,MENTIONS,2022_38
22457,MENTIONS,2022_39
22465,MENTIONS,2022_21
22474,MENTIONS,2022_39
22477,MENTIONS,2011_1
22480,MENTIONS,2022_39
22517,MENTIONS,2016_7
22529,MENTIONS,2022_39
22587,MENTIONS,2018_4
22590,MENTIONS,2007_1
22590,MENTIONS,2022_21
22600,MENTIONS,2017_7
22615,MENTIONS,2012_4
22617,MENTIONS,2005_12
22617,MENTIONS,2017_7
22618,MENTIONS,2017_7
22692,MENTIONS,2017_7
22736,MENTIONS,2009_0
22764,MENTIONS,2016_0
22771,MENTIONS,2020_20
22778,MENTIONS,2014_0
22778,MENTIONS,2022_5
22786,MENTIONS,2020_8
22788,MENTIONS,2022_5
22789,MENTIONS,2022_5
22799,MENTIONS,2016_7
22801,MENTIONS,2016_7
22812,MENTIONS,2022_5
22817,MENTIONS,2014_0
22817,MENTIONS,2022_5
22818,MENTIONS,2016_7
22821,MENTIONS,2016_7
22823,MENTIONS,2016_7
22852,MENTIONS,2014_0
22852,MENTIONS,2022_5
22853,MENTIONS,2014_5
22853,MENTIONS,2020_8
22855,MENTIONS,2014_0
22855,MENTIONS,2022_5
22856,MENTIONS,2014_0
22856,MENTIONS,2022_5
22857,MENTIONS,2014_0
22860,MENTIONS,2008_3
22860,MENTIONS,2020_8
22862,MENTIONS,2014_0
22863,MENTIONS,2014_0
22863,MENTIONS,2022_5
22867,MENTIONS,2016_7
22870,MENTIONS,2014_0
22870,MENTIONS,2022_5
22873,MENTIONS,2020_8
22874,MENTIONS,2022_5
22944,MENTIONS,2009_0
22967,MENTIONS,2013_13
22984,MENTIONS,2016_7
22991,MENTIONS,2005_3
22998,MENTIONS,2015_7
23006,MENTIONS,2023_28
23008,MENTIONS,2012_5
23008,MENTIONS,2016_11
23040,MENTIONS,2018_4
23048,MENTIONS,2001_10
23048,MENTIONS,2016_7
23051,MENTIONS,2017_0
23055,MENTIONS,2004_0
23062,MENTIONS,2012_4
23096,MENTIONS,2013_8
23097,MENTIONS,2016_7
23099,MENTIONS,2016_7
23100,MENTIONS,2016_7
23101,MENTIONS,2016_7
23102,MENTIONS,2016_7
23110,MENTIONS,2017_0
23127,MENTIONS,2016_7
23128,MENTIONS,2016_11
23132,MENTIONS,2008_3
23132,MENTIONS,2017_0
23133,MENTIONS,2016_11
23149,MENTIONS,2016_11
23149,MENTIONS,2017_6
23159,MENTIONS,2017_0
23162,MENTIONS,2008_3
23162,MENTIONS,2016_11
23162,MENTIONS,2017_4
23166,MENTIONS,2013_8
23167,MENTIONS,2016_7
23168,MENTIONS,2018_4
23172,MENTIONS,2018_1
23192,MENTIONS,2014_0
23198,MENTIONS,2014_0
23219,MENTIONS,2022_39
23223,MENTIONS,2020_40
23230,MENTIONS,2022_11
23246,MENTIONS,2012_5
23253,MENTIONS,2016_11
23253,MENTIONS,2017_0
23254,MENTIONS,2008_3
23254,MENTIONS,2016_11
23254,MENTIONS,2017_0
23256,MENTIONS,2016_11
23256,MENTIONS,2017_0
23257,MENTIONS,2017_0
23270,MENTIONS,2017_0
23354,MENTIONS,2002_12
23354,MENTIONS,2020_40
23364,MENTIONS,2013_13
23364,MENTIONS,2022_5
23369,MENTIONS,2002_8
23440,MENTIONS,2009_0
23452,MENTIONS,2009_0
23454,MENTIONS,2009_0
23464,MENTIONS,2009_0
23464,MENTIONS,2021_39
23490,MENTIONS,2020_40
23555,MENTIONS,2020_29
23558,MENTIONS,2020_40
23622,MENTIONS,2020_40
23629,MENTIONS,2002_12
23629,MENTIONS,2020_40
23648,MENTIONS,2022_4
23668,MENTIONS,2020_41
23671,MENTIONS,2020_8
23676,MENTIONS,2006_4
23683,MENTIONS,2015_7
23708,MENTIONS,2010_4
23710,MENTIONS,2010_4
23712,MENTIONS,2022_5
23713,MENTIONS,2014_0
23713,MENTIONS,2022_5
23714,MENTIONS,2014_0
23714,MENTIONS,2022_5
23715,MENTIONS,2023_28
23722,MENTIONS,2020_40
23743,MENTIONS,2011_1
23746,MENTIONS,2014_0
23746,MENTIONS,2022_5
23749,MENTIONS,2020_40
23750,MENTIONS,2014_0
23750,MENTIONS,2022_5
23751,MENTIONS,2014_0
23751,MENTIONS,2015_6
23751,MENTIONS,2022_5
23771,MENTIONS,2022_39
23773,MENTIONS,2022_39
23774,MENTIONS,2022_39
23775,MENTIONS,2006_4
23782,MENTIONS,2022_39
23785,MENTIONS,2022_39
23786,MENTIONS,2022_39
23800,MENTIONS,2022_11
23802,MENTIONS,2022_39
23805,MENTIONS,2022_39
23815,MENTIONS,2022_39
23817,MENTIONS,2013_10
23898,MENTIONS,2009_0
23910,MENTIONS,2020_40
23924,MENTIONS,2020_40
23947,MENTIONS,2002_12
23947,MENTIONS,2020_40
23960,MENTIONS,2020_40
23980,MENTIONS,2016_11
23985,MENTIONS,2016_1
23989,MENTIONS,2001_6
23989,MENTIONS,2020_29
24019,MENTIONS,2022_5
24029,MENTIONS,2005_12
24036,MENTIONS,2018_4
24040,MENTIONS,2022_5
24043,MENTIONS,2022_5
24049,MENTIONS,2009_0
24085,MENTIONS,2017_0
24108,MENTIONS,2002_12
24108,MENTIONS,2020_8
24108,MENTIONS,2020_40
24118,MENTIONS,2002_12
24118,MENTIONS,2020_40
24121,MENTIONS,2002_3
24121,MENTIONS,2002_12
24121,MENTIONS,2020_40
24128,MENTIONS,2002_12
24130,MENTIONS,2018_0
24131,MENTIONS,2018_0
24172,MENTIONS,2022_39
24179,MENTIONS,2020_40
24201,MENTIONS,2022_5
24223,MENTIONS,2023_23
24253,MENTIONS,2020_40
24278,MENTIONS,2022_39
24282,MENTIONS,2017_4
24295,MENTIONS,2003_2
24317,MENTIONS,2002_12
24317,MENTIONS,2020_40
24334,MENTIONS,2012_4
24338,MENTIONS,2012_4
24339,MENTIONS,2005_12
24340,MENTIONS,2005_12
24404,MENTIONS,2020_40
24404,MENTIONS,2022_5
24458,MENTIONS,2020_40
24459,MENTIONS,2002_12
24461,MENTIONS,2020_40
24462,MENTIONS,2020_40
24463,MENTIONS,2020_40
24464,MENTIONS,2020_40
24465,MENTIONS,2002_12
24465,MENTIONS,2020_40
24466,MENTIONS,2020_40
24467,MENTIONS,2020_40
24468,MENTIONS,2020_40
24469,MENTIONS,2020_40
24470,MENTIONS,2020_40
24471,MENTIONS,2020_40
24473,MENTIONS,2020_40
24474,MENTIONS,2002_12
24475,MENTIONS,2004_0
24475,MENTIONS,2020_40
24476,MENTIONS,2020_40
24478,MENTIONS,2020_40
24480,MENTIONS,2020_40
24482,MENTIONS,2020_40
24483,MENTIONS,2020_40
24484,MENTIONS,2002_12
24486,MENTIONS,2020_40
24487,MENTIONS,2020_40
24488,MENTIONS,2020_40
24492,MENTIONS,2002_12
24492,MENTIONS,2020_40
24492,MENTIONS,2022_38
24500,MENTIONS,2017_0
24500,MENTIONS,2019_9
24500,MENTIONS,2020_29
24500,MENTIONS,2021_1
24502,MENTIONS,2015_7
24516,MENTIONS,2014_0
24528,MENTIONS,2002_3
24530,MENTIONS,2014_0
24530,MENTIONS,2022_5
24557,MENTIONS,2002_12
24559,MENTIONS,2015_7
24571,MENTIONS,2022_5
24597,MENTIONS,2001_8
24598,MENTIONS,2007_2
24601,MENTIONS,2020_40
24603,MENTIONS,2009_0
24603,MENTIONS,2021_39
24604,MENTIONS,2009_0
24605,MENTIONS,2020_40
24615,MENTIONS,2002_3
24615,MENTIONS,2006_4
24615,MENTIONS,2022_9
24625,MENTIONS,2020_40
24628,MENTIONS,2020_40
24631,MENTIONS,2002_3
24631,MENTIONS,2022_9
24638,MENTIONS,2022_39
24641,MENTIONS,2022_5
24649,MENTIONS,2022_5
24650,MENTIONS,2022_39
24654,MENTIONS,2008_3
24664,MENTIONS,2013_10
24666,MENTIONS,2017_8
24670,MENTIONS,2020_40
24693,MENTIONS,2016_7
24703,MENTIONS,2020_40
24713,MENTIONS,2020_40
24714,MENTIONS,2020_40
24731,MENTIONS,2012_4
24737,MENTIONS,2022_5
24741,MENTIONS,2002_12
24742,MENTIONS,2020_40
24780,MENTIONS,2020_40
24790,MENTIONS,2014_0
24814,MENTIONS,2022_5
24824,MENTIONS,2022_5
24825,MENTIONS,2014_0
24825,MENTIONS,2020_40
24825,MENTIONS,2022_5
24826,MENTIONS,2014_0
24829,MENTIONS,2014_0
24829,MENTIONS,2022_5
24852,MENTIONS,2013_8
24853,MENTIONS,2015_5
24859,MENTIONS,2005_12
24863,MENTIONS,2011_7
24869,MENTIONS,2011_6
24872,MENTIONS,2011_6
24874,MENTIONS,2022_5
24877,MENTIONS,2022_29
24883,MENTIONS,2020_40
24883,MENTIONS,2022_5
24887,MENTIONS,2009_0
24889,MENTIONS,2009_0
24891,MENTIONS,2009_0
24892,MENTIONS,2009_0
24893,MENTIONS,2009_0
24904,MENTIONS,2009_0
24909,MENTIONS,2009_0
24912,MENTIONS,2022_35
24913,MENTIONS,2009_0
24914,MENTIONS,2022_35
24917,MENTIONS,2009_0
24920,MENTIONS,2009_0
24923,MENTIONS,2009_0
24924,MENTIONS,2009_0
24930,MENTIONS,2009_0
24936,MENTIONS,2009_0
24937,MENTIONS,2006_4
24937,MENTIONS,2022_9
24939,MENTIONS,2022_5
25021,MENTIONS,2020_40
25023,MENTIONS,2001_6
25034,MENTIONS,2005_12
25036,MENTIONS,2020_40
25036,MENTIONS,2022_5
25045,MENTIONS,2015_3
25063,MENTIONS,2022_5
25087,MENTIONS,2021_15
25095,MENTIONS,2016_7
25104,MENTIONS,2022_5
25105,MENTIONS,2022_5
25118,MENTIONS,2012_4
25155,MENTIONS,2022_4
25164,MENTIONS,2022_9
25165,MENTIONS,2010_4
25172,MENTIONS,2014_0
25172,MENTIONS,2022_5
25174,MENTIONS,2020_40
25194,MENTIONS,2018_4
25199,MENTIONS,2014_0
25199,MENTIONS,2022_5
25203,MENTIONS,2022_5
25251,MENTIONS,2020_40
25253,MENTIONS,2001_8
25253,MENTIONS,2020_40
25254,MENTIONS,2001_8
25255,MENTIONS,2002_12
25258,MENTIONS,2001_6
25258,MENTIONS,2020_1
25261,MENTIONS,2016_7
25263,MENTIONS,2020_40
25264,MENTIONS,2002_12
25264,MENTIONS,2020_40
25265,MENTIONS,2020_40
25268,MENTIONS,2020_40
25269,MENTIONS,2020_40
25271,MENTIONS,2016_7
25283,MENTIONS,2020_40
25284,MENTIONS,2020_1
25285,MENTIONS,2020_40
25288,MENTIONS,2020_40
25290,MENTIONS,2001_8
25291,MENTIONS,2020_16
25297,MENTIONS,2002_12
25297,MENTIONS,2020_40
25303,MENTIONS,2020_40
25308,MENTIONS,2020_40
25310,MENTIONS,2001_8
25315,MENTIONS,2020_40
25316,MENTIONS,2020_40
25318,MENTIONS,2020_40
25319,MENTIONS,2002_12
25319,MENTIONS,2020_40
25322,MENTIONS,2020_40
25328,MENTIONS,2020_40
25329,MENTIONS,2022_5
25337,MENTIONS,2020_40
25343,MENTIONS,2020_40
25345,MENTIONS,2019_9
25347,MENTIONS,2019_9
25351,MENTIONS,2016_7
25355,MENTIONS,2022_21
25357,MENTIONS,2020_40
25376,MENTIONS,2020_40
25393,MENTIONS,2020_40
25394,MENTIONS,2016_11
25395,MENTIONS,2001_8
25401,MENTIONS,2020_40
25424,MENTIONS,2022_5
25431,MENTIONS,2022_39
25432,MENTIONS,2022_39
25433,MENTIONS,2022_39
25463,MENTIONS,2020_40
25478,MENTIONS,2022_5
25479,MENTIONS,2022_39
25498,MENTIONS,2016_7
25499,MENTIONS,2016_7
25502,MENTIONS,2017_0
25511,MENTIONS,2016_7
25540,MENTIONS,2016_7
25546,MENTIONS,2016_11
25560,MENTIONS,2003_2
25566,MENTIONS,2022_39
25567,MENTIONS,2022_5
25570,MENTIONS,2014_0
25570,MENTIONS,2022_5
25573,MENTIONS,2014_0
25573,MENTIONS,2022_5
25600,MENTIONS,2003_2
25600,MENTIONS,2006_3
25611,MENTIONS,2003_2
25615,MENTIONS,2003_2
25615,MENTIONS,2006_3
25618,MENTIONS,2006_3
25623,MENTIONS,2003_2
25631,MENTIONS,2016_11
25635,MENTIONS,2006_3
25643,MENTIONS,2003_2
25644,MENTIONS,2003_2
25662,MENTIONS,2001_7
25664,MENTIONS,2003_2
25668,MENTIONS,2017_0
25677,MENTIONS,2021_24
25677,MENTIONS,2023_23
25678,MENTIONS,2001_7
25678,MENTIONS,2017_0
25679,MENTIONS,2006_3
25679,MENTIONS,2008_4
25679,MENTIONS,2013_8
25681,MENTIONS,2017_0
25689,MENTIONS,2022_5
25690,MENTIONS,2021_24
25690,MENTIONS,2023_0
25697,MENTIONS,2016_11
25697,MENTIONS,2017_0
25718,MENTIONS,2023_23
25721,MENTIONS,2014_0
25721,MENTIONS,2022_5
25737,MENTIONS,2016_6
25740,MENTIONS,2020_40
25741,MENTIONS,2017_8
25743,MENTIONS,2020_40
25744,MENTIONS,2020_40
25755,MENTIONS,2020_40
25762,MENTIONS,2020_40
25770,MENTIONS,2020_40
25792,MENTIONS,2020_29
25799,MENTIONS,2020_29
25801,MENTIONS,2005_12
25810,MENTIONS,2022_5
25820,MENTIONS,2020_40
25821,MENTIONS,2001_12
25833,MENTIONS,2022_39
25834,MENTIONS,2018_1
25835,MENTIONS,2022_5
25845,MENTIONS,2020_40
25850,MENTIONS,2020_40
25853,MENTIONS,2020_40
25855,MENTIONS,2020_40
25871,MENTIONS,2022_5
25882,MENTIONS,2016_3
25887,MENTIONS,2016_7
25908,MENTIONS,2002_11
25908,MENTIONS,2014_0
25908,MENTIONS,2015_6
25908,MENTIONS,2022_5
25909,MENTIONS,2014_0
25909,MENTIONS,2022_5
25911,MENTIONS,2020_40
25925,MENTIONS,2014_0
25925,MENTIONS,2022_5
25926,MENTIONS,2022_5
25969,MENTIONS,2022_5
25972,MENTIONS,2022_5
26000,MENTIONS,2012_9
26000,MENTIONS,2018_0
26002,MENTIONS,2016_1
26002,MENTIONS,2022_39
26017,MENTIONS,2022_39
26019,MENTIONS,2002_3
26022,MENTIONS,2009_0
26023,MENTIONS,2020_34
26026,MENTIONS,2002_12
26026,MENTIONS,2020_40
26027,MENTIONS,2006_8
26029,MENTIONS,2022_39
26034,MENTIONS,2022_39
26036,MENTIONS,2020_29
26037,MENTIONS,2008_3
26040,MENTIONS,2012_0
26040,MENTIONS,2014_0
26047,MENTIONS,2002_3
26048,MENTIONS,2002_3
26050,MENTIONS,2002_3
26053,MENTIONS,2002_12
26053,MENTIONS,2020_40
26064,MENTIONS,2022_39
26080,MENTIONS,2022_39
26081,MENTIONS,2020_40
26114,MENTIONS,2022_39
26146,MENTIONS,2008_3
26146,MENTIONS,2017_0
26146,MENTIONS,2020_29
26155,MENTIONS,2014_0
26181,MENTIONS,2022_5
26203,MENTIONS,2009_4
26218,MENTIONS,2022_5
26219,MENTIONS,2022_5
26220,MENTIONS,2002_12
26220,MENTIONS,2020_40
26250,MENTIONS,2006_8
26253,MENTIONS,2014_0
26253,MENTIONS,2022_5
26257,MENTIONS,2020_40
26261,MENTIONS,2020_8
26277,MENTIONS,2002_12
26277,MENTIONS,2020_40
26289,MENTIONS,2020_40
26294,MENTIONS,2022_29
26297,MENTIONS,2020_40
26313,MENTIONS,2020_40
26337,MENTIONS,2022_29
26340,MENTIONS,2022_29
26355,MENTIONS,2014_0
26355,MENTIONS,2022_5
26370,MENTIONS,2022_5
26371,MENTIONS,2020_8
26374,MENTIONS,2009_4
26376,MENTIONS,2009_4
26381,MENTIONS,2020_11
26394,MENTIONS,2009_4
26434,MENTIONS,2022_39
26453,MENTIONS,2002_12
26475,MENTIONS,2020_40
26479,MENTIONS,2017_0
26541,MENTIONS,2020_40
26553,MENTIONS,2020_40
26558,MENTIONS,2020_40
26571,MENTIONS,2006_4
26574,MENTIONS,2021_33
26577,MENTIONS,2009_0
26579,MENTIONS,2002_12
26579,MENTIONS,2020_40
26590,MENTIONS,2009_0
26599,MENTIONS,2022_39
26600,MENTIONS,2020_40
26618,MENTIONS,2020_40
26619,MENTIONS,2022_39
26637,MENTIONS,2009_0
26638,MENTIONS,2009_0
26641,MENTIONS,2009_0
26644,MENTIONS,2020_40
26647,MENTIONS,2020_19
26656,MENTIONS,2002_3
26656,MENTIONS,2006_4
26656,MENTIONS,2022_9
26662,MENTIONS,2022_9
26694,MENTIONS,2001_12
26725,MENTIONS,2020_40
26728,MENTIONS,2016_11
26765,MENTIONS,2020_29
26767,MENTIONS,2020_29
26784,MENTIONS,2020_40
26790,MENTIONS,2020_40
26804,MENTIONS,2022_39
26806,MENTIONS,2022_39
26825,MENTIONS,2005_12
26827,MENTIONS,2016_2
26832,MENTIONS,2002_12
26832,MENTIONS,2020_40
26856,MENTIONS,2014_0
26856,MENTIONS,2022_5
26857,MENTIONS,2016_11
26871,MENTIONS,2020_40
26879,MENTIONS,2002_12
26879,MENTIONS,2020_40
26892,MENTIONS,2020_40
26902,MENTIONS,2002_12
26902,MENTIONS,2020_40
26905,MENTIONS,2020_40
26913,MENTIONS,2022_39
26931,MENTIONS,2020_34
26954,MENTIONS,2022_39
26964,MENTIONS,2009_0
26997,MENTIONS,2022_39
27001,MENTIONS,2016_11
27040,MENTIONS,2008_3
27044,MENTIONS,2016_11
27050,MENTIONS,2014_0
27053,MENTIONS,2016_7
27061,MENTIONS,2016_11
27063,MENTIONS,2001_2
27064,MENTIONS,2018_1
27065,MENTIONS,2008_3
27065,MENTIONS,2012_5
27065,MENTIONS,2016_11
27066,MENTIONS,2016_7
27069,MENTIONS,2011_7
27070,MENTIONS,2017_6
27073,MENTIONS,2017_6
27075,MENTIONS,2018_1
27084,MENTIONS,2003_2
27084,MENTIONS,2006_3
27087,MENTIONS,2001_2
27087,MENTIONS,2016_7
27087,MENTIONS,2017_0
27095,MENTIONS,2016_7
27097,MENTIONS,2016_11
27109,MENTIONS,2014_0
27113,MENTIONS,2016_11
27115,MENTIONS,2009_0
27118,MENTIONS,2020_40
27126,MENTIONS,2013_8
27128,MENTIONS,2016_11
27128,MENTIONS,2017_0
27142,MENTIONS,2019_5
27155,MENTIONS,2016_7
27164,MENTIONS,2016_7
27170,MENTIONS,2020_40
